2026-01-09 03:03:44,031 - cmt.retry - WARNING - wrapper:58 - _connect_to_f5 attempt 1/3 failed: 401 Unexpected Error: F5 Authorization Required for uri: https://10.119.34.9:443/mgmt/shared/authn/login
Text: '{"code":401,"message":"Authentication failed.","referer":"10.119.17.4","restOperationId":139508859,"kind":":resterrorresponse"}'. Retrying in 2.0s...
2026-01-09 03:03:50,954 - cmt.retry - WARNING - wrapper:58 - _connect_to_f5 attempt 2/3 failed: 401 Unexpected Error: F5 Authorization Required for uri: https://10.119.34.9:443/mgmt/shared/authn/login
Text: '{"code":401,"message":"Authentication failed.","referer":"10.119.17.4","restOperationId":139509359,"kind":":resterrorresponse"}'. Retrying in 4.0s...
2026-01-09 03:03:57,373 - cmt.retry - ERROR - wrapper:47 - _connect_to_f5 failed after 3 attempts: 401 Unexpected Error: F5 Authorization Required for uri: https://10.119.34.9:443/mgmt/shared/authn/login
Text: '{"code":401,"message":"Maximum number of login attempts exceeded.","referer":"10.119.17.4","restOperationId":139509600,"kind":":resterrorresponse"}'
2026-01-09 03:04:34,872 - cmt.retry - WARNING - wrapper:58 - _connect_to_f5 attempt 1/3 failed: SSL/TLS handshake failed with 10.132.3.253. This device may: (1) Only support older TLS versions (1.0/1.1), (2) Have incompatible cipher suites, or (3) Have certificate issues. Try accessing via browser to verify HTTPS works.. Retrying in 2.0s...
2026-01-09 03:05:18,340 - cmt.retry - WARNING - wrapper:58 - _connect_to_f5 attempt 2/3 failed: SSL/TLS handshake failed with 10.132.3.253. This device may: (1) Only support older TLS versions (1.0/1.1), (2) Have incompatible cipher suites, or (3) Have certificate issues. Try accessing via browser to verify HTTPS works.. Retrying in 4.0s...
2026-01-09 03:05:57,860 - cmt.retry - ERROR - wrapper:47 - _connect_to_f5 failed after 3 attempts: SSL/TLS handshake failed with 10.132.3.253. This device may: (1) Only support older TLS versions (1.0/1.1), (2) Have incompatible cipher suites, or (3) Have certificate issues. Try accessing via browser to verify HTTPS works.
2026-01-12 16:25:07,016 - cmt.main - INFO - <module>:102 - Password hashing self-test passed
2026-01-12 16:27:33,130 - cmt.main - INFO - <module>:102 - Password hashing self-test passed
2026-01-12 16:32:54,999 - cmt.main - INFO - <module>:102 - Password hashing self-test passed
2026-01-12 16:33:49,550 - cmt.websocket - INFO - connect:49 - WebSocket connected (user_id=1). Total: 1
2026-01-12 16:33:49,561 - cmt.websocket - INFO - websocket_notifications:276 - Notification WebSocket disconnected (user_id=1)
2026-01-12 16:33:49,570 - cmt.websocket - INFO - disconnect:62 - WebSocket disconnected. Total: 0
2026-01-12 16:33:49,575 - cmt.websocket - INFO - connect:49 - WebSocket connected (user_id=1). Total: 1
2026-01-12 16:33:52,565 - cmt.websocket - INFO - connect:49 - WebSocket connected (user_id=1). Total: 2
2026-01-12 16:34:04,989 - cmt.websocket - INFO - connect:49 - WebSocket connected (user_id=None). Total: 3
2026-01-12 16:34:05,009 - cmt.websocket - INFO - connect:49 - WebSocket connected (user_id=None). Total: 4
2026-01-12 16:34:05,063 - cmt.websocket - INFO - websocket_devices:188 - WebSocket client disconnected normally
2026-01-12 16:34:05,064 - cmt.websocket - INFO - disconnect:62 - WebSocket disconnected. Total: 3
2026-01-12 16:34:08,065 - cmt.websocket - INFO - connect:49 - WebSocket connected (user_id=None). Total: 4
2026-01-12 16:34:08,066 - cmt.websocket - INFO - websocket_devices:188 - WebSocket client disconnected normally
2026-01-12 16:34:08,067 - cmt.websocket - INFO - disconnect:62 - WebSocket disconnected. Total: 3
2026-01-12 16:34:11,067 - cmt.websocket - INFO - websocket_devices:188 - WebSocket client disconnected normally
2026-01-12 16:34:11,068 - cmt.websocket - INFO - disconnect:62 - WebSocket disconnected. Total: 2
2026-01-12 16:34:11,069 - cmt.websocket - INFO - connect:49 - WebSocket connected (user_id=None). Total: 3
2026-01-12 16:34:14,070 - cmt.websocket - INFO - websocket_devices:188 - WebSocket client disconnected normally
2026-01-12 16:34:14,071 - cmt.websocket - INFO - disconnect:62 - WebSocket disconnected. Total: 2
2026-01-12 16:34:14,072 - cmt.websocket - INFO - connect:49 - WebSocket connected (user_id=None). Total: 3
2026-01-12 16:34:17,075 - cmt.websocket - INFO - connect:49 - WebSocket connected (user_id=None). Total: 4
2026-01-12 16:34:17,076 - cmt.websocket - INFO - websocket_devices:188 - WebSocket client disconnected normally
2026-01-12 16:34:17,076 - cmt.websocket - INFO - disconnect:62 - WebSocket disconnected. Total: 3
2026-01-12 16:34:19,150 - cmt.websocket - INFO - websocket_devices:188 - WebSocket client disconnected normally
2026-01-12 16:34:19,150 - cmt.websocket - INFO - disconnect:62 - WebSocket disconnected. Total: 2
2026-01-12 16:34:55,404 - cmt.websocket - INFO - connect:49 - WebSocket connected (user_id=None). Total: 3
2026-01-12 16:34:55,414 - cmt.websocket - INFO - websocket_devices:188 - WebSocket client disconnected normally
2026-01-12 16:34:55,415 - cmt.websocket - INFO - disconnect:62 - WebSocket disconnected. Total: 2
2026-01-12 16:34:55,429 - cmt.websocket - INFO - connect:49 - WebSocket connected (user_id=None). Total: 3
2026-01-12 16:34:56,438 - cmt.websocket - INFO - websocket_devices:188 - WebSocket client disconnected normally
2026-01-12 16:34:56,439 - cmt.websocket - INFO - disconnect:62 - WebSocket disconnected. Total: 2
2026-01-12 16:34:59,488 - cmt.websocket - INFO - connect:49 - WebSocket connected (user_id=None). Total: 3
2026-01-12 16:34:59,496 - cmt.websocket - INFO - websocket_devices:188 - WebSocket client disconnected normally
2026-01-12 16:34:59,496 - cmt.websocket - INFO - disconnect:62 - WebSocket disconnected. Total: 2
2026-01-12 16:34:59,504 - cmt.websocket - INFO - connect:49 - WebSocket connected (user_id=None). Total: 3
2026-01-12 16:35:06,576 - cmt.websocket - INFO - connect:49 - WebSocket connected (user_id=None). Total: 4
2026-01-12 16:35:06,578 - cmt.websocket - INFO - websocket_devices:188 - WebSocket client disconnected normally
2026-01-12 16:35:06,578 - cmt.websocket - INFO - disconnect:62 - WebSocket disconnected. Total: 3
2026-01-12 16:35:06,592 - cmt.websocket - INFO - connect:49 - WebSocket connected (user_id=None). Total: 4
2026-01-12 16:35:06,622 - cmt.websocket - INFO - websocket_devices:188 - WebSocket client disconnected normally
2026-01-12 16:35:06,622 - cmt.websocket - INFO - disconnect:62 - WebSocket disconnected. Total: 3
2026-01-12 16:35:07,990 - cmt.websocket - INFO - websocket_devices:188 - WebSocket client disconnected normally
2026-01-12 16:35:07,990 - cmt.websocket - INFO - disconnect:62 - WebSocket disconnected. Total: 2
2026-01-12 16:40:53,759 - cmt.websocket - INFO - connect:49 - WebSocket connected (user_id=None). Total: 3
2026-01-12 16:40:53,778 - cmt.websocket - INFO - connect:49 - WebSocket connected (user_id=None). Total: 4
2026-01-12 16:40:53,812 - cmt.websocket - INFO - websocket_devices:188 - WebSocket client disconnected normally
2026-01-12 16:40:53,813 - cmt.websocket - INFO - disconnect:62 - WebSocket disconnected. Total: 3
2026-01-12 16:40:56,860 - cmt.websocket - INFO - connect:49 - WebSocket connected (user_id=None). Total: 4
2026-01-12 16:40:56,861 - cmt.websocket - INFO - websocket_devices:188 - WebSocket client disconnected normally
2026-01-12 16:40:56,861 - cmt.websocket - INFO - disconnect:62 - WebSocket disconnected. Total: 3
2026-01-12 16:40:59,945 - cmt.websocket - INFO - connect:49 - WebSocket connected (user_id=None). Total: 4
2026-01-12 16:40:59,946 - cmt.websocket - INFO - websocket_devices:188 - WebSocket client disconnected normally
2026-01-12 16:40:59,950 - cmt.websocket - INFO - disconnect:62 - WebSocket disconnected. Total: 3
2026-01-12 16:41:02,955 - cmt.websocket - INFO - connect:49 - WebSocket connected (user_id=None). Total: 4
2026-01-12 16:41:02,959 - cmt.websocket - INFO - websocket_devices:188 - WebSocket client disconnected normally
2026-01-12 16:41:02,960 - cmt.websocket - INFO - disconnect:62 - WebSocket disconnected. Total: 3
2026-01-12 16:41:05,958 - cmt.websocket - INFO - connect:49 - WebSocket connected (user_id=None). Total: 4
2026-01-12 16:41:05,960 - cmt.websocket - INFO - websocket_devices:188 - WebSocket client disconnected normally
2026-01-12 16:41:05,961 - cmt.websocket - INFO - disconnect:62 - WebSocket disconnected. Total: 3
2026-01-12 16:41:08,965 - cmt.websocket - INFO - connect:49 - WebSocket connected (user_id=None). Total: 4
2026-01-12 16:41:08,967 - cmt.websocket - INFO - websocket_devices:188 - WebSocket client disconnected normally
2026-01-12 16:41:08,968 - cmt.websocket - INFO - disconnect:62 - WebSocket disconnected. Total: 3
2026-01-12 16:41:11,965 - cmt.websocket - INFO - websocket_devices:188 - WebSocket client disconnected normally
2026-01-12 16:41:11,966 - cmt.websocket - INFO - disconnect:62 - WebSocket disconnected. Total: 2
2026-01-12 16:41:11,967 - cmt.websocket - INFO - connect:49 - WebSocket connected (user_id=None). Total: 3
2026-01-12 16:41:14,972 - cmt.websocket - INFO - connect:49 - WebSocket connected (user_id=None). Total: 4
2026-01-12 16:41:14,974 - cmt.websocket - INFO - websocket_devices:188 - WebSocket client disconnected normally
2026-01-12 16:41:14,975 - cmt.websocket - INFO - disconnect:62 - WebSocket disconnected. Total: 3
2026-01-12 16:41:17,974 - cmt.websocket - INFO - connect:49 - WebSocket connected (user_id=None). Total: 4
2026-01-12 16:41:17,975 - cmt.websocket - INFO - websocket_devices:188 - WebSocket client disconnected normally
2026-01-12 16:41:17,976 - cmt.websocket - INFO - disconnect:62 - WebSocket disconnected. Total: 3
2026-01-12 16:41:20,977 - cmt.websocket - INFO - websocket_devices:188 - WebSocket client disconnected normally
2026-01-12 16:41:20,978 - cmt.websocket - INFO - disconnect:62 - WebSocket disconnected. Total: 2
2026-01-12 16:41:20,980 - cmt.websocket - INFO - connect:49 - WebSocket connected (user_id=None). Total: 3
2026-01-12 16:41:22,672 - cmt.f5 - INFO - _connect_to_f5:348 - Successfully connected to F5: 10.119.8.82
2026-01-12 16:41:22,673 - cmt.f5 - INFO - _perform_scan:412 - Scanning certificates on F5 device usdc02-fab1-lb-001-black.network.axadmin.net (10.119.8.82)
2026-01-12 16:41:23,564 - cmt.f5 - INFO - _connect_to_f5:348 - Successfully connected to F5: 10.119.24.91
2026-01-12 16:41:23,566 - cmt.f5 - INFO - _perform_scan:412 - Scanning certificates on F5 device eudc02-lb-002-test.network.axadmin.net (10.119.24.91)
2026-01-12 16:41:23,593 - cmt.f5 - INFO - _connect_to_f5:348 - Successfully connected to F5: 10.119.16.81
2026-01-12 16:41:23,594 - cmt.f5 - INFO - _perform_scan:412 - Scanning certificates on F5 device eudc01-lb-002-blue.network.axadmin.net (10.119.16.81)
2026-01-12 16:41:23,639 - cmt.f5 - INFO - _connect_to_f5:348 - Successfully connected to F5: 10.119.16.89
2026-01-12 16:41:23,641 - cmt.f5 - INFO - _perform_scan:412 - Scanning certificates on F5 device eudc01-lb-002-nonprod.network.axadmin.net (10.119.16.89)
2026-01-12 16:41:23,981 - cmt.websocket - INFO - connect:49 - WebSocket connected (user_id=None). Total: 4
2026-01-12 16:41:23,982 - cmt.websocket - INFO - websocket_devices:188 - WebSocket client disconnected normally
2026-01-12 16:41:23,983 - cmt.websocket - INFO - disconnect:62 - WebSocket disconnected. Total: 3
2026-01-12 16:41:25,547 - cmt.f5 - INFO - _perform_scan:519 - Removing orphan certificate '2023-audatex.com' from DB (no longer exists on F5)
2026-01-12 16:41:25,548 - cmt.f5 - INFO - _perform_scan:524 - Removed 1 orphan certificates from DB for eudc02-lb-002-test.network.axadmin.net
2026-01-12 16:41:26,598 - cmt.f5 - INFO - _connect_to_f5:348 - Successfully connected to F5: 10.119.8.86
2026-01-12 16:41:26,600 - cmt.f5 - INFO - _perform_scan:412 - Scanning certificates on F5 device usdc02-fab1-lb-001-grpur.network.axadmin.net (10.119.8.86)
2026-01-12 16:41:26,985 - cmt.websocket - INFO - connect:49 - WebSocket connected (user_id=None). Total: 4
2026-01-12 16:41:26,986 - cmt.websocket - INFO - websocket_devices:188 - WebSocket client disconnected normally
2026-01-12 16:41:26,987 - cmt.websocket - INFO - disconnect:62 - WebSocket disconnected. Total: 3
2026-01-12 16:41:29,990 - cmt.websocket - INFO - websocket_devices:188 - WebSocket client disconnected normally
2026-01-12 16:41:29,990 - cmt.websocket - INFO - disconnect:62 - WebSocket disconnected. Total: 2
2026-01-12 16:41:29,991 - cmt.websocket - INFO - connect:49 - WebSocket connected (user_id=None). Total: 3
2026-01-12 16:41:32,996 - cmt.websocket - INFO - connect:49 - WebSocket connected (user_id=None). Total: 4
2026-01-12 16:41:32,998 - cmt.websocket - INFO - websocket_devices:188 - WebSocket client disconnected normally
2026-01-12 16:41:32,999 - cmt.websocket - INFO - disconnect:62 - WebSocket disconnected. Total: 3
2026-01-12 16:41:33,386 - cmt.f5 - INFO - _perform_scan:535 - Database commit successful for usdc02-fab1-lb-001-grpur.network.axadmin.net
2026-01-12 16:41:33,387 - cmt.f5 - INFO - _perform_scan:537 - Scan complete for usdc02-fab1-lb-001-grpur.network.axadmin.net. Certs - New: 1, Updated: 43, Removed: 0. Facts refreshed: 0 field(s).
2026-01-12 16:41:34,504 - cmt.f5 - INFO - _connect_to_f5:348 - Successfully connected to F5: 10.119.0.89
2026-01-12 16:41:34,505 - cmt.f5 - INFO - _perform_scan:412 - Scanning certificates on F5 device USDC01-LB02-BLUENP-SEC.solera.farm (10.119.0.89)
2026-01-12 16:41:36,011 - cmt.websocket - INFO - websocket_devices:188 - WebSocket client disconnected normally
2026-01-12 16:41:36,014 - cmt.websocket - INFO - disconnect:62 - WebSocket disconnected. Total: 2
2026-01-12 16:41:36,018 - cmt.websocket - INFO - connect:49 - WebSocket connected (user_id=None). Total: 3
2026-01-12 16:41:37,462 - cmt.f5 - INFO - _perform_scan:519 - Removing orphan certificate 'star.hollanderstores.com_2025' from DB (no longer exists on F5)
2026-01-12 16:41:37,463 - cmt.f5 - INFO - _perform_scan:519 - Removing orphan certificate 'star.hqclaims.com_2026' from DB (no longer exists on F5)
2026-01-12 16:41:37,464 - cmt.f5 - INFO - _perform_scan:519 - Removing orphan certificate 'star.hyperquest.com_2026' from DB (no longer exists on F5)
2026-01-12 16:41:37,464 - cmt.f5 - INFO - _perform_scan:524 - Removed 3 orphan certificates from DB for USDC01-LB02-BLUENP-SEC.solera.farm
2026-01-12 16:41:38,530 - cmt.f5 - INFO - _connect_to_f5:348 - Successfully connected to F5: 10.119.8.83
2026-01-12 16:41:38,530 - cmt.f5 - INFO - _perform_scan:412 - Scanning certificates on F5 device usdc02-fab1-lb-002-black.network.axadmin.net (10.119.8.83)
2026-01-12 16:41:39,003 - cmt.websocket - INFO - websocket_devices:188 - WebSocket client disconnected normally
2026-01-12 16:41:39,004 - cmt.websocket - INFO - disconnect:62 - WebSocket disconnected. Total: 2
2026-01-12 16:41:39,004 - cmt.websocket - INFO - connect:49 - WebSocket connected (user_id=None). Total: 3
2026-01-12 16:41:41,635 - cmt.f5 - INFO - _perform_scan:535 - Database commit successful for usdc02-fab1-lb-001-black.network.axadmin.net
2026-01-12 16:41:41,636 - cmt.f5 - INFO - _perform_scan:537 - Scan complete for usdc02-fab1-lb-001-black.network.axadmin.net. Certs - New: 1, Updated: 146, Removed: 0. Facts refreshed: 0 field(s).
2026-01-12 16:41:42,010 - cmt.websocket - INFO - connect:49 - WebSocket connected (user_id=None). Total: 4
2026-01-12 16:41:42,012 - cmt.websocket - INFO - websocket_devices:188 - WebSocket client disconnected normally
2026-01-12 16:41:42,013 - cmt.websocket - INFO - disconnect:62 - WebSocket disconnected. Total: 3
2026-01-12 16:41:42,869 - cmt.f5 - INFO - _connect_to_f5:348 - Successfully connected to F5: 10.119.8.87
2026-01-12 16:41:42,870 - cmt.f5 - INFO - _perform_scan:412 - Scanning certificates on F5 device usdc02-fab1-lb-002-grpur.network.axadmin.net (10.119.8.87)
2026-01-12 16:41:45,016 - cmt.websocket - INFO - connect:49 - WebSocket connected (user_id=None). Total: 4
2026-01-12 16:41:45,018 - cmt.websocket - INFO - websocket_devices:188 - WebSocket client disconnected normally
2026-01-12 16:41:45,018 - cmt.websocket - INFO - disconnect:62 - WebSocket disconnected. Total: 3
2026-01-12 16:41:48,021 - cmt.websocket - INFO - connect:49 - WebSocket connected (user_id=None). Total: 4
2026-01-12 16:41:48,022 - cmt.websocket - INFO - websocket_devices:188 - WebSocket client disconnected normally
2026-01-12 16:41:48,023 - cmt.websocket - INFO - disconnect:62 - WebSocket disconnected. Total: 3
2026-01-12 16:41:48,095 - cmt.f5 - INFO - _perform_scan:535 - Database commit successful for usdc02-fab1-lb-002-grpur.network.axadmin.net
2026-01-12 16:41:48,096 - cmt.f5 - INFO - _perform_scan:537 - Scan complete for usdc02-fab1-lb-002-grpur.network.axadmin.net. Certs - New: 1, Updated: 43, Removed: 0. Facts refreshed: 0 field(s).
2026-01-12 16:41:48,493 - cmt.f5 - INFO - _perform_scan:535 - Database commit successful for eudc01-lb-002-blue.network.axadmin.net
2026-01-12 16:41:48,494 - cmt.f5 - INFO - _perform_scan:537 - Scan complete for eudc01-lb-002-blue.network.axadmin.net. Certs - New: 0, Updated: 116, Removed: 0. Facts refreshed: 0 field(s).
2026-01-12 16:41:49,195 - cmt.f5 - INFO - _perform_scan:519 - Removing orphan certificate 'star.int.audatex.com_20260701' from DB (no longer exists on F5)
2026-01-12 16:41:49,196 - cmt.f5 - INFO - _perform_scan:524 - Removed 1 orphan certificates from DB for eudc01-lb-002-nonprod.network.axadmin.net
2026-01-12 16:41:49,210 - cmt.f5 - INFO - _connect_to_f5:348 - Successfully connected to F5: 10.119.8.81
2026-01-12 16:41:49,210 - cmt.f5 - INFO - _perform_scan:412 - Scanning certificates on F5 device usdc02-fab1-lb-002-blue.network.axadmin.net (10.119.8.81)
2026-01-12 16:41:50,256 - cmt.f5 - INFO - _connect_to_f5:348 - Successfully connected to F5: 10.119.16.85
2026-01-12 16:41:50,257 - cmt.f5 - INFO - _perform_scan:412 - Scanning certificates on F5 device eudc01-lb-002-white.network.axadmin.net (10.119.16.85)
2026-01-12 16:41:50,898 - cmt.f5 - INFO - _connect_to_f5:348 - Successfully connected to F5: 10.119.16.87
2026-01-12 16:41:50,899 - cmt.f5 - INFO - _perform_scan:412 - Scanning certificates on F5 device eudc01-lb-002-greenpurple.network.axadmin.net (10.119.16.87)
2026-01-12 16:41:51,025 - cmt.websocket - INFO - connect:49 - WebSocket connected (user_id=None). Total: 4
2026-01-12 16:41:51,028 - cmt.websocket - INFO - websocket_devices:188 - WebSocket client disconnected normally
2026-01-12 16:41:51,028 - cmt.websocket - INFO - disconnect:62 - WebSocket disconnected. Total: 3
2026-01-12 16:41:54,028 - cmt.websocket - INFO - connect:49 - WebSocket connected (user_id=None). Total: 4
2026-01-12 16:41:54,029 - cmt.websocket - INFO - websocket_devices:188 - WebSocket client disconnected normally
2026-01-12 16:41:54,029 - cmt.websocket - INFO - disconnect:62 - WebSocket disconnected. Total: 3
2026-01-12 16:41:56,626 - cmt.f5 - INFO - _perform_scan:535 - Database commit successful for usdc02-fab1-lb-002-black.network.axadmin.net
2026-01-12 16:41:56,626 - cmt.f5 - INFO - _perform_scan:537 - Scan complete for usdc02-fab1-lb-002-black.network.axadmin.net. Certs - New: 1, Updated: 146, Removed: 0. Facts refreshed: 0 field(s).
2026-01-12 16:41:57,031 - cmt.websocket - INFO - websocket_devices:188 - WebSocket client disconnected normally
2026-01-12 16:41:57,031 - cmt.websocket - INFO - disconnect:62 - WebSocket disconnected. Total: 2
2026-01-12 16:41:57,032 - cmt.websocket - INFO - connect:49 - WebSocket connected (user_id=None). Total: 3
2026-01-12 16:41:57,920 - cmt.f5 - INFO - _connect_to_f5:348 - Successfully connected to F5: 192.168.52.186
2026-01-12 16:41:57,921 - cmt.f5 - INFO - _perform_scan:412 - Scanning certificates on F5 device na-oec-02-sag-test-01.mgmt.omnitracs.com (192.168.52.186)
2026-01-12 16:41:58,057 - cmt.f5 - INFO - _perform_scan:535 - Database commit successful for usdc02-fab1-lb-002-blue.network.axadmin.net
2026-01-12 16:41:58,058 - cmt.f5 - INFO - _perform_scan:537 - Scan complete for usdc02-fab1-lb-002-blue.network.axadmin.net. Certs - New: 0, Updated: 71, Removed: 0. Facts refreshed: 0 field(s).
2026-01-12 16:41:59,809 - cmt.f5 - INFO - _connect_to_f5:348 - Successfully connected to F5: 10.119.24.87
2026-01-12 16:41:59,809 - cmt.f5 - INFO - _perform_scan:412 - Scanning certificates on F5 device eudc02-lb-002-greenpurple.network.axadmin.net (10.119.24.87)
2026-01-12 16:41:59,891 - cmt.f5 - INFO - _perform_scan:535 - Database commit successful for eudc01-lb-002-greenpurple.network.axadmin.net
2026-01-12 16:41:59,891 - cmt.f5 - INFO - _perform_scan:537 - Scan complete for eudc01-lb-002-greenpurple.network.axadmin.net. Certs - New: 0, Updated: 40, Removed: 0. Facts refreshed: 0 field(s).
2026-01-12 16:42:00,035 - cmt.websocket - INFO - connect:49 - WebSocket connected (user_id=None). Total: 4
2026-01-12 16:42:00,035 - cmt.websocket - INFO - websocket_devices:188 - WebSocket client disconnected normally
2026-01-12 16:42:00,035 - cmt.websocket - INFO - disconnect:62 - WebSocket disconnected. Total: 3
2026-01-12 16:42:00,921 - cmt.f5 - INFO - _connect_to_f5:348 - Successfully connected to F5: 10.119.8.84
2026-01-12 16:42:00,922 - cmt.f5 - INFO - _perform_scan:412 - Scanning certificates on F5 device usdc02-fab1-lb-001-white.network.axadmin.net (10.119.8.84)
2026-01-12 16:42:03,040 - cmt.websocket - INFO - connect:49 - WebSocket connected (user_id=None). Total: 4
2026-01-12 16:42:03,043 - cmt.websocket - INFO - websocket_devices:188 - WebSocket client disconnected normally
2026-01-12 16:42:03,044 - cmt.websocket - INFO - disconnect:62 - WebSocket disconnected. Total: 3
2026-01-12 16:42:04,881 - cmt.f5 - INFO - _perform_scan:535 - Database commit successful for na-oec-02-sag-test-01.mgmt.omnitracs.com
2026-01-12 16:42:04,882 - cmt.f5 - INFO - _perform_scan:537 - Scan complete for na-oec-02-sag-test-01.mgmt.omnitracs.com. Certs - New: 0, Updated: 45, Removed: 0. Facts refreshed: 0 field(s).
2026-01-12 16:42:06,045 - cmt.websocket - INFO - connect:49 - WebSocket connected (user_id=None). Total: 4
2026-01-12 16:42:06,049 - cmt.websocket - INFO - websocket_devices:188 - WebSocket client disconnected normally
2026-01-12 16:42:06,050 - cmt.websocket - INFO - disconnect:62 - WebSocket disconnected. Total: 3
2026-01-12 16:42:06,229 - cmt.f5 - INFO - _connect_to_f5:348 - Successfully connected to F5: 192.168.52.184
2026-01-12 16:42:06,229 - cmt.f5 - INFO - _perform_scan:412 - Scanning certificates on F5 device na-oec-02-internal-acpt-02.mgmt.omnitracs.com (192.168.52.184)
2026-01-12 16:42:08,132 - cmt.f5 - INFO - _perform_scan:535 - Database commit successful for usdc02-fab1-lb-001-white.network.axadmin.net
2026-01-12 16:42:08,141 - cmt.f5 - INFO - _perform_scan:537 - Scan complete for usdc02-fab1-lb-001-white.network.axadmin.net. Certs - New: 0, Updated: 51, Removed: 0. Facts refreshed: 0 field(s).
2026-01-12 16:42:08,663 - cmt.f5 - INFO - _perform_scan:535 - Database commit successful for na-oec-02-internal-acpt-02.mgmt.omnitracs.com
2026-01-12 16:42:08,664 - cmt.f5 - INFO - _perform_scan:537 - Scan complete for na-oec-02-internal-acpt-02.mgmt.omnitracs.com. Certs - New: 0, Updated: 8, Removed: 0. Facts refreshed: 0 field(s).
2026-01-12 16:42:09,054 - cmt.websocket - INFO - connect:49 - WebSocket connected (user_id=None). Total: 4
2026-01-12 16:42:09,058 - cmt.websocket - INFO - websocket_devices:188 - WebSocket client disconnected normally
2026-01-12 16:42:09,059 - cmt.websocket - INFO - disconnect:62 - WebSocket disconnected. Total: 3
2026-01-12 16:42:09,231 - cmt.f5 - INFO - _connect_to_f5:348 - Successfully connected to F5: 192.168.13.35
2026-01-12 16:42:09,232 - cmt.f5 - INFO - _perform_scan:412 - Scanning certificates on F5 device dc1-apm-dev-01.mgmt.omnitracs.com (192.168.13.35)
2026-01-12 16:42:09,818 - cmt.f5 - INFO - _connect_to_f5:348 - Successfully connected to F5: 192.168.13.17
2026-01-12 16:42:09,819 - cmt.f5 - INFO - _perform_scan:412 - Scanning certificates on F5 device dc1-f5-xrs-prod-01.mgmt.omnitracs.com (192.168.13.17)
2026-01-12 16:42:11,250 - cmt.f5 - INFO - _perform_scan:535 - Database commit successful for dc1-apm-dev-01.mgmt.omnitracs.com
2026-01-12 16:42:11,253 - cmt.websocket - INFO - websocket_notifications:276 - Notification WebSocket disconnected (user_id=1)
2026-01-12 16:42:11,254 - cmt.f5 - INFO - _perform_scan:537 - Scan complete for dc1-apm-dev-01.mgmt.omnitracs.com. Certs - New: 0, Updated: 4, Removed: 0. Facts refreshed: 0 field(s).
2026-01-12 16:42:11,254 - cmt.websocket - INFO - disconnect:62 - WebSocket disconnected. Total: 2
2026-01-12 16:42:11,258 - cmt.websocket - INFO - websocket_devices:188 - WebSocket client disconnected normally
2026-01-12 16:42:11,258 - cmt.websocket - INFO - disconnect:62 - WebSocket disconnected. Total: 1
2026-01-12 16:42:11,259 - cmt.websocket - INFO - websocket_notifications:276 - Notification WebSocket disconnected (user_id=1)
2026-01-12 16:42:11,260 - cmt.websocket - INFO - disconnect:62 - WebSocket disconnected. Total: 0
2026-01-12 16:42:34,636 - cmt.main - INFO - <module>:102 - Password hashing self-test passed
2026-01-12 16:42:38,473 - cmt.websocket - INFO - connect:49 - WebSocket connected (user_id=1). Total: 1
2026-01-12 16:42:38,474 - cmt.websocket - INFO - websocket_notifications:276 - Notification WebSocket disconnected (user_id=1)
2026-01-12 16:42:38,474 - cmt.websocket - INFO - disconnect:62 - WebSocket disconnected. Total: 0
2026-01-12 16:42:38,480 - cmt.websocket - INFO - connect:49 - WebSocket connected (user_id=1). Total: 1
2026-01-12 16:42:38,519 - cmt.websocket - INFO - connect:49 - WebSocket connected (user_id=None). Total: 2
2026-01-12 16:42:41,262 - cmt.websocket - INFO - connect:49 - WebSocket connected (user_id=1). Total: 3
2026-01-12 16:42:41,266 - cmt.websocket - INFO - websocket_devices:188 - WebSocket client disconnected normally
2026-01-12 16:42:41,267 - cmt.websocket - INFO - disconnect:62 - WebSocket disconnected. Total: 2
2026-01-12 16:42:41,283 - cmt.websocket - INFO - connect:49 - WebSocket connected (user_id=None). Total: 3
2026-01-12 16:42:44,264 - cmt.websocket - INFO - connect:49 - WebSocket connected (user_id=None). Total: 4
2026-01-12 16:42:44,267 - cmt.websocket - INFO - websocket_devices:188 - WebSocket client disconnected normally
2026-01-12 16:42:44,269 - cmt.websocket - INFO - disconnect:62 - WebSocket disconnected. Total: 3
2026-01-12 16:42:47,266 - cmt.websocket - INFO - connect:49 - WebSocket connected (user_id=None). Total: 4
2026-01-12 16:42:47,268 - cmt.websocket - INFO - websocket_devices:188 - WebSocket client disconnected normally
2026-01-12 16:42:47,268 - cmt.websocket - INFO - disconnect:62 - WebSocket disconnected. Total: 3
2026-01-12 16:42:50,271 - cmt.websocket - INFO - connect:49 - WebSocket connected (user_id=None). Total: 4
2026-01-12 16:42:50,273 - cmt.websocket - INFO - websocket_devices:188 - WebSocket client disconnected normally
2026-01-12 16:42:50,273 - cmt.websocket - INFO - disconnect:62 - WebSocket disconnected. Total: 3
2026-01-12 16:42:53,284 - cmt.websocket - INFO - connect:49 - WebSocket connected (user_id=None). Total: 4
2026-01-12 16:42:53,287 - cmt.websocket - INFO - websocket_devices:188 - WebSocket client disconnected normally
2026-01-12 16:42:53,289 - cmt.websocket - INFO - disconnect:62 - WebSocket disconnected. Total: 3
2026-01-12 16:42:56,287 - cmt.websocket - INFO - websocket_devices:188 - WebSocket client disconnected normally
2026-01-12 16:42:56,287 - cmt.websocket - INFO - disconnect:62 - WebSocket disconnected. Total: 2
2026-01-12 16:42:56,288 - cmt.websocket - INFO - connect:49 - WebSocket connected (user_id=None). Total: 3
2026-01-12 16:42:59,290 - cmt.websocket - INFO - connect:49 - WebSocket connected (user_id=None). Total: 4
2026-01-12 16:42:59,292 - cmt.websocket - INFO - websocket_devices:188 - WebSocket client disconnected normally
2026-01-12 16:42:59,292 - cmt.websocket - INFO - disconnect:62 - WebSocket disconnected. Total: 3
2026-01-12 16:43:02,298 - cmt.websocket - INFO - connect:49 - WebSocket connected (user_id=None). Total: 4
2026-01-12 16:43:02,303 - cmt.websocket - INFO - websocket_devices:188 - WebSocket client disconnected normally
2026-01-12 16:43:02,303 - cmt.websocket - INFO - disconnect:62 - WebSocket disconnected. Total: 3
2026-01-12 16:43:05,307 - cmt.websocket - INFO - connect:49 - WebSocket connected (user_id=None). Total: 4
2026-01-12 16:43:05,310 - cmt.websocket - INFO - websocket_devices:188 - WebSocket client disconnected normally
2026-01-12 16:43:05,311 - cmt.websocket - INFO - disconnect:62 - WebSocket disconnected. Total: 3
2026-01-12 16:43:08,308 - cmt.websocket - INFO - connect:49 - WebSocket connected (user_id=None). Total: 4
2026-01-12 16:43:08,309 - cmt.websocket - INFO - websocket_devices:188 - WebSocket client disconnected normally
2026-01-12 16:43:08,310 - cmt.websocket - INFO - disconnect:62 - WebSocket disconnected. Total: 3
2026-01-12 16:43:11,310 - cmt.websocket - INFO - connect:49 - WebSocket connected (user_id=None). Total: 4
2026-01-12 16:43:11,312 - cmt.websocket - INFO - websocket_devices:188 - WebSocket client disconnected normally
2026-01-12 16:43:11,313 - cmt.websocket - INFO - disconnect:62 - WebSocket disconnected. Total: 3
2026-01-12 16:43:14,314 - cmt.websocket - INFO - connect:49 - WebSocket connected (user_id=None). Total: 4
2026-01-12 16:43:14,315 - cmt.websocket - INFO - websocket_devices:188 - WebSocket client disconnected normally
2026-01-12 16:43:14,315 - cmt.websocket - INFO - disconnect:62 - WebSocket disconnected. Total: 3
2026-01-12 16:43:17,318 - cmt.websocket - INFO - websocket_devices:188 - WebSocket client disconnected normally
2026-01-12 16:43:17,322 - cmt.websocket - INFO - disconnect:62 - WebSocket disconnected. Total: 2
2026-01-12 16:43:17,326 - cmt.websocket - INFO - connect:49 - WebSocket connected (user_id=None). Total: 3
2026-01-12 16:43:19,599 - cmt.websocket - INFO - websocket_notifications:276 - Notification WebSocket disconnected (user_id=1)
2026-01-12 16:43:19,618 - cmt.websocket - INFO - disconnect:62 - WebSocket disconnected. Total: 2
2026-01-12 16:43:19,619 - cmt.websocket - INFO - websocket_notifications:276 - Notification WebSocket disconnected (user_id=1)
2026-01-12 16:43:19,619 - cmt.websocket - INFO - disconnect:62 - WebSocket disconnected. Total: 1
2026-01-12 16:43:19,619 - cmt.websocket - INFO - websocket_devices:188 - WebSocket client disconnected normally
2026-01-12 16:43:19,619 - cmt.websocket - INFO - disconnect:62 - WebSocket disconnected. Total: 0
2026-01-12 16:43:19,998 - cmt.websocket - INFO - connect:49 - WebSocket connected (user_id=1). Total: 1
2026-01-12 16:43:20,016 - cmt.websocket - INFO - connect:49 - WebSocket connected (user_id=None). Total: 2
2026-01-12 16:43:20,049 - cmt.websocket - INFO - connect:49 - WebSocket connected (user_id=1). Total: 3
2026-01-12 16:43:20,077 - cmt.websocket - INFO - websocket_notifications:276 - Notification WebSocket disconnected (user_id=1)
2026-01-12 16:43:20,080 - cmt.websocket - INFO - disconnect:62 - WebSocket disconnected. Total: 2
2026-01-12 16:43:20,080 - cmt.websocket - INFO - websocket_devices:188 - WebSocket client disconnected normally
2026-01-12 16:43:20,080 - cmt.websocket - INFO - disconnect:62 - WebSocket disconnected. Total: 1
2026-01-12 16:43:20,081 - cmt.websocket - INFO - connect:49 - WebSocket connected (user_id=None). Total: 2
2026-01-12 16:43:23,059 - cmt.websocket - INFO - connect:49 - WebSocket connected (user_id=1). Total: 3
2026-01-12 16:43:23,062 - cmt.websocket - INFO - websocket_devices:188 - WebSocket client disconnected normally
2026-01-12 16:43:23,063 - cmt.websocket - INFO - disconnect:62 - WebSocket disconnected. Total: 2
2026-01-12 16:43:23,080 - cmt.websocket - INFO - connect:49 - WebSocket connected (user_id=None). Total: 3
2026-01-12 16:43:24,379 - cmt.websocket - INFO - websocket_devices:188 - WebSocket client disconnected normally
2026-01-12 16:43:24,380 - cmt.websocket - INFO - disconnect:62 - WebSocket disconnected. Total: 2
2026-01-12 16:43:55,223 - cmt.websocket - INFO - websocket_notifications:276 - Notification WebSocket disconnected (user_id=1)
2026-01-12 16:43:55,230 - cmt.websocket - INFO - disconnect:62 - WebSocket disconnected. Total: 1
2026-01-12 16:43:55,234 - cmt.websocket - INFO - websocket_notifications:276 - Notification WebSocket disconnected (user_id=1)
2026-01-12 16:43:55,235 - cmt.websocket - INFO - disconnect:62 - WebSocket disconnected. Total: 0
2026-01-12 16:43:55,790 - cmt.websocket - INFO - connect:49 - WebSocket connected (user_id=1). Total: 1
2026-01-12 16:43:55,793 - cmt.websocket - INFO - websocket_notifications:276 - Notification WebSocket disconnected (user_id=1)
2026-01-12 16:43:55,794 - cmt.websocket - INFO - disconnect:62 - WebSocket disconnected. Total: 0
2026-01-12 16:43:55,798 - cmt.websocket - INFO - connect:49 - WebSocket connected (user_id=1). Total: 1
2026-01-12 16:43:58,774 - cmt.websocket - INFO - connect:49 - WebSocket connected (user_id=1). Total: 2
2026-01-12 16:44:56,930 - cmt.websocket - INFO - websocket_notifications:276 - Notification WebSocket disconnected (user_id=1)
2026-01-12 16:44:56,932 - cmt.websocket - INFO - disconnect:62 - WebSocket disconnected. Total: 1
2026-01-12 16:44:56,932 - cmt.websocket - INFO - websocket_notifications:276 - Notification WebSocket disconnected (user_id=1)
2026-01-12 16:44:56,932 - cmt.websocket - INFO - disconnect:62 - WebSocket disconnected. Total: 0
2026-01-12 16:44:59,905 - cmt.main - INFO - <module>:102 - Password hashing self-test passed
2026-01-12 16:44:59,988 - cmt.websocket - INFO - connect:49 - WebSocket connected (user_id=1). Total: 1
2026-01-12 16:45:02,986 - cmt.websocket - INFO - connect:49 - WebSocket connected (user_id=1). Total: 2
2026-01-12 16:45:43,334 - cmt.websocket - INFO - websocket_notifications:276 - Notification WebSocket disconnected (user_id=1)
2026-01-12 16:45:43,337 - cmt.websocket - INFO - disconnect:62 - WebSocket disconnected. Total: 1
2026-01-12 16:45:43,338 - cmt.websocket - INFO - websocket_notifications:276 - Notification WebSocket disconnected (user_id=1)
2026-01-12 16:45:43,338 - cmt.websocket - INFO - disconnect:62 - WebSocket disconnected. Total: 0
2026-01-12 16:45:44,290 - cmt.websocket - INFO - connect:49 - WebSocket connected (user_id=1). Total: 1
2026-01-12 16:45:44,294 - cmt.websocket - INFO - websocket_notifications:276 - Notification WebSocket disconnected (user_id=1)
2026-01-12 16:45:44,294 - cmt.websocket - INFO - disconnect:62 - WebSocket disconnected. Total: 0
2026-01-12 16:45:44,357 - cmt.websocket - INFO - connect:49 - WebSocket connected (user_id=1). Total: 1
2026-01-12 16:45:47,288 - cmt.websocket - INFO - connect:49 - WebSocket connected (user_id=1). Total: 2
2026-01-12 16:45:51,834 - cmt.websocket - INFO - connect:49 - WebSocket connected (user_id=None). Total: 3
2026-01-12 16:45:51,865 - cmt.websocket - INFO - connect:49 - WebSocket connected (user_id=None). Total: 4
2026-01-12 16:45:51,870 - cmt.websocket - INFO - websocket_devices:188 - WebSocket client disconnected normally
2026-01-12 16:45:51,871 - cmt.websocket - INFO - disconnect:62 - WebSocket disconnected. Total: 3
2026-01-12 16:45:52,696 - cmt.websocket - INFO - websocket_devices:188 - WebSocket client disconnected normally
2026-01-12 16:45:52,696 - cmt.websocket - INFO - disconnect:62 - WebSocket disconnected. Total: 2
2026-01-12 16:45:52,701 - cmt.websocket - INFO - connect:49 - WebSocket connected (user_id=None). Total: 3
2026-01-12 16:45:52,719 - cmt.websocket - INFO - connect:49 - WebSocket connected (user_id=None). Total: 4
2026-01-12 16:45:52,768 - cmt.websocket - INFO - websocket_devices:188 - WebSocket client disconnected normally
2026-01-12 16:45:52,770 - cmt.websocket - INFO - disconnect:62 - WebSocket disconnected. Total: 3
2026-01-12 16:45:55,770 - cmt.websocket - INFO - websocket_devices:188 - WebSocket client disconnected normally
2026-01-12 16:45:55,771 - cmt.websocket - INFO - disconnect:62 - WebSocket disconnected. Total: 2
2026-01-12 16:45:55,772 - cmt.websocket - INFO - connect:49 - WebSocket connected (user_id=None). Total: 3
2026-01-12 16:45:58,821 - cmt.websocket - INFO - connect:49 - WebSocket connected (user_id=None). Total: 4
2026-01-12 16:45:58,823 - cmt.websocket - INFO - websocket_devices:188 - WebSocket client disconnected normally
2026-01-12 16:45:58,827 - cmt.websocket - INFO - disconnect:62 - WebSocket disconnected. Total: 3
2026-01-12 16:46:01,818 - cmt.websocket - INFO - websocket_devices:188 - WebSocket client disconnected normally
2026-01-12 16:46:01,818 - cmt.websocket - INFO - disconnect:62 - WebSocket disconnected. Total: 2
2026-01-12 16:46:01,819 - cmt.websocket - INFO - connect:49 - WebSocket connected (user_id=None). Total: 3
2026-01-12 16:46:04,825 - cmt.websocket - INFO - connect:49 - WebSocket connected (user_id=None). Total: 4
2026-01-12 16:46:04,827 - cmt.websocket - INFO - websocket_devices:188 - WebSocket client disconnected normally
2026-01-12 16:46:04,827 - cmt.websocket - INFO - disconnect:62 - WebSocket disconnected. Total: 3
2026-01-12 16:46:07,829 - cmt.websocket - INFO - connect:49 - WebSocket connected (user_id=None). Total: 4
2026-01-12 16:46:07,834 - cmt.websocket - INFO - websocket_devices:188 - WebSocket client disconnected normally
2026-01-12 16:46:07,834 - cmt.websocket - INFO - disconnect:62 - WebSocket disconnected. Total: 3
2026-01-12 16:46:10,833 - cmt.websocket - INFO - connect:49 - WebSocket connected (user_id=None). Total: 4
2026-01-12 16:46:10,834 - cmt.websocket - INFO - websocket_devices:188 - WebSocket client disconnected normally
2026-01-12 16:46:10,835 - cmt.websocket - INFO - disconnect:62 - WebSocket disconnected. Total: 3
2026-01-12 16:46:13,839 - cmt.websocket - INFO - connect:49 - WebSocket connected (user_id=None). Total: 4
2026-01-12 16:46:13,841 - cmt.websocket - INFO - websocket_devices:188 - WebSocket client disconnected normally
2026-01-12 16:46:13,842 - cmt.websocket - INFO - disconnect:62 - WebSocket disconnected. Total: 3
2026-01-12 16:46:16,847 - cmt.websocket - INFO - connect:49 - WebSocket connected (user_id=None). Total: 4
2026-01-12 16:46:16,851 - cmt.websocket - INFO - websocket_devices:188 - WebSocket client disconnected normally
2026-01-12 16:46:16,852 - cmt.websocket - INFO - disconnect:62 - WebSocket disconnected. Total: 3
2026-01-12 16:46:19,857 - cmt.websocket - INFO - websocket_devices:188 - WebSocket client disconnected normally
2026-01-12 16:46:19,866 - cmt.websocket - INFO - disconnect:62 - WebSocket disconnected. Total: 2
2026-01-12 16:46:19,873 - cmt.websocket - INFO - connect:49 - WebSocket connected (user_id=None). Total: 3
2026-01-12 16:46:22,861 - cmt.websocket - INFO - connect:49 - WebSocket connected (user_id=None). Total: 4
2026-01-12 16:46:22,863 - cmt.websocket - INFO - websocket_devices:188 - WebSocket client disconnected normally
2026-01-12 16:46:22,864 - cmt.websocket - INFO - disconnect:62 - WebSocket disconnected. Total: 3
2026-01-12 16:46:25,862 - cmt.websocket - INFO - websocket_devices:188 - WebSocket client disconnected normally
2026-01-12 16:46:25,863 - cmt.websocket - INFO - disconnect:62 - WebSocket disconnected. Total: 2
2026-01-12 16:46:25,865 - cmt.websocket - INFO - connect:49 - WebSocket connected (user_id=None). Total: 3
2026-01-12 16:46:28,864 - cmt.websocket - INFO - connect:49 - WebSocket connected (user_id=None). Total: 4
2026-01-12 16:46:28,865 - cmt.websocket - INFO - websocket_devices:188 - WebSocket client disconnected normally
2026-01-12 16:46:28,865 - cmt.websocket - INFO - disconnect:62 - WebSocket disconnected. Total: 3
2026-01-12 16:46:31,868 - cmt.websocket - INFO - connect:49 - WebSocket connected (user_id=None). Total: 4
2026-01-12 16:46:31,869 - cmt.websocket - INFO - websocket_devices:188 - WebSocket client disconnected normally
2026-01-12 16:46:31,869 - cmt.websocket - INFO - disconnect:62 - WebSocket disconnected. Total: 3
2026-01-12 16:46:34,874 - cmt.websocket - INFO - connect:49 - WebSocket connected (user_id=None). Total: 4
2026-01-12 16:46:34,875 - cmt.websocket - INFO - websocket_devices:188 - WebSocket client disconnected normally
2026-01-12 16:46:34,876 - cmt.websocket - INFO - disconnect:62 - WebSocket disconnected. Total: 3
2026-01-12 16:46:37,884 - cmt.websocket - INFO - connect:49 - WebSocket connected (user_id=None). Total: 4
2026-01-12 16:46:37,887 - cmt.websocket - INFO - websocket_devices:188 - WebSocket client disconnected normally
2026-01-12 16:46:37,888 - cmt.websocket - INFO - disconnect:62 - WebSocket disconnected. Total: 3
2026-01-12 16:46:40,899 - cmt.websocket - INFO - connect:49 - WebSocket connected (user_id=None). Total: 4
2026-01-12 16:46:40,901 - cmt.websocket - INFO - websocket_devices:188 - WebSocket client disconnected normally
2026-01-12 16:46:40,901 - cmt.websocket - INFO - disconnect:62 - WebSocket disconnected. Total: 3
2026-01-12 16:46:43,892 - cmt.websocket - INFO - connect:49 - WebSocket connected (user_id=None). Total: 4
2026-01-12 16:46:43,895 - cmt.websocket - INFO - websocket_devices:188 - WebSocket client disconnected normally
2026-01-12 16:46:43,896 - cmt.websocket - INFO - disconnect:62 - WebSocket disconnected. Total: 3
2026-01-12 16:46:46,896 - cmt.websocket - INFO - connect:49 - WebSocket connected (user_id=None). Total: 4
2026-01-12 16:46:46,898 - cmt.websocket - INFO - websocket_devices:188 - WebSocket client disconnected normally
2026-01-12 16:46:46,898 - cmt.websocket - INFO - disconnect:62 - WebSocket disconnected. Total: 3
2026-01-12 16:46:49,961 - cmt.websocket - INFO - websocket_devices:188 - WebSocket client disconnected normally
2026-01-12 16:46:49,962 - cmt.websocket - INFO - disconnect:62 - WebSocket disconnected. Total: 2
2026-01-12 16:46:49,963 - cmt.websocket - INFO - connect:49 - WebSocket connected (user_id=None). Total: 3
2026-01-12 16:46:52,965 - cmt.websocket - INFO - connect:49 - WebSocket connected (user_id=None). Total: 4
2026-01-12 16:46:52,966 - cmt.websocket - INFO - websocket_devices:188 - WebSocket client disconnected normally
2026-01-12 16:46:52,966 - cmt.websocket - INFO - disconnect:62 - WebSocket disconnected. Total: 3
2026-01-12 16:46:55,972 - cmt.websocket - INFO - connect:49 - WebSocket connected (user_id=None). Total: 4
2026-01-12 16:46:55,974 - cmt.websocket - INFO - websocket_devices:188 - WebSocket client disconnected normally
2026-01-12 16:46:55,976 - cmt.websocket - INFO - disconnect:62 - WebSocket disconnected. Total: 3
2026-01-12 16:46:58,974 - cmt.websocket - INFO - websocket_devices:188 - WebSocket client disconnected normally
2026-01-12 16:46:58,979 - cmt.websocket - INFO - disconnect:62 - WebSocket disconnected. Total: 2
2026-01-12 16:46:58,982 - cmt.websocket - INFO - connect:49 - WebSocket connected (user_id=None). Total: 3
2026-01-12 16:47:01,978 - cmt.websocket - INFO - connect:49 - WebSocket connected (user_id=None). Total: 4
2026-01-12 16:47:01,979 - cmt.websocket - INFO - websocket_devices:188 - WebSocket client disconnected normally
2026-01-12 16:47:01,980 - cmt.websocket - INFO - disconnect:62 - WebSocket disconnected. Total: 3
2026-01-12 16:47:04,981 - cmt.websocket - INFO - connect:49 - WebSocket connected (user_id=None). Total: 4
2026-01-12 16:47:04,983 - cmt.websocket - INFO - websocket_devices:188 - WebSocket client disconnected normally
2026-01-12 16:47:04,983 - cmt.websocket - INFO - disconnect:62 - WebSocket disconnected. Total: 3
2026-01-12 16:47:07,985 - cmt.websocket - INFO - connect:49 - WebSocket connected (user_id=None). Total: 4
2026-01-12 16:47:07,986 - cmt.websocket - INFO - websocket_devices:188 - WebSocket client disconnected normally
2026-01-12 16:47:07,986 - cmt.websocket - INFO - disconnect:62 - WebSocket disconnected. Total: 3
2026-01-12 16:47:10,992 - cmt.websocket - INFO - connect:49 - WebSocket connected (user_id=None). Total: 4
2026-01-12 16:47:10,994 - cmt.websocket - INFO - websocket_devices:188 - WebSocket client disconnected normally
2026-01-12 16:47:10,995 - cmt.websocket - INFO - disconnect:62 - WebSocket disconnected. Total: 3
2026-01-12 16:47:13,997 - cmt.websocket - INFO - connect:49 - WebSocket connected (user_id=None). Total: 4
2026-01-12 16:47:13,998 - cmt.websocket - INFO - websocket_devices:188 - WebSocket client disconnected normally
2026-01-12 16:47:13,998 - cmt.websocket - INFO - disconnect:62 - WebSocket disconnected. Total: 3
2026-01-12 16:47:17,002 - cmt.websocket - INFO - connect:49 - WebSocket connected (user_id=None). Total: 4
2026-01-12 16:47:17,004 - cmt.websocket - INFO - websocket_devices:188 - WebSocket client disconnected normally
2026-01-12 16:47:17,005 - cmt.websocket - INFO - disconnect:62 - WebSocket disconnected. Total: 3
2026-01-12 16:47:20,005 - cmt.websocket - INFO - websocket_devices:188 - WebSocket client disconnected normally
2026-01-12 16:47:20,006 - cmt.websocket - INFO - disconnect:62 - WebSocket disconnected. Total: 2
2026-01-12 16:47:20,006 - cmt.websocket - INFO - connect:49 - WebSocket connected (user_id=None). Total: 3
2026-01-12 16:47:23,010 - cmt.websocket - INFO - websocket_devices:188 - WebSocket client disconnected normally
2026-01-12 16:47:23,010 - cmt.websocket - INFO - disconnect:62 - WebSocket disconnected. Total: 2
2026-01-12 16:47:23,012 - cmt.websocket - INFO - connect:49 - WebSocket connected (user_id=None). Total: 3
2026-01-12 16:47:26,018 - cmt.websocket - INFO - connect:49 - WebSocket connected (user_id=None). Total: 4
2026-01-12 16:47:26,024 - cmt.websocket - INFO - websocket_devices:188 - WebSocket client disconnected normally
2026-01-12 16:47:26,024 - cmt.websocket - INFO - disconnect:62 - WebSocket disconnected. Total: 3
2026-01-12 16:47:29,022 - cmt.websocket - INFO - websocket_devices:188 - WebSocket client disconnected normally
2026-01-12 16:47:29,023 - cmt.websocket - INFO - disconnect:62 - WebSocket disconnected. Total: 2
2026-01-12 16:47:29,024 - cmt.websocket - INFO - connect:49 - WebSocket connected (user_id=None). Total: 3
2026-01-12 16:47:32,028 - cmt.websocket - INFO - connect:49 - WebSocket connected (user_id=None). Total: 4
2026-01-12 16:47:32,030 - cmt.websocket - INFO - websocket_devices:188 - WebSocket client disconnected normally
2026-01-12 16:47:32,031 - cmt.websocket - INFO - disconnect:62 - WebSocket disconnected. Total: 3
2026-01-12 16:47:35,034 - cmt.websocket - INFO - connect:49 - WebSocket connected (user_id=None). Total: 4
2026-01-12 16:47:35,035 - cmt.websocket - INFO - websocket_devices:188 - WebSocket client disconnected normally
2026-01-12 16:47:35,036 - cmt.websocket - INFO - disconnect:62 - WebSocket disconnected. Total: 3
2026-01-12 16:47:38,037 - cmt.websocket - INFO - connect:49 - WebSocket connected (user_id=None). Total: 4
2026-01-12 16:47:38,040 - cmt.websocket - INFO - websocket_devices:188 - WebSocket client disconnected normally
2026-01-12 16:47:38,042 - cmt.websocket - INFO - disconnect:62 - WebSocket disconnected. Total: 3
2026-01-12 16:47:41,039 - cmt.websocket - INFO - websocket_devices:188 - WebSocket client disconnected normally
2026-01-12 16:47:41,040 - cmt.websocket - INFO - disconnect:62 - WebSocket disconnected. Total: 2
2026-01-12 16:47:41,042 - cmt.websocket - INFO - connect:49 - WebSocket connected (user_id=None). Total: 3
2026-01-12 16:47:44,046 - cmt.websocket - INFO - connect:49 - WebSocket connected (user_id=None). Total: 4
2026-01-12 16:47:44,047 - cmt.websocket - INFO - websocket_devices:188 - WebSocket client disconnected normally
2026-01-12 16:47:44,048 - cmt.websocket - INFO - disconnect:62 - WebSocket disconnected. Total: 3
2026-01-12 16:47:47,052 - cmt.websocket - INFO - connect:49 - WebSocket connected (user_id=None). Total: 4
2026-01-12 16:47:47,054 - cmt.websocket - INFO - websocket_devices:188 - WebSocket client disconnected normally
2026-01-12 16:47:47,055 - cmt.websocket - INFO - disconnect:62 - WebSocket disconnected. Total: 3
2026-01-12 16:47:50,056 - cmt.websocket - INFO - connect:49 - WebSocket connected (user_id=None). Total: 4
2026-01-12 16:47:50,058 - cmt.websocket - INFO - websocket_devices:188 - WebSocket client disconnected normally
2026-01-12 16:47:50,059 - cmt.websocket - INFO - disconnect:62 - WebSocket disconnected. Total: 3
2026-01-12 16:47:53,058 - cmt.websocket - INFO - connect:49 - WebSocket connected (user_id=None). Total: 4
2026-01-12 16:47:53,059 - cmt.websocket - INFO - websocket_devices:188 - WebSocket client disconnected normally
2026-01-12 16:47:53,060 - cmt.websocket - INFO - disconnect:62 - WebSocket disconnected. Total: 3
2026-01-12 16:47:56,061 - cmt.websocket - INFO - connect:49 - WebSocket connected (user_id=None). Total: 4
2026-01-12 16:47:56,062 - cmt.websocket - INFO - websocket_devices:188 - WebSocket client disconnected normally
2026-01-12 16:47:56,063 - cmt.websocket - INFO - disconnect:62 - WebSocket disconnected. Total: 3
2026-01-12 16:47:59,074 - cmt.websocket - INFO - connect:49 - WebSocket connected (user_id=None). Total: 4
2026-01-12 16:47:59,086 - cmt.websocket - INFO - websocket_devices:188 - WebSocket client disconnected normally
2026-01-12 16:47:59,086 - cmt.websocket - INFO - disconnect:62 - WebSocket disconnected. Total: 3
2026-01-12 16:48:02,074 - cmt.websocket - INFO - websocket_devices:188 - WebSocket client disconnected normally
2026-01-12 16:48:02,074 - cmt.websocket - INFO - disconnect:62 - WebSocket disconnected. Total: 2
2026-01-12 16:48:02,077 - cmt.websocket - INFO - connect:49 - WebSocket connected (user_id=None). Total: 3
2026-01-12 16:48:05,080 - cmt.websocket - INFO - connect:49 - WebSocket connected (user_id=None). Total: 4
2026-01-12 16:48:05,082 - cmt.websocket - INFO - websocket_devices:188 - WebSocket client disconnected normally
2026-01-12 16:48:05,082 - cmt.websocket - INFO - disconnect:62 - WebSocket disconnected. Total: 3
2026-01-12 16:48:08,085 - cmt.websocket - INFO - connect:49 - WebSocket connected (user_id=None). Total: 4
2026-01-12 16:48:08,088 - cmt.websocket - INFO - websocket_devices:188 - WebSocket client disconnected normally
2026-01-12 16:48:08,089 - cmt.websocket - INFO - disconnect:62 - WebSocket disconnected. Total: 3
2026-01-12 16:48:11,089 - cmt.websocket - INFO - websocket_devices:188 - WebSocket client disconnected normally
2026-01-12 16:48:11,090 - cmt.websocket - INFO - disconnect:62 - WebSocket disconnected. Total: 2
2026-01-12 16:48:11,091 - cmt.websocket - INFO - connect:49 - WebSocket connected (user_id=None). Total: 3
2026-01-12 16:48:14,096 - cmt.websocket - INFO - connect:49 - WebSocket connected (user_id=None). Total: 4
2026-01-12 16:48:14,097 - cmt.websocket - INFO - websocket_devices:188 - WebSocket client disconnected normally
2026-01-12 16:48:14,098 - cmt.websocket - INFO - disconnect:62 - WebSocket disconnected. Total: 3
2026-01-12 16:48:17,103 - cmt.websocket - INFO - connect:49 - WebSocket connected (user_id=None). Total: 4
2026-01-12 16:48:17,107 - cmt.websocket - INFO - websocket_devices:188 - WebSocket client disconnected normally
2026-01-12 16:48:17,107 - cmt.websocket - INFO - disconnect:62 - WebSocket disconnected. Total: 3
2026-01-12 16:48:20,108 - cmt.websocket - INFO - connect:49 - WebSocket connected (user_id=None). Total: 4
2026-01-12 16:48:20,109 - cmt.websocket - INFO - websocket_devices:188 - WebSocket client disconnected normally
2026-01-12 16:48:20,110 - cmt.websocket - INFO - disconnect:62 - WebSocket disconnected. Total: 3
2026-01-12 16:48:23,108 - cmt.websocket - INFO - connect:49 - WebSocket connected (user_id=None). Total: 4
2026-01-12 16:48:23,110 - cmt.websocket - INFO - websocket_devices:188 - WebSocket client disconnected normally
2026-01-12 16:48:23,111 - cmt.websocket - INFO - disconnect:62 - WebSocket disconnected. Total: 3
2026-01-12 16:48:26,112 - cmt.websocket - INFO - connect:49 - WebSocket connected (user_id=None). Total: 4
2026-01-12 16:48:26,113 - cmt.websocket - INFO - websocket_devices:188 - WebSocket client disconnected normally
2026-01-12 16:48:26,113 - cmt.websocket - INFO - disconnect:62 - WebSocket disconnected. Total: 3
2026-01-12 16:48:29,134 - cmt.websocket - INFO - connect:49 - WebSocket connected (user_id=None). Total: 4
2026-01-12 16:48:29,150 - cmt.websocket - INFO - websocket_devices:188 - WebSocket client disconnected normally
2026-01-12 16:48:29,150 - cmt.websocket - INFO - disconnect:62 - WebSocket disconnected. Total: 3
2026-01-12 16:48:32,135 - cmt.websocket - INFO - websocket_devices:188 - WebSocket client disconnected normally
2026-01-12 16:48:32,135 - cmt.websocket - INFO - disconnect:62 - WebSocket disconnected. Total: 2
2026-01-12 16:48:32,136 - cmt.websocket - INFO - connect:49 - WebSocket connected (user_id=None). Total: 3
2026-01-12 16:48:35,139 - cmt.websocket - INFO - connect:49 - WebSocket connected (user_id=None). Total: 4
2026-01-12 16:48:35,141 - cmt.websocket - INFO - websocket_devices:188 - WebSocket client disconnected normally
2026-01-12 16:48:35,141 - cmt.websocket - INFO - disconnect:62 - WebSocket disconnected. Total: 3
2026-01-12 16:48:38,147 - cmt.websocket - INFO - connect:49 - WebSocket connected (user_id=None). Total: 4
2026-01-12 16:48:38,149 - cmt.websocket - INFO - websocket_devices:188 - WebSocket client disconnected normally
2026-01-12 16:48:38,149 - cmt.websocket - INFO - disconnect:62 - WebSocket disconnected. Total: 3
2026-01-12 16:48:41,145 - cmt.websocket - INFO - websocket_devices:188 - WebSocket client disconnected normally
2026-01-12 16:48:41,145 - cmt.websocket - INFO - disconnect:62 - WebSocket disconnected. Total: 2
2026-01-12 16:48:41,147 - cmt.websocket - INFO - connect:49 - WebSocket connected (user_id=None). Total: 3
2026-01-12 16:48:44,187 - cmt.websocket - INFO - connect:49 - WebSocket connected (user_id=None). Total: 4
2026-01-12 16:48:44,198 - cmt.websocket - INFO - websocket_devices:188 - WebSocket client disconnected normally
2026-01-12 16:48:44,199 - cmt.websocket - INFO - disconnect:62 - WebSocket disconnected. Total: 3
2026-01-12 16:48:47,192 - cmt.websocket - INFO - connect:49 - WebSocket connected (user_id=None). Total: 4
2026-01-12 16:48:47,193 - cmt.websocket - INFO - websocket_devices:188 - WebSocket client disconnected normally
2026-01-12 16:48:47,193 - cmt.websocket - INFO - disconnect:62 - WebSocket disconnected. Total: 3
2026-01-12 16:48:50,215 - cmt.websocket - INFO - connect:49 - WebSocket connected (user_id=None). Total: 4
2026-01-12 16:48:50,224 - cmt.websocket - INFO - websocket_devices:188 - WebSocket client disconnected normally
2026-01-12 16:48:50,224 - cmt.websocket - INFO - disconnect:62 - WebSocket disconnected. Total: 3
2026-01-12 16:48:53,213 - cmt.websocket - INFO - websocket_devices:188 - WebSocket client disconnected normally
2026-01-12 16:48:53,214 - cmt.websocket - INFO - disconnect:62 - WebSocket disconnected. Total: 2
2026-01-12 16:48:53,215 - cmt.websocket - INFO - connect:49 - WebSocket connected (user_id=None). Total: 3
2026-01-12 16:48:56,222 - cmt.websocket - INFO - connect:49 - WebSocket connected (user_id=None). Total: 4
2026-01-12 16:48:56,225 - cmt.websocket - INFO - websocket_devices:188 - WebSocket client disconnected normally
2026-01-12 16:48:56,227 - cmt.websocket - INFO - disconnect:62 - WebSocket disconnected. Total: 3
2026-01-12 16:48:59,222 - cmt.websocket - INFO - websocket_devices:188 - WebSocket client disconnected normally
2026-01-12 16:48:59,223 - cmt.websocket - INFO - disconnect:62 - WebSocket disconnected. Total: 2
2026-01-12 16:48:59,230 - cmt.websocket - INFO - connect:49 - WebSocket connected (user_id=None). Total: 3
2026-01-12 16:49:02,230 - cmt.websocket - INFO - connect:49 - WebSocket connected (user_id=None). Total: 4
2026-01-12 16:49:02,233 - cmt.websocket - INFO - websocket_devices:188 - WebSocket client disconnected normally
2026-01-12 16:49:02,233 - cmt.websocket - INFO - disconnect:62 - WebSocket disconnected. Total: 3
2026-01-12 16:49:05,232 - cmt.websocket - INFO - connect:49 - WebSocket connected (user_id=None). Total: 4
2026-01-12 16:49:05,234 - cmt.websocket - INFO - websocket_devices:188 - WebSocket client disconnected normally
2026-01-12 16:49:05,235 - cmt.websocket - INFO - disconnect:62 - WebSocket disconnected. Total: 3
2026-01-12 16:49:08,236 - cmt.websocket - INFO - connect:49 - WebSocket connected (user_id=None). Total: 4
2026-01-12 16:49:08,238 - cmt.websocket - INFO - websocket_devices:188 - WebSocket client disconnected normally
2026-01-12 16:49:08,238 - cmt.websocket - INFO - disconnect:62 - WebSocket disconnected. Total: 3
2026-01-12 16:49:11,245 - cmt.websocket - INFO - connect:49 - WebSocket connected (user_id=None). Total: 4
2026-01-12 16:49:11,246 - cmt.websocket - INFO - websocket_devices:188 - WebSocket client disconnected normally
2026-01-12 16:49:11,247 - cmt.websocket - INFO - disconnect:62 - WebSocket disconnected. Total: 3
2026-01-12 16:49:14,246 - cmt.websocket - INFO - connect:49 - WebSocket connected (user_id=None). Total: 4
2026-01-12 16:49:14,247 - cmt.websocket - INFO - websocket_devices:188 - WebSocket client disconnected normally
2026-01-12 16:49:14,248 - cmt.websocket - INFO - disconnect:62 - WebSocket disconnected. Total: 3
2026-01-12 16:49:17,254 - cmt.websocket - INFO - websocket_devices:188 - WebSocket client disconnected normally
2026-01-12 16:49:17,255 - cmt.websocket - INFO - disconnect:62 - WebSocket disconnected. Total: 2
2026-01-12 16:49:17,256 - cmt.websocket - INFO - connect:49 - WebSocket connected (user_id=None). Total: 3
2026-01-12 16:49:20,254 - cmt.websocket - INFO - connect:49 - WebSocket connected (user_id=None). Total: 4
2026-01-12 16:49:20,254 - cmt.websocket - INFO - websocket_devices:188 - WebSocket client disconnected normally
2026-01-12 16:49:20,255 - cmt.websocket - INFO - disconnect:62 - WebSocket disconnected. Total: 3
2026-01-12 16:49:23,267 - cmt.websocket - INFO - connect:49 - WebSocket connected (user_id=None). Total: 4
2026-01-12 16:49:23,270 - cmt.websocket - INFO - websocket_devices:188 - WebSocket client disconnected normally
2026-01-12 16:49:23,271 - cmt.websocket - INFO - disconnect:62 - WebSocket disconnected. Total: 3
2026-01-12 16:49:26,264 - cmt.websocket - INFO - websocket_devices:188 - WebSocket client disconnected normally
2026-01-12 16:49:26,265 - cmt.websocket - INFO - disconnect:62 - WebSocket disconnected. Total: 2
2026-01-12 16:49:26,272 - cmt.websocket - INFO - connect:49 - WebSocket connected (user_id=None). Total: 3
2026-01-12 16:49:29,269 - cmt.websocket - INFO - websocket_devices:188 - WebSocket client disconnected normally
2026-01-12 16:49:29,269 - cmt.websocket - INFO - disconnect:62 - WebSocket disconnected. Total: 2
2026-01-12 16:49:29,270 - cmt.websocket - INFO - connect:49 - WebSocket connected (user_id=None). Total: 3
2026-01-12 16:49:32,275 - cmt.websocket - INFO - connect:49 - WebSocket connected (user_id=None). Total: 4
2026-01-12 16:49:32,277 - cmt.websocket - INFO - websocket_devices:188 - WebSocket client disconnected normally
2026-01-12 16:49:32,278 - cmt.websocket - INFO - disconnect:62 - WebSocket disconnected. Total: 3
2026-01-12 16:49:35,278 - cmt.websocket - INFO - websocket_devices:188 - WebSocket client disconnected normally
2026-01-12 16:49:35,278 - cmt.websocket - INFO - disconnect:62 - WebSocket disconnected. Total: 2
2026-01-12 16:49:35,280 - cmt.websocket - INFO - connect:49 - WebSocket connected (user_id=None). Total: 3
2026-01-12 16:49:38,281 - cmt.websocket - INFO - websocket_devices:188 - WebSocket client disconnected normally
2026-01-12 16:49:38,283 - cmt.websocket - INFO - disconnect:62 - WebSocket disconnected. Total: 2
2026-01-12 16:49:38,284 - cmt.websocket - INFO - connect:49 - WebSocket connected (user_id=None). Total: 3
2026-01-12 16:49:41,287 - cmt.websocket - INFO - connect:49 - WebSocket connected (user_id=None). Total: 4
2026-01-12 16:49:41,287 - cmt.websocket - INFO - websocket_devices:188 - WebSocket client disconnected normally
2026-01-12 16:49:41,288 - cmt.websocket - INFO - disconnect:62 - WebSocket disconnected. Total: 3
2026-01-12 16:49:44,290 - cmt.websocket - INFO - connect:49 - WebSocket connected (user_id=None). Total: 4
2026-01-12 16:49:44,291 - cmt.websocket - INFO - websocket_devices:188 - WebSocket client disconnected normally
2026-01-12 16:49:44,291 - cmt.websocket - INFO - disconnect:62 - WebSocket disconnected. Total: 3
2026-01-12 16:49:47,293 - cmt.websocket - INFO - connect:49 - WebSocket connected (user_id=None). Total: 4
2026-01-12 16:49:47,294 - cmt.websocket - INFO - websocket_devices:188 - WebSocket client disconnected normally
2026-01-12 16:49:47,294 - cmt.websocket - INFO - disconnect:62 - WebSocket disconnected. Total: 3
2026-01-12 16:49:50,297 - cmt.websocket - INFO - connect:49 - WebSocket connected (user_id=None). Total: 4
2026-01-12 16:49:50,298 - cmt.websocket - INFO - websocket_devices:188 - WebSocket client disconnected normally
2026-01-12 16:49:50,299 - cmt.websocket - INFO - disconnect:62 - WebSocket disconnected. Total: 3
2026-01-12 16:49:53,316 - cmt.websocket - INFO - connect:49 - WebSocket connected (user_id=None). Total: 4
2026-01-12 16:49:53,320 - cmt.websocket - INFO - websocket_devices:188 - WebSocket client disconnected normally
2026-01-12 16:49:53,321 - cmt.websocket - INFO - disconnect:62 - WebSocket disconnected. Total: 3
2026-01-12 16:49:56,311 - cmt.websocket - INFO - websocket_devices:188 - WebSocket client disconnected normally
2026-01-12 16:49:56,311 - cmt.websocket - INFO - disconnect:62 - WebSocket disconnected. Total: 2
2026-01-12 16:49:56,312 - cmt.websocket - INFO - connect:49 - WebSocket connected (user_id=None). Total: 3
2026-01-12 16:49:59,314 - cmt.websocket - INFO - websocket_devices:188 - WebSocket client disconnected normally
2026-01-12 16:49:59,316 - cmt.websocket - INFO - disconnect:62 - WebSocket disconnected. Total: 2
2026-01-12 16:49:59,316 - cmt.websocket - INFO - connect:49 - WebSocket connected (user_id=None). Total: 3
2026-01-12 16:50:02,318 - cmt.websocket - INFO - connect:49 - WebSocket connected (user_id=None). Total: 4
2026-01-12 16:50:02,319 - cmt.websocket - INFO - websocket_devices:188 - WebSocket client disconnected normally
2026-01-12 16:50:02,319 - cmt.websocket - INFO - disconnect:62 - WebSocket disconnected. Total: 3
2026-01-12 16:50:05,325 - cmt.websocket - INFO - connect:49 - WebSocket connected (user_id=None). Total: 4
2026-01-12 16:50:05,328 - cmt.websocket - INFO - websocket_devices:188 - WebSocket client disconnected normally
2026-01-12 16:50:05,328 - cmt.websocket - INFO - disconnect:62 - WebSocket disconnected. Total: 3
2026-01-12 16:50:08,348 - cmt.websocket - INFO - connect:49 - WebSocket connected (user_id=None). Total: 4
2026-01-12 16:50:08,350 - cmt.websocket - INFO - websocket_devices:188 - WebSocket client disconnected normally
2026-01-12 16:50:08,351 - cmt.websocket - INFO - disconnect:62 - WebSocket disconnected. Total: 3
2026-01-12 16:50:11,335 - cmt.websocket - INFO - connect:49 - WebSocket connected (user_id=None). Total: 4
2026-01-12 16:50:11,335 - cmt.websocket - INFO - websocket_devices:188 - WebSocket client disconnected normally
2026-01-12 16:50:11,336 - cmt.websocket - INFO - disconnect:62 - WebSocket disconnected. Total: 3
2026-01-12 16:50:14,358 - cmt.websocket - INFO - connect:49 - WebSocket connected (user_id=None). Total: 4
2026-01-12 16:50:14,360 - cmt.websocket - INFO - websocket_devices:188 - WebSocket client disconnected normally
2026-01-12 16:50:14,360 - cmt.websocket - INFO - disconnect:62 - WebSocket disconnected. Total: 3
2026-01-12 16:50:17,346 - cmt.websocket - INFO - websocket_devices:188 - WebSocket client disconnected normally
2026-01-12 16:50:17,346 - cmt.websocket - INFO - disconnect:62 - WebSocket disconnected. Total: 2
2026-01-12 16:50:17,672 - cmt.websocket - INFO - connect:49 - WebSocket connected (user_id=None). Total: 3
2026-01-12 16:50:20,358 - cmt.websocket - INFO - connect:49 - WebSocket connected (user_id=None). Total: 4
2026-01-12 16:50:20,362 - cmt.websocket - INFO - websocket_devices:188 - WebSocket client disconnected normally
2026-01-12 16:50:20,362 - cmt.websocket - INFO - disconnect:62 - WebSocket disconnected. Total: 3
2026-01-12 16:50:23,362 - cmt.websocket - INFO - connect:49 - WebSocket connected (user_id=None). Total: 4
2026-01-12 16:50:23,365 - cmt.websocket - INFO - websocket_devices:188 - WebSocket client disconnected normally
2026-01-12 16:50:23,366 - cmt.websocket - INFO - disconnect:62 - WebSocket disconnected. Total: 3
2026-01-12 16:50:26,370 - cmt.websocket - INFO - connect:49 - WebSocket connected (user_id=None). Total: 4
2026-01-12 16:50:26,372 - cmt.websocket - INFO - websocket_devices:188 - WebSocket client disconnected normally
2026-01-12 16:50:26,374 - cmt.websocket - INFO - disconnect:62 - WebSocket disconnected. Total: 3
2026-01-12 16:50:29,378 - cmt.websocket - INFO - connect:49 - WebSocket connected (user_id=None). Total: 4
2026-01-12 16:50:29,380 - cmt.websocket - INFO - websocket_devices:188 - WebSocket client disconnected normally
2026-01-12 16:50:29,381 - cmt.websocket - INFO - disconnect:62 - WebSocket disconnected. Total: 3
2026-01-12 16:50:32,379 - cmt.websocket - INFO - websocket_devices:188 - WebSocket client disconnected normally
2026-01-12 16:50:32,379 - cmt.websocket - INFO - disconnect:62 - WebSocket disconnected. Total: 2
2026-01-12 16:50:32,380 - cmt.websocket - INFO - connect:49 - WebSocket connected (user_id=None). Total: 3
2026-01-12 16:50:35,383 - cmt.websocket - INFO - websocket_devices:188 - WebSocket client disconnected normally
2026-01-12 16:50:35,384 - cmt.websocket - INFO - disconnect:62 - WebSocket disconnected. Total: 2
2026-01-12 16:50:39,426 - cmt.websocket - INFO - connect:49 - WebSocket connected (user_id=None). Total: 3
2026-01-12 16:50:41,400 - cmt.websocket - INFO - connect:49 - WebSocket connected (user_id=None). Total: 4
2026-01-12 16:50:41,404 - cmt.websocket - INFO - websocket_devices:188 - WebSocket client disconnected normally
2026-01-12 16:50:41,404 - cmt.websocket - INFO - disconnect:62 - WebSocket disconnected. Total: 3
2026-01-12 16:50:44,398 - cmt.websocket - INFO - websocket_devices:188 - WebSocket client disconnected normally
2026-01-12 16:50:44,399 - cmt.websocket - INFO - disconnect:62 - WebSocket disconnected. Total: 2
2026-01-12 16:50:44,399 - cmt.websocket - INFO - connect:49 - WebSocket connected (user_id=None). Total: 3
2026-01-12 16:50:47,406 - cmt.websocket - INFO - connect:49 - WebSocket connected (user_id=None). Total: 4
2026-01-12 16:50:47,409 - cmt.websocket - INFO - websocket_devices:188 - WebSocket client disconnected normally
2026-01-12 16:50:47,410 - cmt.websocket - INFO - disconnect:62 - WebSocket disconnected. Total: 3
2026-01-12 16:50:50,420 - cmt.websocket - INFO - websocket_devices:188 - WebSocket client disconnected normally
2026-01-12 16:50:50,424 - cmt.websocket - INFO - disconnect:62 - WebSocket disconnected. Total: 2
2026-01-12 16:50:50,429 - cmt.websocket - INFO - connect:49 - WebSocket connected (user_id=None). Total: 3
2026-01-12 16:50:53,423 - cmt.websocket - INFO - connect:49 - WebSocket connected (user_id=None). Total: 4
2026-01-12 16:50:53,424 - cmt.websocket - INFO - websocket_devices:188 - WebSocket client disconnected normally
2026-01-12 16:50:53,424 - cmt.websocket - INFO - disconnect:62 - WebSocket disconnected. Total: 3
2026-01-12 16:50:56,427 - cmt.websocket - INFO - connect:49 - WebSocket connected (user_id=None). Total: 4
2026-01-12 16:50:56,429 - cmt.websocket - INFO - websocket_devices:188 - WebSocket client disconnected normally
2026-01-12 16:50:56,429 - cmt.websocket - INFO - disconnect:62 - WebSocket disconnected. Total: 3
2026-01-12 16:50:59,429 - cmt.websocket - INFO - websocket_devices:188 - WebSocket client disconnected normally
2026-01-12 16:50:59,430 - cmt.websocket - INFO - disconnect:62 - WebSocket disconnected. Total: 2
2026-01-12 16:50:59,431 - cmt.websocket - INFO - connect:49 - WebSocket connected (user_id=None). Total: 3
2026-01-12 16:51:02,433 - cmt.websocket - INFO - websocket_devices:188 - WebSocket client disconnected normally
2026-01-12 16:51:02,433 - cmt.websocket - INFO - disconnect:62 - WebSocket disconnected. Total: 2
2026-01-12 16:51:02,435 - cmt.websocket - INFO - connect:49 - WebSocket connected (user_id=None). Total: 3
2026-01-12 16:51:05,445 - cmt.websocket - INFO - websocket_devices:188 - WebSocket client disconnected normally
2026-01-12 16:51:05,446 - cmt.websocket - INFO - disconnect:62 - WebSocket disconnected. Total: 2
2026-01-12 16:51:05,450 - cmt.websocket - INFO - connect:49 - WebSocket connected (user_id=None). Total: 3
2026-01-12 16:51:08,442 - cmt.websocket - INFO - websocket_devices:188 - WebSocket client disconnected normally
2026-01-12 16:51:08,442 - cmt.websocket - INFO - disconnect:62 - WebSocket disconnected. Total: 2
2026-01-12 16:51:08,443 - cmt.websocket - INFO - connect:49 - WebSocket connected (user_id=None). Total: 3
2026-01-12 16:51:11,445 - cmt.websocket - INFO - websocket_devices:188 - WebSocket client disconnected normally
2026-01-12 16:51:11,457 - cmt.websocket - INFO - disconnect:62 - WebSocket disconnected. Total: 2
2026-01-12 16:51:11,460 - cmt.websocket - INFO - connect:49 - WebSocket connected (user_id=None). Total: 3
2026-01-12 16:51:14,454 - cmt.websocket - INFO - connect:49 - WebSocket connected (user_id=None). Total: 4
2026-01-12 16:51:14,459 - cmt.websocket - INFO - websocket_devices:188 - WebSocket client disconnected normally
2026-01-12 16:51:14,459 - cmt.websocket - INFO - disconnect:62 - WebSocket disconnected. Total: 3
2026-01-12 16:51:17,462 - cmt.websocket - INFO - connect:49 - WebSocket connected (user_id=None). Total: 4
2026-01-12 16:51:17,464 - cmt.websocket - INFO - websocket_devices:188 - WebSocket client disconnected normally
2026-01-12 16:51:17,465 - cmt.websocket - INFO - disconnect:62 - WebSocket disconnected. Total: 3
2026-01-12 16:51:20,458 - cmt.websocket - INFO - websocket_devices:188 - WebSocket client disconnected normally
2026-01-12 16:51:20,458 - cmt.websocket - INFO - disconnect:62 - WebSocket disconnected. Total: 2
2026-01-12 16:51:20,459 - cmt.websocket - INFO - connect:49 - WebSocket connected (user_id=None). Total: 3
2026-01-12 16:51:23,466 - cmt.websocket - INFO - connect:49 - WebSocket connected (user_id=None). Total: 4
2026-01-12 16:51:23,469 - cmt.websocket - INFO - websocket_devices:188 - WebSocket client disconnected normally
2026-01-12 16:51:23,470 - cmt.websocket - INFO - disconnect:62 - WebSocket disconnected. Total: 3
2026-01-12 16:51:26,471 - cmt.websocket - INFO - connect:49 - WebSocket connected (user_id=None). Total: 4
2026-01-12 16:51:26,471 - cmt.websocket - INFO - websocket_devices:188 - WebSocket client disconnected normally
2026-01-12 16:51:26,472 - cmt.websocket - INFO - disconnect:62 - WebSocket disconnected. Total: 3
2026-01-12 16:51:29,477 - cmt.websocket - INFO - connect:49 - WebSocket connected (user_id=None). Total: 4
2026-01-12 16:51:29,479 - cmt.websocket - INFO - websocket_devices:188 - WebSocket client disconnected normally
2026-01-12 16:51:29,479 - cmt.websocket - INFO - disconnect:62 - WebSocket disconnected. Total: 3
2026-01-12 16:51:32,483 - cmt.websocket - INFO - connect:49 - WebSocket connected (user_id=None). Total: 4
2026-01-12 16:51:32,486 - cmt.websocket - INFO - websocket_devices:188 - WebSocket client disconnected normally
2026-01-12 16:51:32,486 - cmt.websocket - INFO - disconnect:62 - WebSocket disconnected. Total: 3
2026-01-12 16:51:35,490 - cmt.websocket - INFO - websocket_devices:188 - WebSocket client disconnected normally
2026-01-12 16:51:35,491 - cmt.websocket - INFO - disconnect:62 - WebSocket disconnected. Total: 2
2026-01-12 16:51:35,495 - cmt.websocket - INFO - connect:49 - WebSocket connected (user_id=None). Total: 3
2026-01-12 16:51:38,494 - cmt.websocket - INFO - connect:49 - WebSocket connected (user_id=None). Total: 4
2026-01-12 16:51:38,497 - cmt.websocket - INFO - websocket_devices:188 - WebSocket client disconnected normally
2026-01-12 16:51:38,497 - cmt.websocket - INFO - disconnect:62 - WebSocket disconnected. Total: 3
2026-01-12 16:51:41,497 - cmt.websocket - INFO - websocket_devices:188 - WebSocket client disconnected normally
2026-01-12 16:51:41,498 - cmt.websocket - INFO - disconnect:62 - WebSocket disconnected. Total: 2
2026-01-12 16:51:41,498 - cmt.websocket - INFO - connect:49 - WebSocket connected (user_id=None). Total: 3
2026-01-12 16:51:44,502 - cmt.websocket - INFO - connect:49 - WebSocket connected (user_id=None). Total: 4
2026-01-12 16:51:44,503 - cmt.websocket - INFO - websocket_devices:188 - WebSocket client disconnected normally
2026-01-12 16:51:44,504 - cmt.websocket - INFO - disconnect:62 - WebSocket disconnected. Total: 3
2026-01-12 16:51:47,505 - cmt.websocket - INFO - connect:49 - WebSocket connected (user_id=None). Total: 4
2026-01-12 16:51:47,507 - cmt.websocket - INFO - websocket_devices:188 - WebSocket client disconnected normally
2026-01-12 16:51:47,507 - cmt.websocket - INFO - disconnect:62 - WebSocket disconnected. Total: 3
2026-01-12 16:51:50,510 - cmt.websocket - INFO - connect:49 - WebSocket connected (user_id=None). Total: 4
2026-01-12 16:51:50,511 - cmt.websocket - INFO - websocket_devices:188 - WebSocket client disconnected normally
2026-01-12 16:51:50,512 - cmt.websocket - INFO - disconnect:62 - WebSocket disconnected. Total: 3
2026-01-12 16:51:53,515 - cmt.websocket - INFO - connect:49 - WebSocket connected (user_id=None). Total: 4
2026-01-12 16:51:53,516 - cmt.websocket - INFO - websocket_devices:188 - WebSocket client disconnected normally
2026-01-12 16:51:53,517 - cmt.websocket - INFO - disconnect:62 - WebSocket disconnected. Total: 3
2026-01-12 16:51:56,520 - cmt.websocket - INFO - connect:49 - WebSocket connected (user_id=None). Total: 4
2026-01-12 16:51:56,521 - cmt.websocket - INFO - websocket_devices:188 - WebSocket client disconnected normally
2026-01-12 16:51:56,522 - cmt.websocket - INFO - disconnect:62 - WebSocket disconnected. Total: 3
2026-01-12 16:51:59,526 - cmt.websocket - INFO - connect:49 - WebSocket connected (user_id=None). Total: 4
2026-01-12 16:51:59,528 - cmt.websocket - INFO - websocket_devices:188 - WebSocket client disconnected normally
2026-01-12 16:51:59,529 - cmt.websocket - INFO - disconnect:62 - WebSocket disconnected. Total: 3
2026-01-12 16:52:02,530 - cmt.websocket - INFO - connect:49 - WebSocket connected (user_id=None). Total: 4
2026-01-12 16:52:02,532 - cmt.websocket - INFO - websocket_devices:188 - WebSocket client disconnected normally
2026-01-12 16:52:02,533 - cmt.websocket - INFO - disconnect:62 - WebSocket disconnected. Total: 3
2026-01-12 16:52:05,530 - cmt.websocket - INFO - connect:49 - WebSocket connected (user_id=None). Total: 4
2026-01-12 16:52:05,532 - cmt.websocket - INFO - websocket_devices:188 - WebSocket client disconnected normally
2026-01-12 16:52:05,532 - cmt.websocket - INFO - disconnect:62 - WebSocket disconnected. Total: 3
2026-01-12 16:52:08,535 - cmt.websocket - INFO - websocket_devices:188 - WebSocket client disconnected normally
2026-01-12 16:52:08,535 - cmt.websocket - INFO - disconnect:62 - WebSocket disconnected. Total: 2
2026-01-12 16:52:08,536 - cmt.websocket - INFO - connect:49 - WebSocket connected (user_id=None). Total: 3
2026-01-12 16:52:11,539 - cmt.websocket - INFO - connect:49 - WebSocket connected (user_id=None). Total: 4
2026-01-12 16:52:11,540 - cmt.websocket - INFO - websocket_devices:188 - WebSocket client disconnected normally
2026-01-12 16:52:11,540 - cmt.websocket - INFO - disconnect:62 - WebSocket disconnected. Total: 3
2026-01-12 16:52:14,540 - cmt.websocket - INFO - websocket_devices:188 - WebSocket client disconnected normally
2026-01-12 16:52:14,541 - cmt.websocket - INFO - disconnect:62 - WebSocket disconnected. Total: 2
2026-01-12 16:52:14,543 - cmt.websocket - INFO - connect:49 - WebSocket connected (user_id=None). Total: 3
2026-01-12 16:52:17,547 - cmt.websocket - INFO - connect:49 - WebSocket connected (user_id=None). Total: 4
2026-01-12 16:52:17,547 - cmt.websocket - INFO - websocket_devices:188 - WebSocket client disconnected normally
2026-01-12 16:52:17,548 - cmt.websocket - INFO - disconnect:62 - WebSocket disconnected. Total: 3
2026-01-12 16:52:20,547 - cmt.websocket - INFO - websocket_devices:188 - WebSocket client disconnected normally
2026-01-12 16:52:20,547 - cmt.websocket - INFO - disconnect:62 - WebSocket disconnected. Total: 2
2026-01-12 16:52:20,548 - cmt.websocket - INFO - connect:49 - WebSocket connected (user_id=None). Total: 3
2026-01-12 16:52:23,553 - cmt.websocket - INFO - connect:49 - WebSocket connected (user_id=None). Total: 4
2026-01-12 16:52:23,553 - cmt.websocket - INFO - websocket_devices:188 - WebSocket client disconnected normally
2026-01-12 16:52:23,554 - cmt.websocket - INFO - disconnect:62 - WebSocket disconnected. Total: 3
2026-01-12 16:52:26,556 - cmt.websocket - INFO - websocket_devices:188 - WebSocket client disconnected normally
2026-01-12 16:52:26,557 - cmt.websocket - INFO - disconnect:62 - WebSocket disconnected. Total: 2
2026-01-12 16:52:26,558 - cmt.websocket - INFO - connect:49 - WebSocket connected (user_id=None). Total: 3
2026-01-12 16:52:29,560 - cmt.websocket - INFO - connect:49 - WebSocket connected (user_id=None). Total: 4
2026-01-12 16:52:29,563 - cmt.websocket - INFO - websocket_devices:188 - WebSocket client disconnected normally
2026-01-12 16:52:29,564 - cmt.websocket - INFO - disconnect:62 - WebSocket disconnected. Total: 3
2026-01-12 16:52:32,584 - cmt.websocket - INFO - connect:49 - WebSocket connected (user_id=None). Total: 4
2026-01-12 16:52:32,588 - cmt.websocket - INFO - websocket_devices:188 - WebSocket client disconnected normally
2026-01-12 16:52:32,588 - cmt.websocket - INFO - disconnect:62 - WebSocket disconnected. Total: 3
2026-01-12 16:52:35,574 - cmt.websocket - INFO - connect:49 - WebSocket connected (user_id=None). Total: 4
2026-01-12 16:52:35,576 - cmt.websocket - INFO - websocket_devices:188 - WebSocket client disconnected normally
2026-01-12 16:52:35,577 - cmt.websocket - INFO - disconnect:62 - WebSocket disconnected. Total: 3
2026-01-12 16:52:38,578 - cmt.websocket - INFO - connect:49 - WebSocket connected (user_id=None). Total: 4
2026-01-12 16:52:38,578 - cmt.websocket - INFO - websocket_devices:188 - WebSocket client disconnected normally
2026-01-12 16:52:38,578 - cmt.websocket - INFO - disconnect:62 - WebSocket disconnected. Total: 3
2026-01-12 16:52:41,580 - cmt.websocket - INFO - websocket_devices:188 - WebSocket client disconnected normally
2026-01-12 16:52:41,582 - cmt.websocket - INFO - disconnect:62 - WebSocket disconnected. Total: 2
2026-01-12 16:52:41,584 - cmt.websocket - INFO - connect:49 - WebSocket connected (user_id=None). Total: 3
2026-01-12 16:52:44,586 - cmt.websocket - INFO - connect:49 - WebSocket connected (user_id=None). Total: 4
2026-01-12 16:52:44,588 - cmt.websocket - INFO - websocket_devices:188 - WebSocket client disconnected normally
2026-01-12 16:52:44,588 - cmt.websocket - INFO - disconnect:62 - WebSocket disconnected. Total: 3
2026-01-12 16:52:47,591 - cmt.websocket - INFO - connect:49 - WebSocket connected (user_id=None). Total: 4
2026-01-12 16:52:47,593 - cmt.websocket - INFO - websocket_devices:188 - WebSocket client disconnected normally
2026-01-12 16:52:47,594 - cmt.websocket - INFO - disconnect:62 - WebSocket disconnected. Total: 3
2026-01-12 16:52:50,594 - cmt.websocket - INFO - connect:49 - WebSocket connected (user_id=None). Total: 4
2026-01-12 16:52:50,595 - cmt.websocket - INFO - websocket_devices:188 - WebSocket client disconnected normally
2026-01-12 16:52:50,596 - cmt.websocket - INFO - disconnect:62 - WebSocket disconnected. Total: 3
2026-01-12 16:52:53,597 - cmt.websocket - INFO - websocket_devices:188 - WebSocket client disconnected normally
2026-01-12 16:52:53,598 - cmt.websocket - INFO - disconnect:62 - WebSocket disconnected. Total: 2
2026-01-12 16:52:53,599 - cmt.websocket - INFO - connect:49 - WebSocket connected (user_id=None). Total: 3
2026-01-12 16:52:56,600 - cmt.websocket - INFO - connect:49 - WebSocket connected (user_id=None). Total: 4
2026-01-12 16:52:56,601 - cmt.websocket - INFO - websocket_devices:188 - WebSocket client disconnected normally
2026-01-12 16:52:56,601 - cmt.websocket - INFO - disconnect:62 - WebSocket disconnected. Total: 3
2026-01-12 16:52:59,607 - cmt.websocket - INFO - websocket_devices:188 - WebSocket client disconnected normally
2026-01-12 16:52:59,607 - cmt.websocket - INFO - disconnect:62 - WebSocket disconnected. Total: 2
2026-01-12 16:52:59,609 - cmt.websocket - INFO - connect:49 - WebSocket connected (user_id=None). Total: 3
2026-01-12 16:53:02,627 - cmt.websocket - INFO - connect:49 - WebSocket connected (user_id=None). Total: 4
2026-01-12 16:53:02,632 - cmt.websocket - INFO - websocket_devices:188 - WebSocket client disconnected normally
2026-01-12 16:53:02,633 - cmt.websocket - INFO - disconnect:62 - WebSocket disconnected. Total: 3
2026-01-12 16:53:05,624 - cmt.websocket - INFO - websocket_devices:188 - WebSocket client disconnected normally
2026-01-12 16:53:05,625 - cmt.websocket - INFO - disconnect:62 - WebSocket disconnected. Total: 2
2026-01-12 16:53:05,626 - cmt.websocket - INFO - connect:49 - WebSocket connected (user_id=None). Total: 3
2026-01-12 16:53:08,628 - cmt.websocket - INFO - websocket_devices:188 - WebSocket client disconnected normally
2026-01-12 16:53:08,629 - cmt.websocket - INFO - disconnect:62 - WebSocket disconnected. Total: 2
2026-01-12 16:53:08,630 - cmt.websocket - INFO - connect:49 - WebSocket connected (user_id=None). Total: 3
2026-01-12 16:53:11,633 - cmt.websocket - INFO - websocket_devices:188 - WebSocket client disconnected normally
2026-01-12 16:53:11,633 - cmt.websocket - INFO - disconnect:62 - WebSocket disconnected. Total: 2
2026-01-12 16:53:11,634 - cmt.websocket - INFO - connect:49 - WebSocket connected (user_id=None). Total: 3
2026-01-12 16:53:14,637 - cmt.websocket - INFO - connect:49 - WebSocket connected (user_id=None). Total: 4
2026-01-12 16:53:14,640 - cmt.websocket - INFO - websocket_devices:188 - WebSocket client disconnected normally
2026-01-12 16:53:14,640 - cmt.websocket - INFO - disconnect:62 - WebSocket disconnected. Total: 3
2026-01-12 16:53:17,639 - cmt.websocket - INFO - connect:49 - WebSocket connected (user_id=None). Total: 4
2026-01-12 16:53:17,641 - cmt.websocket - INFO - websocket_devices:188 - WebSocket client disconnected normally
2026-01-12 16:53:17,641 - cmt.websocket - INFO - disconnect:62 - WebSocket disconnected. Total: 3
2026-01-12 16:53:20,642 - cmt.websocket - INFO - websocket_devices:188 - WebSocket client disconnected normally
2026-01-12 16:53:20,642 - cmt.websocket - INFO - disconnect:62 - WebSocket disconnected. Total: 2
2026-01-12 16:53:20,644 - cmt.websocket - INFO - connect:49 - WebSocket connected (user_id=None). Total: 3
2026-01-12 16:53:23,646 - cmt.websocket - INFO - connect:49 - WebSocket connected (user_id=None). Total: 4
2026-01-12 16:53:23,647 - cmt.websocket - INFO - websocket_devices:188 - WebSocket client disconnected normally
2026-01-12 16:53:23,650 - cmt.websocket - INFO - disconnect:62 - WebSocket disconnected. Total: 3
2026-01-12 16:53:26,650 - cmt.websocket - INFO - connect:49 - WebSocket connected (user_id=None). Total: 4
2026-01-12 16:53:26,651 - cmt.websocket - INFO - websocket_devices:188 - WebSocket client disconnected normally
2026-01-12 16:53:26,651 - cmt.websocket - INFO - disconnect:62 - WebSocket disconnected. Total: 3
2026-01-12 16:53:29,659 - cmt.websocket - INFO - connect:49 - WebSocket connected (user_id=None). Total: 4
2026-01-12 16:53:29,661 - cmt.websocket - INFO - websocket_devices:188 - WebSocket client disconnected normally
2026-01-12 16:53:29,662 - cmt.websocket - INFO - disconnect:62 - WebSocket disconnected. Total: 3
2026-01-12 16:53:32,662 - cmt.websocket - INFO - connect:49 - WebSocket connected (user_id=None). Total: 4
2026-01-12 16:53:32,663 - cmt.websocket - INFO - websocket_devices:188 - WebSocket client disconnected normally
2026-01-12 16:53:32,664 - cmt.websocket - INFO - disconnect:62 - WebSocket disconnected. Total: 3
2026-01-12 16:53:35,666 - cmt.websocket - INFO - connect:49 - WebSocket connected (user_id=None). Total: 4
2026-01-12 16:53:35,669 - cmt.websocket - INFO - websocket_devices:188 - WebSocket client disconnected normally
2026-01-12 16:53:35,670 - cmt.websocket - INFO - disconnect:62 - WebSocket disconnected. Total: 3
2026-01-12 16:53:38,682 - cmt.websocket - INFO - connect:49 - WebSocket connected (user_id=None). Total: 4
2026-01-12 16:53:38,688 - cmt.websocket - INFO - websocket_devices:188 - WebSocket client disconnected normally
2026-01-12 16:53:38,689 - cmt.websocket - INFO - disconnect:62 - WebSocket disconnected. Total: 3
2026-01-12 16:53:41,680 - cmt.websocket - INFO - websocket_devices:188 - WebSocket client disconnected normally
2026-01-12 16:53:41,680 - cmt.websocket - INFO - disconnect:62 - WebSocket disconnected. Total: 2
2026-01-12 16:53:41,681 - cmt.websocket - INFO - connect:49 - WebSocket connected (user_id=None). Total: 3
2026-01-12 16:53:44,687 - cmt.websocket - INFO - connect:49 - WebSocket connected (user_id=None). Total: 4
2026-01-12 16:53:44,689 - cmt.websocket - INFO - websocket_devices:188 - WebSocket client disconnected normally
2026-01-12 16:53:44,690 - cmt.websocket - INFO - disconnect:62 - WebSocket disconnected. Total: 3
2026-01-12 16:53:47,690 - cmt.websocket - INFO - websocket_devices:188 - WebSocket client disconnected normally
2026-01-12 16:53:47,693 - cmt.websocket - INFO - disconnect:62 - WebSocket disconnected. Total: 2
2026-01-12 16:53:47,695 - cmt.websocket - INFO - connect:49 - WebSocket connected (user_id=None). Total: 3
2026-01-12 16:53:50,693 - cmt.websocket - INFO - connect:49 - WebSocket connected (user_id=None). Total: 4
2026-01-12 16:53:50,701 - cmt.websocket - INFO - websocket_devices:188 - WebSocket client disconnected normally
2026-01-12 16:53:50,703 - cmt.websocket - INFO - disconnect:62 - WebSocket disconnected. Total: 3
2026-01-12 16:53:53,696 - cmt.websocket - INFO - websocket_devices:188 - WebSocket client disconnected normally
2026-01-12 16:53:53,697 - cmt.websocket - INFO - disconnect:62 - WebSocket disconnected. Total: 2
2026-01-12 16:53:53,698 - cmt.websocket - INFO - connect:49 - WebSocket connected (user_id=None). Total: 3
2026-01-12 16:53:56,706 - cmt.websocket - INFO - connect:49 - WebSocket connected (user_id=None). Total: 4
2026-01-12 16:53:56,710 - cmt.websocket - INFO - websocket_devices:188 - WebSocket client disconnected normally
2026-01-12 16:53:56,711 - cmt.websocket - INFO - disconnect:62 - WebSocket disconnected. Total: 3
2026-01-12 16:53:59,709 - cmt.websocket - INFO - connect:49 - WebSocket connected (user_id=None). Total: 4
2026-01-12 16:53:59,712 - cmt.websocket - INFO - websocket_devices:188 - WebSocket client disconnected normally
2026-01-12 16:53:59,712 - cmt.websocket - INFO - disconnect:62 - WebSocket disconnected. Total: 3
2026-01-12 16:54:02,715 - cmt.websocket - INFO - connect:49 - WebSocket connected (user_id=None). Total: 4
2026-01-12 16:54:02,718 - cmt.websocket - INFO - websocket_devices:188 - WebSocket client disconnected normally
2026-01-12 16:54:02,718 - cmt.websocket - INFO - disconnect:62 - WebSocket disconnected. Total: 3
2026-01-12 16:54:05,740 - cmt.websocket - INFO - websocket_devices:188 - WebSocket client disconnected normally
2026-01-12 16:54:05,743 - cmt.websocket - INFO - disconnect:62 - WebSocket disconnected. Total: 2
2026-01-12 16:54:05,746 - cmt.websocket - INFO - connect:49 - WebSocket connected (user_id=None). Total: 3
2026-01-12 16:54:08,724 - cmt.websocket - INFO - connect:49 - WebSocket connected (user_id=None). Total: 4
2026-01-12 16:54:08,727 - cmt.websocket - INFO - websocket_devices:188 - WebSocket client disconnected normally
2026-01-12 16:54:08,728 - cmt.websocket - INFO - disconnect:62 - WebSocket disconnected. Total: 3
2026-01-12 16:54:11,724 - cmt.websocket - INFO - websocket_devices:188 - WebSocket client disconnected normally
2026-01-12 16:54:11,725 - cmt.websocket - INFO - disconnect:62 - WebSocket disconnected. Total: 2
2026-01-12 16:54:11,727 - cmt.websocket - INFO - connect:49 - WebSocket connected (user_id=None). Total: 3
2026-01-12 16:54:14,730 - cmt.websocket - INFO - connect:49 - WebSocket connected (user_id=None). Total: 4
2026-01-12 16:54:14,732 - cmt.websocket - INFO - websocket_devices:188 - WebSocket client disconnected normally
2026-01-12 16:54:14,732 - cmt.websocket - INFO - disconnect:62 - WebSocket disconnected. Total: 3
2026-01-12 16:54:17,740 - cmt.websocket - INFO - connect:49 - WebSocket connected (user_id=None). Total: 4
2026-01-12 16:54:17,745 - cmt.websocket - INFO - websocket_devices:188 - WebSocket client disconnected normally
2026-01-12 16:54:17,747 - cmt.websocket - INFO - disconnect:62 - WebSocket disconnected. Total: 3
2026-01-12 16:54:20,738 - cmt.websocket - INFO - connect:49 - WebSocket connected (user_id=None). Total: 4
2026-01-12 16:54:20,740 - cmt.websocket - INFO - websocket_devices:188 - WebSocket client disconnected normally
2026-01-12 16:54:20,741 - cmt.websocket - INFO - disconnect:62 - WebSocket disconnected. Total: 3
2026-01-12 16:54:23,740 - cmt.websocket - INFO - websocket_devices:188 - WebSocket client disconnected normally
2026-01-12 16:54:23,741 - cmt.websocket - INFO - disconnect:62 - WebSocket disconnected. Total: 2
2026-01-12 16:54:23,741 - cmt.websocket - INFO - connect:49 - WebSocket connected (user_id=None). Total: 3
2026-01-12 16:54:26,746 - cmt.websocket - INFO - connect:49 - WebSocket connected (user_id=None). Total: 4
2026-01-12 16:54:26,748 - cmt.websocket - INFO - websocket_devices:188 - WebSocket client disconnected normally
2026-01-12 16:54:26,748 - cmt.websocket - INFO - disconnect:62 - WebSocket disconnected. Total: 3
2026-01-12 16:54:29,750 - cmt.websocket - INFO - connect:49 - WebSocket connected (user_id=None). Total: 4
2026-01-12 16:54:29,751 - cmt.websocket - INFO - websocket_devices:188 - WebSocket client disconnected normally
2026-01-12 16:54:29,751 - cmt.websocket - INFO - disconnect:62 - WebSocket disconnected. Total: 3
2026-01-12 16:54:32,753 - cmt.websocket - INFO - connect:49 - WebSocket connected (user_id=None). Total: 4
2026-01-12 16:54:32,755 - cmt.websocket - INFO - websocket_devices:188 - WebSocket client disconnected normally
2026-01-12 16:54:32,756 - cmt.websocket - INFO - disconnect:62 - WebSocket disconnected. Total: 3
2026-01-12 16:54:35,761 - cmt.websocket - INFO - connect:49 - WebSocket connected (user_id=None). Total: 4
2026-01-12 16:54:35,763 - cmt.websocket - INFO - websocket_devices:188 - WebSocket client disconnected normally
2026-01-12 16:54:35,763 - cmt.websocket - INFO - disconnect:62 - WebSocket disconnected. Total: 3
2026-01-12 16:54:38,764 - cmt.websocket - INFO - connect:49 - WebSocket connected (user_id=None). Total: 4
2026-01-12 16:54:38,766 - cmt.websocket - INFO - websocket_devices:188 - WebSocket client disconnected normally
2026-01-12 16:54:38,767 - cmt.websocket - INFO - disconnect:62 - WebSocket disconnected. Total: 3
2026-01-12 16:54:41,764 - cmt.websocket - INFO - websocket_devices:188 - WebSocket client disconnected normally
2026-01-12 16:54:41,764 - cmt.websocket - INFO - disconnect:62 - WebSocket disconnected. Total: 2
2026-01-12 16:54:41,765 - cmt.websocket - INFO - connect:49 - WebSocket connected (user_id=None). Total: 3
2026-01-12 16:54:44,769 - cmt.websocket - INFO - connect:49 - WebSocket connected (user_id=None). Total: 4
2026-01-12 16:54:44,770 - cmt.websocket - INFO - websocket_devices:188 - WebSocket client disconnected normally
2026-01-12 16:54:44,770 - cmt.websocket - INFO - disconnect:62 - WebSocket disconnected. Total: 3
2026-01-12 16:54:47,772 - cmt.websocket - INFO - connect:49 - WebSocket connected (user_id=None). Total: 4
2026-01-12 16:54:47,775 - cmt.websocket - INFO - websocket_devices:188 - WebSocket client disconnected normally
2026-01-12 16:54:47,777 - cmt.websocket - INFO - disconnect:62 - WebSocket disconnected. Total: 3
2026-01-12 16:54:50,771 - cmt.websocket - INFO - connect:49 - WebSocket connected (user_id=None). Total: 4
2026-01-12 16:54:50,772 - cmt.websocket - INFO - websocket_devices:188 - WebSocket client disconnected normally
2026-01-12 16:54:50,773 - cmt.websocket - INFO - disconnect:62 - WebSocket disconnected. Total: 3
2026-01-12 16:54:53,773 - cmt.websocket - INFO - websocket_devices:188 - WebSocket client disconnected normally
2026-01-12 16:54:53,773 - cmt.websocket - INFO - disconnect:62 - WebSocket disconnected. Total: 2
2026-01-12 16:54:53,774 - cmt.websocket - INFO - connect:49 - WebSocket connected (user_id=None). Total: 3
2026-01-12 16:54:56,779 - cmt.websocket - INFO - connect:49 - WebSocket connected (user_id=None). Total: 4
2026-01-12 16:54:56,779 - cmt.websocket - INFO - websocket_devices:188 - WebSocket client disconnected normally
2026-01-12 16:54:56,780 - cmt.websocket - INFO - disconnect:62 - WebSocket disconnected. Total: 3
2026-01-12 16:54:59,781 - cmt.websocket - INFO - connect:49 - WebSocket connected (user_id=None). Total: 4
2026-01-12 16:54:59,782 - cmt.websocket - INFO - websocket_devices:188 - WebSocket client disconnected normally
2026-01-12 16:54:59,783 - cmt.websocket - INFO - disconnect:62 - WebSocket disconnected. Total: 3
2026-01-12 16:55:02,861 - cmt.websocket - INFO - connect:49 - WebSocket connected (user_id=None). Total: 4
2026-01-12 16:55:02,865 - cmt.websocket - INFO - websocket_devices:188 - WebSocket client disconnected normally
2026-01-12 16:55:02,865 - cmt.websocket - INFO - disconnect:62 - WebSocket disconnected. Total: 3
2026-01-12 16:55:05,864 - cmt.websocket - INFO - connect:49 - WebSocket connected (user_id=None). Total: 4
2026-01-12 16:55:05,866 - cmt.websocket - INFO - websocket_devices:188 - WebSocket client disconnected normally
2026-01-12 16:55:05,867 - cmt.websocket - INFO - disconnect:62 - WebSocket disconnected. Total: 3
2026-01-12 16:55:08,868 - cmt.websocket - INFO - connect:49 - WebSocket connected (user_id=None). Total: 4
2026-01-12 16:55:08,869 - cmt.websocket - INFO - websocket_devices:188 - WebSocket client disconnected normally
2026-01-12 16:55:08,871 - cmt.websocket - INFO - disconnect:62 - WebSocket disconnected. Total: 3
2026-01-12 16:55:11,872 - cmt.websocket - INFO - websocket_devices:188 - WebSocket client disconnected normally
2026-01-12 16:55:11,872 - cmt.websocket - INFO - disconnect:62 - WebSocket disconnected. Total: 2
2026-01-12 16:55:11,872 - cmt.websocket - INFO - connect:49 - WebSocket connected (user_id=None). Total: 3
2026-01-12 16:55:14,883 - cmt.websocket - INFO - connect:49 - WebSocket connected (user_id=None). Total: 4
2026-01-12 16:55:14,886 - cmt.websocket - INFO - websocket_devices:188 - WebSocket client disconnected normally
2026-01-12 16:55:14,888 - cmt.websocket - INFO - disconnect:62 - WebSocket disconnected. Total: 3
2026-01-12 16:55:17,889 - cmt.websocket - INFO - connect:49 - WebSocket connected (user_id=None). Total: 4
2026-01-12 16:55:17,893 - cmt.websocket - INFO - websocket_devices:188 - WebSocket client disconnected normally
2026-01-12 16:55:17,893 - cmt.websocket - INFO - disconnect:62 - WebSocket disconnected. Total: 3
2026-01-12 16:55:20,887 - cmt.websocket - INFO - websocket_devices:188 - WebSocket client disconnected normally
2026-01-12 16:55:20,887 - cmt.websocket - INFO - disconnect:62 - WebSocket disconnected. Total: 2
2026-01-12 16:55:20,888 - cmt.websocket - INFO - connect:49 - WebSocket connected (user_id=None). Total: 3
2026-01-12 16:55:23,893 - cmt.websocket - INFO - connect:49 - WebSocket connected (user_id=None). Total: 4
2026-01-12 16:55:23,895 - cmt.websocket - INFO - websocket_devices:188 - WebSocket client disconnected normally
2026-01-12 16:55:23,896 - cmt.websocket - INFO - disconnect:62 - WebSocket disconnected. Total: 3
2026-01-12 16:55:26,899 - cmt.websocket - INFO - connect:49 - WebSocket connected (user_id=None). Total: 4
2026-01-12 16:55:26,903 - cmt.websocket - INFO - websocket_devices:188 - WebSocket client disconnected normally
2026-01-12 16:55:26,903 - cmt.websocket - INFO - disconnect:62 - WebSocket disconnected. Total: 3
2026-01-12 16:55:29,922 - cmt.websocket - INFO - connect:49 - WebSocket connected (user_id=None). Total: 4
2026-01-12 16:55:29,926 - cmt.websocket - INFO - websocket_devices:188 - WebSocket client disconnected normally
2026-01-12 16:55:29,926 - cmt.websocket - INFO - disconnect:62 - WebSocket disconnected. Total: 3
2026-01-12 16:55:30,707 - cmt.websocket - INFO - websocket_devices:188 - WebSocket client disconnected normally
2026-01-12 16:55:30,708 - cmt.websocket - INFO - disconnect:62 - WebSocket disconnected. Total: 2
2026-01-12 16:55:40,746 - cmt.websocket - INFO - connect:49 - WebSocket connected (user_id=None). Total: 3
2026-01-12 16:55:40,760 - cmt.websocket - INFO - connect:49 - WebSocket connected (user_id=None). Total: 4
2026-01-12 16:55:40,798 - cmt.websocket - INFO - websocket_devices:188 - WebSocket client disconnected normally
2026-01-12 16:55:40,799 - cmt.websocket - INFO - disconnect:62 - WebSocket disconnected. Total: 3
2026-01-12 16:55:43,825 - cmt.websocket - INFO - connect:49 - WebSocket connected (user_id=None). Total: 4
2026-01-12 16:55:43,827 - cmt.websocket - INFO - websocket_devices:188 - WebSocket client disconnected normally
2026-01-12 16:55:43,828 - cmt.websocket - INFO - disconnect:62 - WebSocket disconnected. Total: 3
2026-01-12 16:55:45,304 - cmt.f5 - INFO - _connect_to_f5:348 - Successfully connected to F5: 10.119.8.85
2026-01-12 16:55:45,306 - cmt.f5 - INFO - _perform_scan:412 - Scanning certificates on F5 device usdc02-fab1-lb-002-white.network.axadmin.net (10.119.8.85)
2026-01-12 16:55:45,320 - cmt.f5 - INFO - _connect_to_f5:348 - Successfully connected to F5: 10.119.8.87
2026-01-12 16:55:45,322 - cmt.f5 - INFO - _perform_scan:412 - Scanning certificates on F5 device usdc02-fab1-lb-002-grpur.network.axadmin.net (10.119.8.87)
2026-01-12 16:55:45,406 - cmt.f5 - INFO - _connect_to_f5:348 - Successfully connected to F5: 10.119.8.89
2026-01-12 16:55:45,407 - cmt.f5 - INFO - _perform_scan:412 - Scanning certificates on F5 device usdc02-fab1-lb-002-rell-npd.solera.farm (10.119.8.89)
2026-01-12 16:55:45,614 - cmt.f5 - INFO - _connect_to_f5:348 - Successfully connected to F5: 10.119.8.88
2026-01-12 16:55:45,615 - cmt.f5 - INFO - _perform_scan:412 - Scanning certificates on F5 device usdc02-fab1-lb-001-rell-npd.solera.farm (10.119.8.88)
2026-01-12 16:55:45,806 - cmt.f5 - INFO - _perform_scan:419 - Facts updated for usdc02-fab1-lb-002-white.network.axadmin.net: ['version', 'ha_state', 'sync_status', 'dns_servers']
2026-01-12 16:55:45,806 - cmt.f5 - INFO - _perform_scan:419 - Facts updated for usdc02-fab1-lb-002-grpur.network.axadmin.net: ['version', 'ha_state', 'sync_status', 'dns_servers']
2026-01-12 16:55:45,925 - cmt.f5 - INFO - _perform_scan:419 - Facts updated for usdc02-fab1-lb-002-rell-npd.solera.farm: ['version', 'ha_state', 'sync_status', 'dns_servers']
2026-01-12 16:55:46,144 - cmt.f5 - INFO - _perform_scan:419 - Facts updated for usdc02-fab1-lb-001-rell-npd.solera.farm: ['version', 'ha_state', 'sync_status', 'dns_servers']
2026-01-12 16:55:46,829 - cmt.websocket - INFO - websocket_devices:188 - WebSocket client disconnected normally
2026-01-12 16:55:46,829 - cmt.websocket - INFO - disconnect:62 - WebSocket disconnected. Total: 2
2026-01-12 16:55:46,830 - cmt.websocket - INFO - connect:49 - WebSocket connected (user_id=None). Total: 3
2026-01-12 16:55:49,833 - cmt.websocket - INFO - websocket_devices:188 - WebSocket client disconnected normally
2026-01-12 16:55:49,833 - cmt.websocket - INFO - disconnect:62 - WebSocket disconnected. Total: 2
2026-01-12 16:55:49,834 - cmt.websocket - INFO - connect:49 - WebSocket connected (user_id=None). Total: 3
2026-01-12 16:55:51,032 - cmt.f5 - INFO - _perform_scan:535 - Database commit successful for usdc02-fab1-lb-002-grpur.network.axadmin.net
2026-01-12 16:55:51,032 - cmt.f5 - INFO - _perform_scan:537 - Scan complete for usdc02-fab1-lb-002-grpur.network.axadmin.net. Certs - New: 44, Updated: 0, Removed: 0. Facts refreshed: 4 field(s).
2026-01-12 16:55:51,887 - cmt.f5 - INFO - _perform_scan:535 - Database commit successful for usdc02-fab1-lb-002-white.network.axadmin.net
2026-01-12 16:55:51,887 - cmt.f5 - INFO - _perform_scan:537 - Scan complete for usdc02-fab1-lb-002-white.network.axadmin.net. Certs - New: 51, Updated: 0, Removed: 0. Facts refreshed: 4 field(s).
2026-01-12 16:55:52,090 - cmt.f5 - INFO - _connect_to_f5:348 - Successfully connected to F5: 10.119.8.83
2026-01-12 16:55:52,092 - cmt.f5 - INFO - _perform_scan:412 - Scanning certificates on F5 device usdc02-fab1-lb-002-black.network.axadmin.net (10.119.8.83)
2026-01-12 16:55:52,556 - cmt.f5 - INFO - _perform_scan:419 - Facts updated for usdc02-fab1-lb-002-black.network.axadmin.net: ['version', 'ha_state', 'sync_status', 'dns_servers']
2026-01-12 16:55:52,835 - cmt.websocket - INFO - websocket_devices:188 - WebSocket client disconnected normally
2026-01-12 16:55:52,836 - cmt.websocket - INFO - disconnect:62 - WebSocket disconnected. Total: 2
2026-01-12 16:55:52,837 - cmt.websocket - INFO - connect:49 - WebSocket connected (user_id=None). Total: 3
2026-01-12 16:55:53,011 - cmt.f5 - INFO - _connect_to_f5:348 - Successfully connected to F5: 10.119.8.86
2026-01-12 16:55:53,012 - cmt.f5 - INFO - _perform_scan:412 - Scanning certificates on F5 device usdc02-fab1-lb-001-grpur.network.axadmin.net (10.119.8.86)
2026-01-12 16:55:53,789 - cmt.f5 - INFO - _perform_scan:419 - Facts updated for usdc02-fab1-lb-001-grpur.network.axadmin.net: ['version', 'ha_state', 'sync_status', 'dns_servers']
2026-01-12 16:55:55,149 - cmt.f5 - INFO - _perform_scan:535 - Database commit successful for usdc02-fab1-lb-002-rell-npd.solera.farm
2026-01-12 16:55:55,149 - cmt.f5 - INFO - _perform_scan:537 - Scan complete for usdc02-fab1-lb-002-rell-npd.solera.farm. Certs - New: 69, Updated: 0, Removed: 0. Facts refreshed: 4 field(s).
2026-01-12 16:55:55,289 - cmt.f5 - INFO - _perform_scan:535 - Database commit successful for usdc02-fab1-lb-001-rell-npd.solera.farm
2026-01-12 16:55:55,289 - cmt.f5 - INFO - _perform_scan:537 - Scan complete for usdc02-fab1-lb-001-rell-npd.solera.farm. Certs - New: 69, Updated: 0, Removed: 0. Facts refreshed: 4 field(s).
2026-01-12 16:55:55,842 - cmt.websocket - INFO - connect:49 - WebSocket connected (user_id=None). Total: 4
2026-01-12 16:55:55,845 - cmt.websocket - INFO - websocket_devices:188 - WebSocket client disconnected normally
2026-01-12 16:55:55,846 - cmt.websocket - INFO - disconnect:62 - WebSocket disconnected. Total: 3
2026-01-12 16:55:56,260 - cmt.f5 - INFO - _connect_to_f5:348 - Successfully connected to F5: 10.119.8.82
2026-01-12 16:55:56,266 - cmt.f5 - INFO - _perform_scan:412 - Scanning certificates on F5 device usdc02-fab1-lb-001-black.network.axadmin.net (10.119.8.82)
2026-01-12 16:55:56,369 - cmt.f5 - INFO - _connect_to_f5:348 - Successfully connected to F5: 10.119.8.84
2026-01-12 16:55:56,371 - cmt.f5 - INFO - _perform_scan:412 - Scanning certificates on F5 device usdc02-fab1-lb-001-white.network.axadmin.net (10.119.8.84)
2026-01-12 16:55:56,874 - cmt.f5 - INFO - _perform_scan:419 - Facts updated for usdc02-fab1-lb-001-black.network.axadmin.net: ['version', 'ha_state', 'sync_status', 'dns_servers']
2026-01-12 16:55:56,958 - cmt.f5 - INFO - _perform_scan:419 - Facts updated for usdc02-fab1-lb-001-white.network.axadmin.net: ['version', 'ha_state', 'sync_status', 'dns_servers']
2026-01-12 16:55:58,847 - cmt.websocket - INFO - connect:49 - WebSocket connected (user_id=None). Total: 4
2026-01-12 16:55:58,848 - cmt.websocket - INFO - websocket_devices:188 - WebSocket client disconnected normally
2026-01-12 16:55:58,848 - cmt.websocket - INFO - disconnect:62 - WebSocket disconnected. Total: 3
2026-01-12 16:55:59,692 - cmt.f5 - INFO - _perform_scan:535 - Database commit successful for usdc02-fab1-lb-001-grpur.network.axadmin.net
2026-01-12 16:55:59,693 - cmt.f5 - INFO - _perform_scan:537 - Scan complete for usdc02-fab1-lb-001-grpur.network.axadmin.net. Certs - New: 44, Updated: 0, Removed: 0. Facts refreshed: 4 field(s).
2026-01-12 16:56:01,847 - cmt.websocket - INFO - websocket_devices:188 - WebSocket client disconnected normally
2026-01-12 16:56:01,848 - cmt.websocket - INFO - disconnect:62 - WebSocket disconnected. Total: 2
2026-01-12 16:56:01,849 - cmt.websocket - INFO - connect:49 - WebSocket connected (user_id=None). Total: 3
2026-01-12 16:56:02,062 - cmt.f5 - INFO - _connect_to_f5:348 - Successfully connected to F5: 10.119.16.91
2026-01-12 16:56:02,063 - cmt.f5 - INFO - _perform_scan:412 - Scanning certificates on F5 device eudc01-lb-002-test.network.axadmin.net (10.119.16.91)
2026-01-12 16:56:02,969 - cmt.f5 - INFO - _perform_scan:419 - Facts updated for eudc01-lb-002-test.network.axadmin.net: ['ha_state', 'sync_status']
2026-01-12 16:56:03,935 - cmt.f5 - INFO - _perform_scan:535 - Database commit successful for usdc02-fab1-lb-001-white.network.axadmin.net
2026-01-12 16:56:03,936 - cmt.f5 - INFO - _perform_scan:537 - Scan complete for usdc02-fab1-lb-001-white.network.axadmin.net. Certs - New: 51, Updated: 0, Removed: 0. Facts refreshed: 4 field(s).
2026-01-12 16:56:04,160 - cmt.f5 - INFO - _perform_scan:535 - Database commit successful for eudc01-lb-002-test.network.axadmin.net
2026-01-12 16:56:04,161 - cmt.f5 - INFO - _perform_scan:537 - Scan complete for eudc01-lb-002-test.network.axadmin.net. Certs - New: 5, Updated: 0, Removed: 0. Facts refreshed: 2 field(s).
2026-01-12 16:56:04,852 - cmt.websocket - INFO - connect:49 - WebSocket connected (user_id=None). Total: 4
2026-01-12 16:56:04,853 - cmt.websocket - INFO - websocket_devices:188 - WebSocket client disconnected normally
2026-01-12 16:56:04,853 - cmt.websocket - INFO - disconnect:62 - WebSocket disconnected. Total: 3
2026-01-12 16:56:05,631 - cmt.f5 - INFO - _connect_to_f5:348 - Successfully connected to F5: 10.119.16.87
2026-01-12 16:56:05,632 - cmt.f5 - INFO - _perform_scan:412 - Scanning certificates on F5 device eudc01-lb-002-greenpurple.network.axadmin.net (10.119.16.87)
2026-01-12 16:56:05,996 - cmt.f5 - INFO - _connect_to_f5:348 - Successfully connected to F5: 10.119.16.85
2026-01-12 16:56:05,997 - cmt.f5 - INFO - _perform_scan:412 - Scanning certificates on F5 device eudc01-lb-002-white.network.axadmin.net (10.119.16.85)
2026-01-12 16:56:06,600 - cmt.f5 - INFO - _perform_scan:419 - Facts updated for eudc01-lb-002-greenpurple.network.axadmin.net: ['version', 'ha_state', 'sync_status', 'dns_servers']
2026-01-12 16:56:07,415 - cmt.f5 - INFO - _perform_scan:419 - Facts updated for eudc01-lb-002-white.network.axadmin.net: ['version', 'ha_state', 'sync_status', 'dns_servers']
2026-01-12 16:56:07,862 - cmt.websocket - INFO - connect:49 - WebSocket connected (user_id=None). Total: 4
2026-01-12 16:56:07,869 - cmt.websocket - INFO - websocket_devices:188 - WebSocket client disconnected normally
2026-01-12 16:56:07,869 - cmt.websocket - INFO - disconnect:62 - WebSocket disconnected. Total: 3
2026-01-12 16:56:10,083 - cmt.f5 - INFO - _perform_scan:535 - Database commit successful for usdc02-fab1-lb-002-black.network.axadmin.net
2026-01-12 16:56:10,083 - cmt.f5 - INFO - _perform_scan:537 - Scan complete for usdc02-fab1-lb-002-black.network.axadmin.net. Certs - New: 147, Updated: 0, Removed: 0. Facts refreshed: 4 field(s).
2026-01-12 16:56:10,862 - cmt.websocket - INFO - connect:49 - WebSocket connected (user_id=None). Total: 4
2026-01-12 16:56:10,863 - cmt.websocket - INFO - websocket_devices:188 - WebSocket client disconnected normally
2026-01-12 16:56:10,863 - cmt.websocket - INFO - disconnect:62 - WebSocket disconnected. Total: 3
2026-01-12 16:56:12,178 - cmt.f5 - INFO - _connect_to_f5:348 - Successfully connected to F5: 10.119.16.89
2026-01-12 16:56:12,179 - cmt.f5 - INFO - _perform_scan:412 - Scanning certificates on F5 device eudc01-lb-002-nonprod.network.axadmin.net (10.119.16.89)
2026-01-12 16:56:13,223 - cmt.f5 - INFO - _perform_scan:419 - Facts updated for eudc01-lb-002-nonprod.network.axadmin.net: ['version', 'ha_state', 'sync_status', 'dns_servers']
2026-01-12 16:56:13,866 - cmt.websocket - INFO - connect:49 - WebSocket connected (user_id=None). Total: 4
2026-01-12 16:56:13,867 - cmt.websocket - INFO - websocket_devices:188 - WebSocket client disconnected normally
2026-01-12 16:56:13,868 - cmt.websocket - INFO - disconnect:62 - WebSocket disconnected. Total: 3
2026-01-12 16:56:16,269 - cmt.f5 - INFO - _perform_scan:535 - Database commit successful for eudc01-lb-002-greenpurple.network.axadmin.net
2026-01-12 16:56:16,270 - cmt.f5 - INFO - _perform_scan:537 - Scan complete for eudc01-lb-002-greenpurple.network.axadmin.net. Certs - New: 40, Updated: 0, Removed: 0. Facts refreshed: 4 field(s).
2026-01-12 16:56:16,877 - cmt.websocket - INFO - connect:49 - WebSocket connected (user_id=None). Total: 4
2026-01-12 16:56:16,881 - cmt.websocket - INFO - websocket_devices:188 - WebSocket client disconnected normally
2026-01-12 16:56:16,881 - cmt.websocket - INFO - disconnect:62 - WebSocket disconnected. Total: 3
2026-01-12 16:56:17,561 - cmt.f5 - INFO - _perform_scan:535 - Database commit successful for usdc02-fab1-lb-001-black.network.axadmin.net
2026-01-12 16:56:17,561 - cmt.f5 - INFO - _perform_scan:537 - Scan complete for usdc02-fab1-lb-001-black.network.axadmin.net. Certs - New: 147, Updated: 0, Removed: 0. Facts refreshed: 4 field(s).
2026-01-12 16:56:17,905 - cmt.f5 - INFO - _connect_to_f5:348 - Successfully connected to F5: 10.119.16.81
2026-01-12 16:56:17,906 - cmt.f5 - INFO - _perform_scan:412 - Scanning certificates on F5 device eudc01-lb-002-blue.network.axadmin.net (10.119.16.81)
2026-01-12 16:56:18,910 - cmt.f5 - INFO - _perform_scan:419 - Facts updated for eudc01-lb-002-blue.network.axadmin.net: ['version', 'ha_state', 'sync_status', 'dns_servers']
2026-01-12 16:56:19,279 - cmt.f5 - INFO - _connect_to_f5:348 - Successfully connected to F5: 10.119.16.83
2026-01-12 16:56:19,279 - cmt.f5 - INFO - _perform_scan:412 - Scanning certificates on F5 device eudc01-lb-002-black.network.axadmin.net (10.119.16.83)
2026-01-12 16:56:19,875 - cmt.websocket - INFO - websocket_devices:188 - WebSocket client disconnected normally
2026-01-12 16:56:19,876 - cmt.websocket - INFO - disconnect:62 - WebSocket disconnected. Total: 2
2026-01-12 16:56:19,877 - cmt.websocket - INFO - connect:49 - WebSocket connected (user_id=None). Total: 3
2026-01-12 16:56:20,503 - cmt.f5 - INFO - _perform_scan:419 - Facts updated for eudc01-lb-002-black.network.axadmin.net: ['version', 'ha_state', 'sync_status', 'dns_servers']
2026-01-12 16:56:22,884 - cmt.websocket - INFO - connect:49 - WebSocket connected (user_id=None). Total: 4
2026-01-12 16:56:22,885 - cmt.websocket - INFO - websocket_devices:188 - WebSocket client disconnected normally
2026-01-12 16:56:22,886 - cmt.websocket - INFO - disconnect:62 - WebSocket disconnected. Total: 3
2026-01-12 16:56:25,885 - cmt.websocket - INFO - websocket_devices:188 - WebSocket client disconnected normally
2026-01-12 16:56:25,885 - cmt.websocket - INFO - disconnect:62 - WebSocket disconnected. Total: 2
2026-01-12 16:56:25,886 - cmt.websocket - INFO - connect:49 - WebSocket connected (user_id=None). Total: 3
2026-01-12 16:56:28,892 - cmt.websocket - INFO - connect:49 - WebSocket connected (user_id=None). Total: 4
2026-01-12 16:56:28,892 - cmt.websocket - INFO - websocket_devices:188 - WebSocket client disconnected normally
2026-01-12 16:56:28,893 - cmt.websocket - INFO - disconnect:62 - WebSocket disconnected. Total: 3
2026-01-12 16:56:31,897 - cmt.websocket - INFO - connect:49 - WebSocket connected (user_id=None). Total: 4
2026-01-12 16:56:31,898 - cmt.websocket - INFO - websocket_devices:188 - WebSocket client disconnected normally
2026-01-12 16:56:31,898 - cmt.websocket - INFO - disconnect:62 - WebSocket disconnected. Total: 3
2026-01-12 16:56:33,960 - cmt.f5 - INFO - _perform_scan:535 - Database commit successful for eudc01-lb-002-white.network.axadmin.net
2026-01-12 16:56:33,960 - cmt.f5 - INFO - _perform_scan:537 - Scan complete for eudc01-lb-002-white.network.axadmin.net. Certs - New: 119, Updated: 0, Removed: 0. Facts refreshed: 4 field(s).
2026-01-12 16:56:34,907 - cmt.websocket - INFO - connect:49 - WebSocket connected (user_id=None). Total: 4
2026-01-12 16:56:34,911 - cmt.websocket - INFO - websocket_devices:188 - WebSocket client disconnected normally
2026-01-12 16:56:34,914 - cmt.websocket - INFO - disconnect:62 - WebSocket disconnected. Total: 3
2026-01-12 16:56:36,626 - cmt.f5 - INFO - _connect_to_f5:348 - Successfully connected to F5: 10.119.24.87
2026-01-12 16:56:36,627 - cmt.f5 - INFO - _perform_scan:412 - Scanning certificates on F5 device eudc02-lb-002-greenpurple.network.axadmin.net (10.119.24.87)
2026-01-12 16:56:37,552 - cmt.f5 - INFO - _perform_scan:419 - Facts updated for eudc02-lb-002-greenpurple.network.axadmin.net: ['version', 'ha_state', 'sync_status', 'dns_servers']
2026-01-12 16:56:37,876 - cmt.f5 - INFO - _perform_scan:535 - Database commit successful for eudc01-lb-002-nonprod.network.axadmin.net
2026-01-12 16:56:37,878 - cmt.f5 - INFO - _perform_scan:537 - Scan complete for eudc01-lb-002-nonprod.network.axadmin.net. Certs - New: 118, Updated: 0, Removed: 0. Facts refreshed: 4 field(s).
2026-01-12 16:56:37,915 - cmt.websocket - INFO - connect:49 - WebSocket connected (user_id=None). Total: 4
2026-01-12 16:56:37,917 - cmt.websocket - INFO - websocket_devices:188 - WebSocket client disconnected normally
2026-01-12 16:56:37,918 - cmt.websocket - INFO - disconnect:62 - WebSocket disconnected. Total: 3
2026-01-12 16:56:39,814 - cmt.f5 - INFO - _connect_to_f5:348 - Successfully connected to F5: 10.119.24.83
2026-01-12 16:56:39,846 - cmt.f5 - INFO - _perform_scan:412 - Scanning certificates on F5 device eudc02-lb-002-black.network.axadmin.net (10.119.24.83)
2026-01-12 16:56:40,833 - cmt.f5 - INFO - _perform_scan:419 - Facts updated for eudc02-lb-002-black.network.axadmin.net: ['version', 'ha_state', 'sync_status', 'dns_servers']
2026-01-12 16:56:40,914 - cmt.websocket - INFO - websocket_devices:188 - WebSocket client disconnected normally
2026-01-12 16:56:40,914 - cmt.websocket - INFO - disconnect:62 - WebSocket disconnected. Total: 2
2026-01-12 16:56:40,920 - cmt.websocket - INFO - connect:49 - WebSocket connected (user_id=None). Total: 3
2026-01-12 16:56:43,197 - cmt.f5 - INFO - _perform_scan:535 - Database commit successful for eudc01-lb-002-blue.network.axadmin.net
2026-01-12 16:56:43,198 - cmt.f5 - INFO - _perform_scan:537 - Scan complete for eudc01-lb-002-blue.network.axadmin.net. Certs - New: 116, Updated: 0, Removed: 0. Facts refreshed: 4 field(s).
2026-01-12 16:56:43,919 - cmt.websocket - INFO - connect:49 - WebSocket connected (user_id=None). Total: 4
2026-01-12 16:56:43,919 - cmt.websocket - INFO - websocket_devices:188 - WebSocket client disconnected normally
2026-01-12 16:56:43,919 - cmt.websocket - INFO - disconnect:62 - WebSocket disconnected. Total: 3
2026-01-12 16:56:44,171 - cmt.f5 - INFO - _connect_to_f5:348 - Successfully connected to F5: 10.119.0.85
2026-01-12 16:56:44,172 - cmt.f5 - INFO - _perform_scan:412 - Scanning certificates on F5 device usdc01-fab1-lb-002-white.network.axadmin.net (10.119.0.85)
2026-01-12 16:56:44,616 - cmt.f5 - INFO - _perform_scan:419 - Facts updated for usdc01-fab1-lb-002-white.network.axadmin.net: ['version', 'ha_state', 'sync_status', 'dns_servers']
2026-01-12 16:56:44,675 - cmt.f5 - INFO - _perform_scan:535 - Database commit successful for eudc01-lb-002-black.network.axadmin.net
2026-01-12 16:56:44,675 - cmt.f5 - INFO - _perform_scan:537 - Scan complete for eudc01-lb-002-black.network.axadmin.net. Certs - New: 108, Updated: 0, Removed: 0. Facts refreshed: 4 field(s).
2026-01-12 16:56:45,745 - cmt.f5 - INFO - _connect_to_f5:348 - Successfully connected to F5: 10.119.0.87
2026-01-12 16:56:45,746 - cmt.f5 - INFO - _perform_scan:412 - Scanning certificates on F5 device USDC01-LB02-GRPUR-SEC.solera.farm (10.119.0.87)
2026-01-12 16:56:46,593 - cmt.f5 - INFO - _perform_scan:419 - Facts updated for USDC01-LB02-GRPUR-SEC.solera.farm: ['version', 'ha_state', 'sync_status', 'dns_servers']
2026-01-12 16:56:46,922 - cmt.websocket - INFO - connect:49 - WebSocket connected (user_id=None). Total: 4
2026-01-12 16:56:46,923 - cmt.websocket - INFO - websocket_devices:188 - WebSocket client disconnected normally
2026-01-12 16:56:46,924 - cmt.websocket - INFO - disconnect:62 - WebSocket disconnected. Total: 3
2026-01-12 16:56:49,100 - cmt.f5 - INFO - _perform_scan:535 - Database commit successful for usdc01-fab1-lb-002-white.network.axadmin.net
2026-01-12 16:56:49,101 - cmt.f5 - INFO - _perform_scan:537 - Scan complete for usdc01-fab1-lb-002-white.network.axadmin.net. Certs - New: 38, Updated: 0, Removed: 0. Facts refreshed: 4 field(s).
2026-01-12 16:56:49,921 - cmt.f5 - INFO - _connect_to_f5:348 - Successfully connected to F5: 10.119.0.89
2026-01-12 16:56:49,921 - cmt.f5 - INFO - _perform_scan:412 - Scanning certificates on F5 device USDC01-LB02-BLUENP-SEC.solera.farm (10.119.0.89)
2026-01-12 16:56:49,924 - cmt.websocket - INFO - websocket_devices:188 - WebSocket client disconnected normally
2026-01-12 16:56:49,925 - cmt.websocket - INFO - disconnect:62 - WebSocket disconnected. Total: 2
2026-01-12 16:56:49,926 - cmt.websocket - INFO - connect:49 - WebSocket connected (user_id=None). Total: 3
2026-01-12 16:56:50,466 - cmt.f5 - INFO - _perform_scan:419 - Facts updated for USDC01-LB02-BLUENP-SEC.solera.farm: ['version', 'ha_state', 'sync_status', 'dns_servers']
2026-01-12 16:56:51,241 - cmt.f5 - INFO - _perform_scan:535 - Database commit successful for USDC01-LB02-GRPUR-SEC.solera.farm
2026-01-12 16:56:51,241 - cmt.f5 - INFO - _perform_scan:537 - Scan complete for USDC01-LB02-GRPUR-SEC.solera.farm. Certs - New: 41, Updated: 0, Removed: 0. Facts refreshed: 4 field(s).
2026-01-12 16:56:52,237 - cmt.f5 - INFO - _connect_to_f5:348 - Successfully connected to F5: 10.119.0.91
2026-01-12 16:56:52,238 - cmt.f5 - INFO - _perform_scan:412 - Scanning certificates on F5 device usdc01-fab1-lb-002-black-nonprod.network.axadmin.net (10.119.0.91)
2026-01-12 16:56:52,693 - cmt.f5 - INFO - _perform_scan:419 - Facts updated for usdc01-fab1-lb-002-black-nonprod.network.axadmin.net: ['version', 'ha_state', 'sync_status', 'dns_servers']
2026-01-12 16:56:52,884 - cmt.f5 - INFO - _perform_scan:535 - Database commit successful for USDC01-LB02-BLUENP-SEC.solera.farm
2026-01-12 16:56:52,884 - cmt.f5 - INFO - _perform_scan:537 - Scan complete for USDC01-LB02-BLUENP-SEC.solera.farm. Certs - New: 22, Updated: 0, Removed: 0. Facts refreshed: 4 field(s).
2026-01-12 16:56:52,934 - cmt.websocket - INFO - connect:49 - WebSocket connected (user_id=None). Total: 4
2026-01-12 16:56:52,936 - cmt.websocket - INFO - websocket_devices:188 - WebSocket client disconnected normally
2026-01-12 16:56:52,936 - cmt.websocket - INFO - disconnect:62 - WebSocket disconnected. Total: 3
2026-01-12 16:56:53,079 - cmt.f5 - INFO - _perform_scan:535 - Database commit successful for eudc02-lb-002-greenpurple.network.axadmin.net
2026-01-12 16:56:53,079 - cmt.f5 - INFO - _perform_scan:537 - Scan complete for eudc02-lb-002-greenpurple.network.axadmin.net. Certs - New: 70, Updated: 0, Removed: 0. Facts refreshed: 4 field(s).
2026-01-12 16:56:54,496 - cmt.f5 - INFO - _connect_to_f5:348 - Successfully connected to F5: 10.119.16.90
2026-01-12 16:56:54,496 - cmt.f5 - INFO - _perform_scan:412 - Scanning certificates on F5 device eudc01-lb-001-test.network.axadmin.net (10.119.16.90)
2026-01-12 16:56:54,863 - cmt.f5 - INFO - _connect_to_f5:348 - Successfully connected to F5: 10.119.16.86
2026-01-12 16:56:54,864 - cmt.f5 - INFO - _perform_scan:412 - Scanning certificates on F5 device eudc01-lb-001-greenpurple.network.axadmin.net (10.119.16.86)
2026-01-12 16:56:55,448 - cmt.f5 - INFO - _perform_scan:419 - Facts updated for eudc01-lb-001-test.network.axadmin.net: ['ha_state', 'sync_status']
2026-01-12 16:56:55,758 - cmt.f5 - INFO - _perform_scan:419 - Facts updated for eudc01-lb-001-greenpurple.network.axadmin.net: ['version', 'ha_state', 'sync_status', 'dns_servers']
2026-01-12 16:56:55,932 - cmt.websocket - INFO - websocket_devices:188 - WebSocket client disconnected normally
2026-01-12 16:56:55,933 - cmt.websocket - INFO - disconnect:62 - WebSocket disconnected. Total: 2
2026-01-12 16:56:55,934 - cmt.websocket - INFO - connect:49 - WebSocket connected (user_id=None). Total: 3
2026-01-12 16:56:56,661 - cmt.f5 - INFO - _perform_scan:535 - Database commit successful for eudc01-lb-001-test.network.axadmin.net
2026-01-12 16:56:56,662 - cmt.f5 - INFO - _perform_scan:537 - Scan complete for eudc01-lb-001-test.network.axadmin.net. Certs - New: 5, Updated: 0, Removed: 0. Facts refreshed: 2 field(s).
2026-01-12 16:56:58,936 - cmt.websocket - INFO - websocket_devices:188 - WebSocket client disconnected normally
2026-01-12 16:56:58,937 - cmt.websocket - INFO - disconnect:62 - WebSocket disconnected. Total: 2
2026-01-12 16:56:58,937 - cmt.websocket - INFO - connect:49 - WebSocket connected (user_id=None). Total: 3
2026-01-12 16:56:59,975 - cmt.f5 - INFO - _connect_to_f5:348 - Successfully connected to F5: 10.119.16.84
2026-01-12 16:56:59,975 - cmt.f5 - INFO - _perform_scan:412 - Scanning certificates on F5 device eudc01-lb-001-white.network.axadmin.net (10.119.16.84)
2026-01-12 16:57:00,946 - cmt.f5 - INFO - _perform_scan:419 - Facts updated for eudc01-lb-001-white.network.axadmin.net: ['version', 'ha_state', 'sync_status', 'dns_servers']
2026-01-12 16:57:01,548 - cmt.f5 - INFO - _perform_scan:535 - Database commit successful for usdc01-fab1-lb-002-black-nonprod.network.axadmin.net
2026-01-12 16:57:01,549 - cmt.f5 - INFO - _perform_scan:537 - Scan complete for usdc01-fab1-lb-002-black-nonprod.network.axadmin.net. Certs - New: 85, Updated: 0, Removed: 0. Facts refreshed: 4 field(s).
2026-01-12 16:57:01,941 - cmt.websocket - INFO - websocket_devices:188 - WebSocket client disconnected normally
2026-01-12 16:57:01,941 - cmt.websocket - INFO - disconnect:62 - WebSocket disconnected. Total: 2
2026-01-12 16:57:01,943 - cmt.websocket - INFO - connect:49 - WebSocket connected (user_id=None). Total: 3
2026-01-12 16:57:02,815 - cmt.f5 - INFO - _connect_to_f5:348 - Successfully connected to F5: 10.119.8.81
2026-01-12 16:57:02,816 - cmt.f5 - INFO - _perform_scan:412 - Scanning certificates on F5 device usdc02-fab1-lb-002-blue.network.axadmin.net (10.119.8.81)
2026-01-12 16:57:03,324 - cmt.f5 - INFO - _perform_scan:419 - Facts updated for usdc02-fab1-lb-002-blue.network.axadmin.net: ['version', 'ha_state', 'sync_status', 'dns_servers']
2026-01-12 16:57:04,947 - cmt.websocket - INFO - connect:49 - WebSocket connected (user_id=None). Total: 4
2026-01-12 16:57:04,948 - cmt.websocket - INFO - websocket_devices:188 - WebSocket client disconnected normally
2026-01-12 16:57:04,949 - cmt.websocket - INFO - disconnect:62 - WebSocket disconnected. Total: 3
2026-01-12 16:57:05,194 - cmt.f5 - INFO - _perform_scan:535 - Database commit successful for eudc01-lb-001-greenpurple.network.axadmin.net
2026-01-12 16:57:05,195 - cmt.f5 - INFO - _perform_scan:537 - Scan complete for eudc01-lb-001-greenpurple.network.axadmin.net. Certs - New: 40, Updated: 0, Removed: 0. Facts refreshed: 4 field(s).
2026-01-12 16:57:06,729 - cmt.f5 - INFO - _connect_to_f5:348 - Successfully connected to F5: 10.119.24.91
2026-01-12 16:57:06,730 - cmt.f5 - INFO - _perform_scan:412 - Scanning certificates on F5 device eudc02-lb-002-test.network.axadmin.net (10.119.24.91)
2026-01-12 16:57:07,646 - cmt.f5 - INFO - _perform_scan:419 - Facts updated for eudc02-lb-002-test.network.axadmin.net: ['ha_state', 'sync_status']
2026-01-12 16:57:07,947 - cmt.websocket - INFO - websocket_devices:188 - WebSocket client disconnected normally
2026-01-12 16:57:07,948 - cmt.websocket - INFO - disconnect:62 - WebSocket disconnected. Total: 2
2026-01-12 16:57:07,948 - cmt.websocket - INFO - connect:49 - WebSocket connected (user_id=None). Total: 3
2026-01-12 16:57:08,741 - cmt.f5 - INFO - _perform_scan:535 - Database commit successful for eudc02-lb-002-test.network.axadmin.net
2026-01-12 16:57:08,742 - cmt.f5 - INFO - _perform_scan:537 - Scan complete for eudc02-lb-002-test.network.axadmin.net. Certs - New: 4, Updated: 0, Removed: 0. Facts refreshed: 2 field(s).
2026-01-12 16:57:10,775 - cmt.f5 - INFO - _connect_to_f5:348 - Successfully connected to F5: 10.119.24.81
2026-01-12 16:57:10,776 - cmt.f5 - INFO - _perform_scan:412 - Scanning certificates on F5 device eudc02-lb-002-blue.network.axadmin.net (10.119.24.81)
2026-01-12 16:57:10,950 - cmt.websocket - INFO - connect:49 - WebSocket connected (user_id=None). Total: 4
2026-01-12 16:57:10,951 - cmt.websocket - INFO - websocket_devices:188 - WebSocket client disconnected normally
2026-01-12 16:57:10,951 - cmt.websocket - INFO - disconnect:62 - WebSocket disconnected. Total: 3
2026-01-12 16:57:11,372 - cmt.f5 - INFO - _perform_scan:535 - Database commit successful for usdc02-fab1-lb-002-blue.network.axadmin.net
2026-01-12 16:57:11,373 - cmt.f5 - INFO - _perform_scan:537 - Scan complete for usdc02-fab1-lb-002-blue.network.axadmin.net. Certs - New: 71, Updated: 0, Removed: 0. Facts refreshed: 4 field(s).
2026-01-12 16:57:11,710 - cmt.f5 - INFO - _perform_scan:419 - Facts updated for eudc02-lb-002-blue.network.axadmin.net: ['version', 'ha_state', 'sync_status', 'dns_servers']
2026-01-12 16:57:13,196 - cmt.f5 - INFO - _connect_to_f5:348 - Successfully connected to F5: 10.119.24.86
2026-01-12 16:57:13,198 - cmt.f5 - INFO - _perform_scan:412 - Scanning certificates on F5 device eudc02-lb-001-greenpurple.network.axadmin.net (10.119.24.86)
2026-01-12 16:57:13,951 - cmt.websocket - INFO - websocket_devices:188 - WebSocket client disconnected normally
2026-01-12 16:57:13,951 - cmt.websocket - INFO - disconnect:62 - WebSocket disconnected. Total: 2
2026-01-12 16:57:13,952 - cmt.websocket - INFO - connect:49 - WebSocket connected (user_id=None). Total: 3
2026-01-12 16:57:14,194 - cmt.f5 - INFO - _perform_scan:419 - Facts updated for eudc02-lb-001-greenpurple.network.axadmin.net: ['version', 'ha_state', 'sync_status', 'dns_servers']
2026-01-12 16:57:16,969 - cmt.websocket - INFO - websocket_devices:188 - WebSocket client disconnected normally
2026-01-12 16:57:16,970 - cmt.websocket - INFO - disconnect:62 - WebSocket disconnected. Total: 2
2026-01-12 16:57:16,972 - cmt.websocket - INFO - connect:49 - WebSocket connected (user_id=None). Total: 3
2026-01-12 16:57:19,991 - cmt.websocket - INFO - connect:49 - WebSocket connected (user_id=None). Total: 4
2026-01-12 16:57:19,994 - cmt.websocket - INFO - websocket_devices:188 - WebSocket client disconnected normally
2026-01-12 16:57:19,994 - cmt.websocket - INFO - disconnect:62 - WebSocket disconnected. Total: 3
2026-01-12 16:57:20,843 - cmt.websocket - INFO - websocket_notifications:276 - Notification WebSocket disconnected (user_id=1)
2026-01-12 16:57:20,844 - cmt.websocket - INFO - disconnect:62 - WebSocket disconnected. Total: 2
2026-01-12 16:57:20,845 - cmt.websocket - INFO - websocket_notifications:276 - Notification WebSocket disconnected (user_id=1)
2026-01-12 16:57:20,845 - cmt.websocket - INFO - disconnect:62 - WebSocket disconnected. Total: 1
2026-01-12 16:57:20,846 - cmt.websocket - INFO - websocket_devices:188 - WebSocket client disconnected normally
2026-01-12 16:57:20,846 - cmt.websocket - INFO - disconnect:62 - WebSocket disconnected. Total: 0
2026-01-12 16:57:21,357 - cmt.websocket - INFO - connect:49 - WebSocket connected (user_id=1). Total: 1
2026-01-12 16:57:21,373 - cmt.websocket - INFO - connect:49 - WebSocket connected (user_id=None). Total: 2
2026-01-12 16:57:21,403 - cmt.websocket - INFO - connect:49 - WebSocket connected (user_id=1). Total: 3
2026-01-12 16:57:21,403 - cmt.websocket - INFO - websocket_notifications:276 - Notification WebSocket disconnected (user_id=1)
2026-01-12 16:57:21,404 - cmt.websocket - INFO - disconnect:62 - WebSocket disconnected. Total: 2
2026-01-12 16:57:21,404 - cmt.websocket - INFO - websocket_devices:188 - WebSocket client disconnected normally
2026-01-12 16:57:21,404 - cmt.websocket - INFO - disconnect:62 - WebSocket disconnected. Total: 1
2026-01-12 16:57:21,422 - cmt.websocket - INFO - connect:49 - WebSocket connected (user_id=None). Total: 2
2026-01-12 16:57:22,142 - cmt.f5 - INFO - _perform_scan:535 - Database commit successful for eudc02-lb-002-black.network.axadmin.net
2026-01-12 16:57:22,143 - cmt.f5 - INFO - _perform_scan:537 - Scan complete for eudc02-lb-002-black.network.axadmin.net. Certs - New: 196, Updated: 0, Removed: 0. Facts refreshed: 4 field(s).
2026-01-12 16:57:24,085 - cmt.f5 - INFO - _connect_to_f5:348 - Successfully connected to F5: 10.119.24.84
2026-01-12 16:57:24,086 - cmt.f5 - INFO - _perform_scan:412 - Scanning certificates on F5 device eudc02-lb-001-white.network.axadmin.net (10.119.24.84)
2026-01-12 16:57:24,411 - cmt.websocket - INFO - connect:49 - WebSocket connected (user_id=1). Total: 3
2026-01-12 16:57:24,413 - cmt.websocket - INFO - websocket_devices:188 - WebSocket client disconnected normally
2026-01-12 16:57:24,414 - cmt.websocket - INFO - disconnect:62 - WebSocket disconnected. Total: 2
2026-01-12 16:57:24,429 - cmt.websocket - INFO - connect:49 - WebSocket connected (user_id=None). Total: 3
2026-01-12 16:57:25,089 - cmt.f5 - INFO - _perform_scan:419 - Facts updated for eudc02-lb-001-white.network.axadmin.net: ['version', 'ha_state', 'sync_status', 'dns_servers']
2026-01-12 16:57:25,561 - cmt.f5 - INFO - _perform_scan:535 - Database commit successful for eudc01-lb-001-white.network.axadmin.net
2026-01-12 16:57:25,562 - cmt.f5 - INFO - _perform_scan:537 - Scan complete for eudc01-lb-001-white.network.axadmin.net. Certs - New: 119, Updated: 0, Removed: 0. Facts refreshed: 4 field(s).
2026-01-12 16:57:27,398 - cmt.websocket - INFO - connect:49 - WebSocket connected (user_id=None). Total: 4
2026-01-12 16:57:27,399 - cmt.websocket - INFO - websocket_devices:188 - WebSocket client disconnected normally
2026-01-12 16:57:27,400 - cmt.websocket - INFO - disconnect:62 - WebSocket disconnected. Total: 3
2026-01-12 16:57:27,475 - cmt.f5 - INFO - _connect_to_f5:348 - Successfully connected to F5: 10.119.24.88
2026-01-12 16:57:27,476 - cmt.f5 - INFO - _perform_scan:412 - Scanning certificates on F5 device eudc02-lb-001-nonprod.network.axadmin.net (10.119.24.88)
2026-01-12 16:57:28,387 - cmt.f5 - INFO - _perform_scan:419 - Facts updated for eudc02-lb-001-nonprod.network.axadmin.net: ['version', 'ha_state', 'sync_status', 'dns_servers']
2026-01-12 16:57:29,110 - cmt.f5 - INFO - _perform_scan:535 - Database commit successful for eudc02-lb-001-greenpurple.network.axadmin.net
2026-01-12 16:57:29,113 - cmt.f5 - INFO - _perform_scan:537 - Scan complete for eudc02-lb-001-greenpurple.network.axadmin.net. Certs - New: 70, Updated: 0, Removed: 0. Facts refreshed: 4 field(s).
2026-01-12 16:57:30,405 - cmt.websocket - INFO - connect:49 - WebSocket connected (user_id=None). Total: 4
2026-01-12 16:57:30,409 - cmt.websocket - INFO - websocket_devices:188 - WebSocket client disconnected normally
2026-01-12 16:57:30,410 - cmt.websocket - INFO - disconnect:62 - WebSocket disconnected. Total: 3
2026-01-12 16:57:31,056 - cmt.f5 - INFO - _connect_to_f5:348 - Successfully connected to F5: 10.119.24.80
2026-01-12 16:57:31,056 - cmt.f5 - INFO - _perform_scan:412 - Scanning certificates on F5 device eudc02-lb-001-blue.network.axadmin.net (10.119.24.80)
2026-01-12 16:57:32,000 - cmt.f5 - INFO - _perform_scan:419 - Facts updated for eudc02-lb-001-blue.network.axadmin.net: ['version', 'ha_state', 'sync_status', 'dns_servers']
2026-01-12 16:57:33,408 - cmt.websocket - INFO - websocket_devices:188 - WebSocket client disconnected normally
2026-01-12 16:57:33,409 - cmt.websocket - INFO - disconnect:62 - WebSocket disconnected. Total: 2
2026-01-12 16:57:33,410 - cmt.websocket - INFO - connect:49 - WebSocket connected (user_id=None). Total: 3
2026-01-12 16:57:36,416 - cmt.websocket - INFO - connect:49 - WebSocket connected (user_id=None). Total: 4
2026-01-12 16:57:36,419 - cmt.websocket - INFO - websocket_devices:188 - WebSocket client disconnected normally
2026-01-12 16:57:36,424 - cmt.websocket - INFO - disconnect:62 - WebSocket disconnected. Total: 3
2026-01-12 16:57:39,424 - cmt.websocket - INFO - connect:49 - WebSocket connected (user_id=None). Total: 4
2026-01-12 16:57:39,429 - cmt.websocket - INFO - websocket_devices:188 - WebSocket client disconnected normally
2026-01-12 16:57:39,429 - cmt.websocket - INFO - disconnect:62 - WebSocket disconnected. Total: 3
2026-01-12 16:57:42,431 - cmt.websocket - INFO - connect:49 - WebSocket connected (user_id=None). Total: 4
2026-01-12 16:57:42,433 - cmt.websocket - INFO - websocket_devices:188 - WebSocket client disconnected normally
2026-01-12 16:57:42,433 - cmt.websocket - INFO - disconnect:62 - WebSocket disconnected. Total: 3
2026-01-12 16:57:45,429 - cmt.websocket - INFO - connect:49 - WebSocket connected (user_id=None). Total: 4
2026-01-12 16:57:45,429 - cmt.websocket - INFO - websocket_devices:188 - WebSocket client disconnected normally
2026-01-12 16:57:45,430 - cmt.websocket - INFO - disconnect:62 - WebSocket disconnected. Total: 3
2026-01-12 16:57:48,437 - cmt.websocket - INFO - connect:49 - WebSocket connected (user_id=None). Total: 4
2026-01-12 16:57:48,438 - cmt.websocket - INFO - websocket_devices:188 - WebSocket client disconnected normally
2026-01-12 16:57:48,439 - cmt.websocket - INFO - disconnect:62 - WebSocket disconnected. Total: 3
2026-01-12 16:57:51,456 - cmt.websocket - INFO - connect:49 - WebSocket connected (user_id=None). Total: 4
2026-01-12 16:57:51,458 - cmt.websocket - INFO - websocket_devices:188 - WebSocket client disconnected normally
2026-01-12 16:57:51,459 - cmt.websocket - INFO - disconnect:62 - WebSocket disconnected. Total: 3
2026-01-12 16:57:52,219 - cmt.f5 - INFO - _perform_scan:535 - Database commit successful for eudc02-lb-002-blue.network.axadmin.net
2026-01-12 16:57:52,220 - cmt.f5 - INFO - _perform_scan:537 - Scan complete for eudc02-lb-002-blue.network.axadmin.net. Certs - New: 188, Updated: 0, Removed: 0. Facts refreshed: 4 field(s).
2026-01-12 16:57:54,124 - cmt.f5 - INFO - _connect_to_f5:348 - Successfully connected to F5: 10.119.24.82
2026-01-12 16:57:54,125 - cmt.f5 - INFO - _perform_scan:412 - Scanning certificates on F5 device eudc02-lb-001-black.network.axadmin.net (10.119.24.82)
2026-01-12 16:57:54,462 - cmt.websocket - INFO - connect:49 - WebSocket connected (user_id=None). Total: 4
2026-01-12 16:57:54,465 - cmt.websocket - INFO - websocket_devices:188 - WebSocket client disconnected normally
2026-01-12 16:57:54,467 - cmt.websocket - INFO - disconnect:62 - WebSocket disconnected. Total: 3
2026-01-12 16:57:55,195 - cmt.f5 - INFO - _perform_scan:419 - Facts updated for eudc02-lb-001-black.network.axadmin.net: ['version', 'ha_state', 'sync_status', 'dns_servers']
2026-01-12 16:57:57,467 - cmt.websocket - INFO - websocket_devices:188 - WebSocket client disconnected normally
2026-01-12 16:57:57,467 - cmt.websocket - INFO - disconnect:62 - WebSocket disconnected. Total: 2
2026-01-12 16:57:57,471 - cmt.websocket - INFO - connect:49 - WebSocket connected (user_id=None). Total: 3
2026-01-12 16:58:00,471 - cmt.websocket - INFO - connect:49 - WebSocket connected (user_id=None). Total: 4
2026-01-12 16:58:00,473 - cmt.websocket - INFO - websocket_devices:188 - WebSocket client disconnected normally
2026-01-12 16:58:00,475 - cmt.websocket - INFO - disconnect:62 - WebSocket disconnected. Total: 3
2026-01-12 16:58:03,477 - cmt.websocket - INFO - connect:49 - WebSocket connected (user_id=None). Total: 4
2026-01-12 16:58:03,479 - cmt.websocket - INFO - websocket_devices:188 - WebSocket client disconnected normally
2026-01-12 16:58:03,480 - cmt.websocket - INFO - disconnect:62 - WebSocket disconnected. Total: 3
2026-01-12 16:58:05,286 - cmt.f5 - INFO - _perform_scan:535 - Database commit successful for eudc02-lb-001-nonprod.network.axadmin.net
2026-01-12 16:58:05,287 - cmt.f5 - INFO - _perform_scan:537 - Scan complete for eudc02-lb-001-nonprod.network.axadmin.net. Certs - New: 165, Updated: 0, Removed: 0. Facts refreshed: 4 field(s).
2026-01-12 16:58:06,234 - cmt.f5 - INFO - _connect_to_f5:348 - Successfully connected to F5: 10.119.0.84
2026-01-12 16:58:06,235 - cmt.f5 - INFO - _perform_scan:412 - Scanning certificates on F5 device usdc01-fab1-lb-001-white.network.axadmin.net (10.119.0.84)
2026-01-12 16:58:06,478 - cmt.websocket - INFO - connect:49 - WebSocket connected (user_id=None). Total: 4
2026-01-12 16:58:06,479 - cmt.websocket - INFO - websocket_devices:188 - WebSocket client disconnected normally
2026-01-12 16:58:06,480 - cmt.websocket - INFO - disconnect:62 - WebSocket disconnected. Total: 3
2026-01-12 16:58:06,699 - cmt.f5 - INFO - _perform_scan:419 - Facts updated for usdc01-fab1-lb-001-white.network.axadmin.net: ['version', 'ha_state', 'sync_status', 'dns_servers']
2026-01-12 16:58:09,479 - cmt.websocket - INFO - websocket_devices:188 - WebSocket client disconnected normally
2026-01-12 16:58:09,479 - cmt.websocket - INFO - disconnect:62 - WebSocket disconnected. Total: 2
2026-01-12 16:58:09,481 - cmt.websocket - INFO - connect:49 - WebSocket connected (user_id=None). Total: 3
2026-01-12 16:58:10,898 - cmt.f5 - INFO - _perform_scan:535 - Database commit successful for usdc01-fab1-lb-001-white.network.axadmin.net
2026-01-12 16:58:10,898 - cmt.f5 - INFO - _perform_scan:537 - Scan complete for usdc01-fab1-lb-001-white.network.axadmin.net. Certs - New: 38, Updated: 0, Removed: 0. Facts refreshed: 4 field(s).
2026-01-12 16:58:11,985 - cmt.f5 - INFO - _connect_to_f5:348 - Successfully connected to F5: 10.119.0.86
2026-01-12 16:58:11,987 - cmt.f5 - INFO - _perform_scan:412 - Scanning certificates on F5 device USDC01-LB01-GRPUR-PRI.network.axadmin.net (10.119.0.86)
2026-01-12 16:58:12,476 - cmt.f5 - INFO - _perform_scan:419 - Facts updated for USDC01-LB01-GRPUR-PRI.network.axadmin.net: ['version', 'ha_state', 'sync_status', 'dns_servers']
2026-01-12 16:58:12,494 - cmt.websocket - INFO - connect:49 - WebSocket connected (user_id=None). Total: 4
2026-01-12 16:58:12,499 - cmt.websocket - INFO - websocket_devices:188 - WebSocket client disconnected normally
2026-01-12 16:58:12,500 - cmt.websocket - INFO - disconnect:62 - WebSocket disconnected. Total: 3
2026-01-12 16:58:13,017 - cmt.f5 - INFO - _perform_scan:535 - Database commit successful for eudc02-lb-001-blue.network.axadmin.net
2026-01-12 16:58:13,023 - cmt.f5 - INFO - _perform_scan:537 - Scan complete for eudc02-lb-001-blue.network.axadmin.net. Certs - New: 188, Updated: 0, Removed: 0. Facts refreshed: 4 field(s).
2026-01-12 16:58:13,320 - cmt.f5 - INFO - _perform_scan:535 - Database commit successful for eudc02-lb-001-white.network.axadmin.net
2026-01-12 16:58:13,321 - cmt.f5 - INFO - _perform_scan:537 - Scan complete for eudc02-lb-001-white.network.axadmin.net. Certs - New: 217, Updated: 0, Removed: 0. Facts refreshed: 4 field(s).
2026-01-12 16:58:14,021 - cmt.f5 - INFO - _connect_to_f5:348 - Successfully connected to F5: 10.119.0.88
2026-01-12 16:58:14,021 - cmt.f5 - INFO - _perform_scan:412 - Scanning certificates on F5 device USDC01-LB01-BLUENP-PRI.solera.farm (10.119.0.88)
2026-01-12 16:58:14,409 - cmt.f5 - INFO - _connect_to_f5:348 - Successfully connected to F5: 10.119.0.80
2026-01-12 16:58:14,410 - cmt.f5 - INFO - _perform_scan:412 - Scanning certificates on F5 device USDC01-LB01-BLUE-PRI.network.axadmin.net (10.119.0.80)
2026-01-12 16:58:14,511 - cmt.f5 - INFO - _perform_scan:419 - Facts updated for USDC01-LB01-BLUENP-PRI.solera.farm: ['version', 'ha_state', 'sync_status', 'dns_servers']
2026-01-12 16:58:14,856 - cmt.f5 - INFO - _perform_scan:419 - Facts updated for USDC01-LB01-BLUE-PRI.network.axadmin.net: ['version', 'ha_state', 'sync_status', 'dns_servers']
2026-01-12 16:58:15,496 - cmt.websocket - INFO - connect:49 - WebSocket connected (user_id=None). Total: 4
2026-01-12 16:58:15,503 - cmt.websocket - INFO - websocket_devices:188 - WebSocket client disconnected normally
2026-01-12 16:58:15,505 - cmt.websocket - INFO - disconnect:62 - WebSocket disconnected. Total: 3
2026-01-12 16:58:16,984 - cmt.f5 - INFO - _perform_scan:535 - Database commit successful for USDC01-LB01-GRPUR-PRI.network.axadmin.net
2026-01-12 16:58:16,984 - cmt.f5 - INFO - _perform_scan:537 - Scan complete for USDC01-LB01-GRPUR-PRI.network.axadmin.net. Certs - New: 41, Updated: 0, Removed: 0. Facts refreshed: 4 field(s).
2026-01-12 16:58:17,031 - cmt.f5 - INFO - _perform_scan:535 - Database commit successful for USDC01-LB01-BLUENP-PRI.solera.farm
2026-01-12 16:58:17,032 - cmt.f5 - INFO - _perform_scan:537 - Scan complete for USDC01-LB01-BLUENP-PRI.solera.farm. Certs - New: 22, Updated: 0, Removed: 0. Facts refreshed: 4 field(s).
2026-01-12 16:58:17,973 - cmt.f5 - INFO - _connect_to_f5:348 - Successfully connected to F5: 10.119.0.83
2026-01-12 16:58:17,974 - cmt.f5 - INFO - _perform_scan:412 - Scanning certificates on F5 device USDC01-LB02-BLACK-SEC.solera.farm (10.119.0.83)
2026-01-12 16:58:18,500 - cmt.websocket - INFO - connect:49 - WebSocket connected (user_id=None). Total: 4
2026-01-12 16:58:18,503 - cmt.websocket - INFO - websocket_devices:188 - WebSocket client disconnected normally
2026-01-12 16:58:18,503 - cmt.websocket - INFO - disconnect:62 - WebSocket disconnected. Total: 3
2026-01-12 16:58:19,856 - cmt.f5 - INFO - _perform_scan:419 - Facts updated for USDC01-LB02-BLACK-SEC.solera.farm: ['version', 'ha_state', 'sync_status', 'dns_servers']
2026-01-12 16:58:20,241 - cmt.f5 - INFO - _connect_to_f5:348 - Successfully connected to F5: 10.119.16.88
2026-01-12 16:58:20,241 - cmt.f5 - INFO - _perform_scan:412 - Scanning certificates on F5 device eudc01-lb-001-nonprod.network.axadmin.net (10.119.16.88)
2026-01-12 16:58:21,151 - cmt.f5 - INFO - _perform_scan:419 - Facts updated for eudc01-lb-001-nonprod.network.axadmin.net: ['version', 'ha_state', 'sync_status', 'dns_servers']
2026-01-12 16:58:21,502 - cmt.websocket - INFO - connect:49 - WebSocket connected (user_id=None). Total: 4
2026-01-12 16:58:21,521 - cmt.websocket - INFO - websocket_devices:188 - WebSocket client disconnected normally
2026-01-12 16:58:21,524 - cmt.websocket - INFO - disconnect:62 - WebSocket disconnected. Total: 3
2026-01-12 16:58:21,845 - cmt.f5 - INFO - _perform_scan:535 - Database commit successful for USDC01-LB01-BLUE-PRI.network.axadmin.net
2026-01-12 16:58:21,845 - cmt.f5 - INFO - _perform_scan:537 - Scan complete for USDC01-LB01-BLUE-PRI.network.axadmin.net. Certs - New: 54, Updated: 0, Removed: 0. Facts refreshed: 4 field(s).
2026-01-12 16:58:22,738 - cmt.f5 - INFO - _connect_to_f5:348 - Successfully connected to F5: 10.119.0.82
2026-01-12 16:58:22,739 - cmt.f5 - INFO - _perform_scan:412 - Scanning certificates on F5 device usdc01-fab1-lb-001-black.network.axadmin.net (10.119.0.82)
2026-01-12 16:58:23,159 - cmt.f5 - INFO - _perform_scan:419 - Facts updated for usdc01-fab1-lb-001-black.network.axadmin.net: ['version', 'ha_state', 'sync_status', 'dns_servers']
2026-01-12 16:58:24,509 - cmt.websocket - INFO - websocket_devices:188 - WebSocket client disconnected normally
2026-01-12 16:58:24,511 - cmt.websocket - INFO - disconnect:62 - WebSocket disconnected. Total: 2
2026-01-12 16:58:24,514 - cmt.websocket - INFO - connect:49 - WebSocket connected (user_id=None). Total: 3
2026-01-12 16:58:25,053 - cmt.f5 - INFO - _perform_scan:535 - Database commit successful for USDC01-LB02-BLACK-SEC.solera.farm
2026-01-12 16:58:25,055 - cmt.f5 - INFO - _perform_scan:537 - Scan complete for USDC01-LB02-BLACK-SEC.solera.farm. Certs - New: 55, Updated: 0, Removed: 0. Facts refreshed: 4 field(s).
2026-01-12 16:58:26,094 - cmt.f5 - INFO - _connect_to_f5:348 - Successfully connected to F5: 10.119.0.90
2026-01-12 16:58:26,095 - cmt.f5 - INFO - _perform_scan:412 - Scanning certificates on F5 device usdc01-fab1-lb-001-black-nonprod.network.axadmin.net (10.119.0.90)
2026-01-12 16:58:26,533 - cmt.f5 - INFO - _perform_scan:419 - Facts updated for usdc01-fab1-lb-001-black-nonprod.network.axadmin.net: ['version', 'ha_state', 'sync_status', 'dns_servers']
2026-01-12 16:58:27,513 - cmt.websocket - INFO - connect:49 - WebSocket connected (user_id=None). Total: 4
2026-01-12 16:58:27,515 - cmt.websocket - INFO - websocket_devices:188 - WebSocket client disconnected normally
2026-01-12 16:58:27,516 - cmt.websocket - INFO - disconnect:62 - WebSocket disconnected. Total: 3
2026-01-12 16:58:28,319 - cmt.f5 - INFO - _perform_scan:535 - Database commit successful for usdc01-fab1-lb-001-black.network.axadmin.net
2026-01-12 16:58:28,320 - cmt.f5 - INFO - _perform_scan:537 - Scan complete for usdc01-fab1-lb-001-black.network.axadmin.net. Certs - New: 55, Updated: 0, Removed: 0. Facts refreshed: 4 field(s).
2026-01-12 16:58:29,710 - cmt.f5 - INFO - _connect_to_f5:348 - Successfully connected to F5: 192.168.13.18
2026-01-12 16:58:29,711 - cmt.f5 - INFO - _perform_scan:412 - Scanning certificates on F5 device dc1-f5-xrs-prod-02.mgmt.omnitracs.com (192.168.13.18)
2026-01-12 16:58:30,336 - cmt.f5 - INFO - _perform_scan:419 - Facts updated for dc1-f5-xrs-prod-02.mgmt.omnitracs.com: ['version', 'ha_state', 'sync_status', 'dns_servers']
2026-01-12 16:58:30,521 - cmt.websocket - INFO - connect:49 - WebSocket connected (user_id=None). Total: 4
2026-01-12 16:58:30,527 - cmt.websocket - INFO - websocket_devices:188 - WebSocket client disconnected normally
2026-01-12 16:58:30,529 - cmt.websocket - INFO - disconnect:62 - WebSocket disconnected. Total: 3
2026-01-12 16:58:32,761 - cmt.f5 - INFO - _perform_scan:535 - Database commit successful for dc1-f5-xrs-prod-02.mgmt.omnitracs.com
2026-01-12 16:58:32,761 - cmt.f5 - INFO - _perform_scan:537 - Scan complete for dc1-f5-xrs-prod-02.mgmt.omnitracs.com. Certs - New: 18, Updated: 0, Removed: 0. Facts refreshed: 4 field(s).
2026-01-12 16:58:33,526 - cmt.websocket - INFO - connect:49 - WebSocket connected (user_id=None). Total: 4
2026-01-12 16:58:33,534 - cmt.websocket - INFO - websocket_devices:188 - WebSocket client disconnected normally
2026-01-12 16:58:33,535 - cmt.websocket - INFO - disconnect:62 - WebSocket disconnected. Total: 3
2026-01-12 16:58:33,874 - cmt.f5 - INFO - _connect_to_f5:348 - Successfully connected to F5: 192.168.13.17
2026-01-12 16:58:33,875 - cmt.f5 - INFO - _perform_scan:412 - Scanning certificates on F5 device dc1-f5-xrs-prod-01.mgmt.omnitracs.com (192.168.13.17)
2026-01-12 16:58:34,428 - cmt.f5 - INFO - _perform_scan:419 - Facts updated for dc1-f5-xrs-prod-01.mgmt.omnitracs.com: ['version', 'ha_state', 'sync_status', 'dns_servers']
2026-01-12 16:58:35,102 - cmt.f5 - INFO - _perform_scan:535 - Database commit successful for usdc01-fab1-lb-001-black-nonprod.network.axadmin.net
2026-01-12 16:58:35,102 - cmt.f5 - INFO - _perform_scan:537 - Scan complete for usdc01-fab1-lb-001-black-nonprod.network.axadmin.net. Certs - New: 85, Updated: 0, Removed: 0. Facts refreshed: 4 field(s).
2026-01-12 16:58:36,212 - cmt.f5 - INFO - _connect_to_f5:348 - Successfully connected to F5: 192.168.52.186
2026-01-12 16:58:36,213 - cmt.f5 - INFO - _perform_scan:412 - Scanning certificates on F5 device na-oec-02-sag-test-01.mgmt.omnitracs.com (192.168.52.186)
2026-01-12 16:58:36,527 - cmt.websocket - INFO - connect:49 - WebSocket connected (user_id=None). Total: 4
2026-01-12 16:58:36,528 - cmt.websocket - INFO - websocket_devices:188 - WebSocket client disconnected normally
2026-01-12 16:58:36,528 - cmt.websocket - INFO - disconnect:62 - WebSocket disconnected. Total: 3
2026-01-12 16:58:36,831 - cmt.f5 - INFO - _perform_scan:419 - Facts updated for na-oec-02-sag-test-01.mgmt.omnitracs.com: ['version', 'ha_state', 'sync_status', 'dns_servers']
2026-01-12 16:58:36,888 - cmt.f5 - INFO - _perform_scan:535 - Database commit successful for dc1-f5-xrs-prod-01.mgmt.omnitracs.com
2026-01-12 16:58:36,889 - cmt.f5 - INFO - _perform_scan:537 - Scan complete for dc1-f5-xrs-prod-01.mgmt.omnitracs.com. Certs - New: 18, Updated: 0, Removed: 0. Facts refreshed: 4 field(s).
2026-01-12 16:58:37,915 - cmt.f5 - INFO - _connect_to_f5:348 - Successfully connected to F5: 192.168.13.14
2026-01-12 16:58:37,916 - cmt.f5 - INFO - _perform_scan:412 - Scanning certificates on F5 device dc1-sag-acpt-01.mgmt.omnitracs.com (192.168.13.14)
2026-01-12 16:58:37,950 - cmt.f5 - INFO - _perform_scan:535 - Database commit successful for eudc02-lb-001-black.network.axadmin.net
2026-01-12 16:58:37,951 - cmt.f5 - INFO - _perform_scan:537 - Scan complete for eudc02-lb-001-black.network.axadmin.net. Certs - New: 196, Updated: 0, Removed: 0. Facts refreshed: 4 field(s).
2026-01-12 16:58:38,493 - cmt.f5 - INFO - _perform_scan:419 - Facts updated for dc1-sag-acpt-01.mgmt.omnitracs.com: ['version', 'ha_state', 'sync_status', 'dns_servers']
2026-01-12 16:58:39,052 - cmt.f5 - INFO - _connect_to_f5:348 - Successfully connected to F5: 192.168.52.185
2026-01-12 16:58:39,053 - cmt.f5 - INFO - _perform_scan:412 - Scanning certificates on F5 device na-oec-02-sag-dev-01.mgmt.omnitracs.com (192.168.52.185)
2026-01-12 16:58:39,535 - cmt.websocket - INFO - connect:49 - WebSocket connected (user_id=None). Total: 4
2026-01-12 16:58:39,538 - cmt.websocket - INFO - websocket_devices:188 - WebSocket client disconnected normally
2026-01-12 16:58:39,538 - cmt.websocket - INFO - disconnect:62 - WebSocket disconnected. Total: 3
2026-01-12 16:58:39,689 - cmt.f5 - INFO - _perform_scan:419 - Facts updated for na-oec-02-sag-dev-01.mgmt.omnitracs.com: ['version', 'ha_state', 'sync_status', 'dns_servers']
2026-01-12 16:58:42,535 - cmt.websocket - INFO - connect:49 - WebSocket connected (user_id=None). Total: 4
2026-01-12 16:58:42,535 - cmt.websocket - INFO - websocket_devices:188 - WebSocket client disconnected normally
2026-01-12 16:58:42,535 - cmt.websocket - INFO - disconnect:62 - WebSocket disconnected. Total: 3
2026-01-12 16:58:43,004 - cmt.f5 - INFO - _perform_scan:535 - Database commit successful for na-oec-02-sag-dev-01.mgmt.omnitracs.com
2026-01-12 16:58:43,005 - cmt.f5 - INFO - _perform_scan:537 - Scan complete for na-oec-02-sag-dev-01.mgmt.omnitracs.com. Certs - New: 22, Updated: 0, Removed: 0. Facts refreshed: 4 field(s).
2026-01-12 16:58:43,070 - cmt.f5 - INFO - _perform_scan:535 - Database commit successful for na-oec-02-sag-test-01.mgmt.omnitracs.com
2026-01-12 16:58:43,071 - cmt.f5 - INFO - _perform_scan:537 - Scan complete for na-oec-02-sag-test-01.mgmt.omnitracs.com. Certs - New: 45, Updated: 0, Removed: 0. Facts refreshed: 4 field(s).
2026-01-12 16:58:43,723 - cmt.f5 - INFO - _perform_scan:535 - Database commit successful for dc1-sag-acpt-01.mgmt.omnitracs.com
2026-01-12 16:58:43,724 - cmt.f5 - INFO - _perform_scan:537 - Scan complete for dc1-sag-acpt-01.mgmt.omnitracs.com. Certs - New: 40, Updated: 0, Removed: 0. Facts refreshed: 4 field(s).
2026-01-12 16:58:44,223 - cmt.f5 - INFO - _connect_to_f5:348 - Successfully connected to F5: 192.168.13.12
2026-01-12 16:58:44,223 - cmt.f5 - INFO - _perform_scan:412 - Scanning certificates on F5 device dc1-sag-tst-01.mgmt.omnitracs.com (192.168.13.12)
2026-01-12 16:58:44,230 - cmt.f5 - INFO - _connect_to_f5:348 - Successfully connected to F5: 192.168.52.183
2026-01-12 16:58:44,230 - cmt.f5 - INFO - _perform_scan:412 - Scanning certificates on F5 device na-oec-02-internal-acpt-01.mgmt.omnitracs.com (192.168.52.183)
2026-01-12 16:58:44,359 - cmt.f5 - INFO - _perform_scan:535 - Database commit successful for eudc01-lb-001-nonprod.network.axadmin.net
2026-01-12 16:58:44,360 - cmt.f5 - INFO - _perform_scan:537 - Scan complete for eudc01-lb-001-nonprod.network.axadmin.net. Certs - New: 118, Updated: 0, Removed: 0. Facts refreshed: 4 field(s).
2026-01-12 16:58:44,732 - cmt.f5 - INFO - _connect_to_f5:348 - Successfully connected to F5: 192.168.13.15
2026-01-12 16:58:44,734 - cmt.f5 - INFO - _perform_scan:412 - Scanning certificates on F5 device dc1-sag-prd-02.mgmt.omnitracs.com (192.168.13.15)
2026-01-12 16:58:44,806 - cmt.f5 - INFO - _perform_scan:419 - Facts updated for dc1-sag-tst-01.mgmt.omnitracs.com: ['version', 'ha_state', 'sync_status', 'dns_servers']
2026-01-12 16:58:44,859 - cmt.f5 - INFO - _perform_scan:419 - Facts updated for na-oec-02-internal-acpt-01.mgmt.omnitracs.com: ['version', 'ha_state', 'sync_status', 'dns_servers']
2026-01-12 16:58:45,344 - cmt.f5 - INFO - _perform_scan:419 - Facts updated for dc1-sag-prd-02.mgmt.omnitracs.com: ['version', 'ha_state', 'sync_status', 'dns_servers']
2026-01-12 16:58:45,538 - cmt.websocket - INFO - websocket_devices:188 - WebSocket client disconnected normally
2026-01-12 16:58:45,539 - cmt.websocket - INFO - disconnect:62 - WebSocket disconnected. Total: 2
2026-01-12 16:58:45,539 - cmt.websocket - INFO - connect:49 - WebSocket connected (user_id=None). Total: 3
2026-01-12 16:58:45,566 - cmt.f5 - INFO - _connect_to_f5:348 - Successfully connected to F5: 192.168.13.53
2026-01-12 16:58:45,566 - cmt.f5 - INFO - _perform_scan:412 - Scanning certificates on F5 device dc1-f5-xrs-int-03.mgmt.omnitracs.com (192.168.13.53)
2026-01-12 16:58:46,093 - cmt.f5 - INFO - _perform_scan:535 - Database commit successful for na-oec-02-internal-acpt-01.mgmt.omnitracs.com
2026-01-12 16:58:46,094 - cmt.f5 - INFO - _perform_scan:537 - Scan complete for na-oec-02-internal-acpt-01.mgmt.omnitracs.com. Certs - New: 8, Updated: 0, Removed: 0. Facts refreshed: 4 field(s).
2026-01-12 16:58:46,146 - cmt.f5 - INFO - _perform_scan:419 - Facts updated for dc1-f5-xrs-int-03.mgmt.omnitracs.com: ['version', 'ha_state', 'sync_status', 'dns_servers']
2026-01-12 16:58:46,891 - cmt.f5 - INFO - _perform_scan:535 - Database commit successful for dc1-f5-xrs-int-03.mgmt.omnitracs.com
2026-01-12 16:58:46,891 - cmt.f5 - INFO - _perform_scan:537 - Scan complete for dc1-f5-xrs-int-03.mgmt.omnitracs.com. Certs - New: 4, Updated: 0, Removed: 0. Facts refreshed: 4 field(s).
2026-01-12 16:58:47,349 - cmt.f5 - INFO - _connect_to_f5:348 - Successfully connected to F5: 192.168.13.54
2026-01-12 16:58:47,350 - cmt.f5 - INFO - _perform_scan:412 - Scanning certificates on F5 device dc1-f5-xrs-int-04.mgmt.omnitracs.com (192.168.13.54)
2026-01-12 16:58:47,911 - cmt.f5 - INFO - _connect_to_f5:348 - Successfully connected to F5: 192.168.13.49
2026-01-12 16:58:47,913 - cmt.f5 - INFO - _perform_scan:412 - Scanning certificates on F5 device dc1-sag-intp-02.mgmt.omnitracs.com (192.168.13.49)
2026-01-12 16:58:47,948 - cmt.f5 - INFO - _perform_scan:419 - Facts updated for dc1-f5-xrs-int-04.mgmt.omnitracs.com: ['version', 'ha_state', 'sync_status', 'dns_servers']
2026-01-12 16:58:48,499 - cmt.f5 - INFO - _perform_scan:419 - Facts updated for dc1-sag-intp-02.mgmt.omnitracs.com: ['version', 'ha_state', 'sync_status', 'dns_servers']
2026-01-12 16:58:48,542 - cmt.websocket - INFO - connect:49 - WebSocket connected (user_id=None). Total: 4
2026-01-12 16:58:48,542 - cmt.websocket - INFO - websocket_devices:188 - WebSocket client disconnected normally
2026-01-12 16:58:48,542 - cmt.websocket - INFO - disconnect:62 - WebSocket disconnected. Total: 3
2026-01-12 16:58:48,637 - cmt.f5 - INFO - _perform_scan:535 - Database commit successful for dc1-f5-xrs-int-04.mgmt.omnitracs.com
2026-01-12 16:58:48,638 - cmt.f5 - INFO - _perform_scan:537 - Scan complete for dc1-f5-xrs-int-04.mgmt.omnitracs.com. Certs - New: 4, Updated: 0, Removed: 0. Facts refreshed: 4 field(s).
2026-01-12 16:58:49,668 - cmt.f5 - INFO - _perform_scan:535 - Database commit successful for dc1-sag-tst-01.mgmt.omnitracs.com
2026-01-12 16:58:49,668 - cmt.f5 - INFO - _perform_scan:537 - Scan complete for dc1-sag-tst-01.mgmt.omnitracs.com. Certs - New: 36, Updated: 0, Removed: 0. Facts refreshed: 4 field(s).
2026-01-12 16:58:49,679 - cmt.f5 - INFO - _connect_to_f5:348 - Successfully connected to F5: 192.168.13.20
2026-01-12 16:58:49,679 - cmt.f5 - INFO - _perform_scan:412 - Scanning certificates on F5 device dc1-asm-prd-01.mgmt.omnitracs.com (192.168.13.20)
2026-01-12 16:58:49,733 - cmt.f5 - INFO - _perform_scan:535 - Database commit successful for dc1-sag-prd-02.mgmt.omnitracs.com
2026-01-12 16:58:49,733 - cmt.f5 - INFO - _perform_scan:537 - Scan complete for dc1-sag-prd-02.mgmt.omnitracs.com. Certs - New: 33, Updated: 0, Removed: 0. Facts refreshed: 4 field(s).
2026-01-12 16:58:50,755 - cmt.f5 - INFO - _connect_to_f5:348 - Successfully connected to F5: 10.119.8.80
2026-01-12 16:58:50,756 - cmt.f5 - INFO - _perform_scan:412 - Scanning certificates on F5 device usdc02-fab1-lb-001-blue.network.axadmin.net (10.119.8.80)
2026-01-12 16:58:51,278 - cmt.f5 - INFO - _perform_scan:419 - Facts updated for usdc02-fab1-lb-001-blue.network.axadmin.net: ['version', 'ha_state', 'sync_status', 'dns_servers']
2026-01-12 16:58:51,370 - cmt.f5 - INFO - _perform_scan:419 - Facts updated for dc1-asm-prd-01.mgmt.omnitracs.com: ['ha_state', 'sync_status', 'dns_servers']
2026-01-12 16:58:51,380 - cmt.f5 - INFO - _connect_to_f5:348 - Successfully connected to F5: 10.119.16.82
2026-01-12 16:58:51,381 - cmt.f5 - INFO - _perform_scan:412 - Scanning certificates on F5 device eudc01-lb-001-black.network.axadmin.net (10.119.16.82)
2026-01-12 16:58:51,545 - cmt.websocket - INFO - connect:49 - WebSocket connected (user_id=None). Total: 4
2026-01-12 16:58:51,546 - cmt.websocket - INFO - websocket_devices:188 - WebSocket client disconnected normally
2026-01-12 16:58:51,546 - cmt.websocket - INFO - disconnect:62 - WebSocket disconnected. Total: 3
2026-01-12 16:58:52,023 - cmt.f5 - INFO - _perform_scan:535 - Database commit successful for dc1-asm-prd-01.mgmt.omnitracs.com
2026-01-12 16:58:52,023 - cmt.f5 - INFO - _perform_scan:537 - Scan complete for dc1-asm-prd-01.mgmt.omnitracs.com. Certs - New: 4, Updated: 0, Removed: 0. Facts refreshed: 3 field(s).
2026-01-12 16:58:52,261 - cmt.f5 - INFO - _perform_scan:419 - Facts updated for eudc01-lb-001-black.network.axadmin.net: ['version', 'ha_state', 'sync_status', 'dns_servers']
2026-01-12 16:58:53,196 - cmt.f5 - INFO - _connect_to_f5:348 - Successfully connected to F5: 192.168.13.5
2026-01-12 16:58:53,197 - cmt.f5 - INFO - _perform_scan:412 - Scanning certificates on F5 device dc1-f5-xrs-int-01.mgmt.omnitracs.com (192.168.13.5)
2026-01-12 16:58:53,738 - cmt.f5 - INFO - _perform_scan:535 - Database commit successful for dc1-sag-intp-02.mgmt.omnitracs.com
2026-01-12 16:58:53,739 - cmt.f5 - INFO - _perform_scan:537 - Scan complete for dc1-sag-intp-02.mgmt.omnitracs.com. Certs - New: 31, Updated: 0, Removed: 0. Facts refreshed: 4 field(s).
2026-01-12 16:58:53,776 - cmt.f5 - INFO - _perform_scan:419 - Facts updated for dc1-f5-xrs-int-01.mgmt.omnitracs.com: ['version', 'ha_state', 'sync_status', 'dns_servers']
2026-01-12 16:58:54,447 - cmt.f5 - INFO - _perform_scan:535 - Database commit successful for dc1-f5-xrs-int-01.mgmt.omnitracs.com
2026-01-12 16:58:54,448 - cmt.f5 - INFO - _perform_scan:537 - Scan complete for dc1-f5-xrs-int-01.mgmt.omnitracs.com. Certs - New: 4, Updated: 0, Removed: 0. Facts refreshed: 4 field(s).
2026-01-12 16:58:54,549 - cmt.websocket - INFO - websocket_devices:188 - WebSocket client disconnected normally
2026-01-12 16:58:54,550 - cmt.websocket - INFO - disconnect:62 - WebSocket disconnected. Total: 2
2026-01-12 16:58:54,551 - cmt.websocket - INFO - connect:49 - WebSocket connected (user_id=None). Total: 3
2026-01-12 16:58:54,842 - cmt.f5 - INFO - _connect_to_f5:348 - Successfully connected to F5: 192.168.52.181
2026-01-12 16:58:54,842 - cmt.f5 - INFO - _perform_scan:412 - Scanning certificates on F5 device na-oec-02-internal-prod-01.mgmt.omnitracs.com (192.168.52.181)
2026-01-12 16:58:55,478 - cmt.f5 - INFO - _connect_to_f5:348 - Successfully connected to F5: 192.168.13.11
2026-01-12 16:58:55,478 - cmt.f5 - INFO - _perform_scan:412 - Scanning certificates on F5 device dc1-sag-dev-01.mgmt.omnitracs.com (192.168.13.11)
2026-01-12 16:58:55,488 - cmt.f5 - INFO - _perform_scan:419 - Facts updated for na-oec-02-internal-prod-01.mgmt.omnitracs.com: ['version', 'ha_state', 'sync_status', 'dns_servers']
2026-01-12 16:58:56,084 - cmt.f5 - INFO - _perform_scan:419 - Facts updated for dc1-sag-dev-01.mgmt.omnitracs.com: ['version', 'ha_state', 'sync_status', 'dns_servers']
2026-01-12 16:58:57,361 - cmt.f5 - INFO - _perform_scan:535 - Database commit successful for dc1-sag-dev-01.mgmt.omnitracs.com
2026-01-12 16:58:57,362 - cmt.f5 - INFO - _perform_scan:537 - Scan complete for dc1-sag-dev-01.mgmt.omnitracs.com. Certs - New: 9, Updated: 0, Removed: 0. Facts refreshed: 4 field(s).
2026-01-12 16:58:57,557 - cmt.websocket - INFO - connect:49 - WebSocket connected (user_id=None). Total: 4
2026-01-12 16:58:57,559 - cmt.websocket - INFO - websocket_devices:188 - WebSocket client disconnected normally
2026-01-12 16:58:57,560 - cmt.websocket - INFO - disconnect:62 - WebSocket disconnected. Total: 3
2026-01-12 16:58:58,410 - cmt.f5 - INFO - _connect_to_f5:348 - Successfully connected to F5: 192.168.13.16
2026-01-12 16:58:58,411 - cmt.f5 - INFO - _perform_scan:412 - Scanning certificates on F5 device dc1-sag-tst-02.mgmt.omnitracs.com (192.168.13.16)
2026-01-12 16:58:59,001 - cmt.f5 - INFO - _perform_scan:419 - Facts updated for dc1-sag-tst-02.mgmt.omnitracs.com: ['version', 'ha_state', 'sync_status', 'dns_servers']
2026-01-12 16:58:59,437 - cmt.f5 - INFO - _perform_scan:535 - Database commit successful for usdc02-fab1-lb-001-blue.network.axadmin.net
2026-01-12 16:58:59,438 - cmt.f5 - INFO - _perform_scan:537 - Scan complete for usdc02-fab1-lb-001-blue.network.axadmin.net. Certs - New: 71, Updated: 0, Removed: 0. Facts refreshed: 4 field(s).
2026-01-12 16:58:59,808 - cmt.f5 - INFO - _perform_scan:535 - Database commit successful for na-oec-02-internal-prod-01.mgmt.omnitracs.com
2026-01-12 16:58:59,808 - cmt.f5 - INFO - _perform_scan:537 - Scan complete for na-oec-02-internal-prod-01.mgmt.omnitracs.com. Certs - New: 31, Updated: 0, Removed: 0. Facts refreshed: 4 field(s).
2026-01-12 16:59:00,560 - cmt.websocket - INFO - websocket_devices:188 - WebSocket client disconnected normally
2026-01-12 16:59:00,560 - cmt.websocket - INFO - disconnect:62 - WebSocket disconnected. Total: 2
2026-01-12 16:59:00,561 - cmt.websocket - INFO - connect:49 - WebSocket connected (user_id=None). Total: 3
2026-01-12 16:59:00,629 - cmt.f5 - INFO - _connect_to_f5:348 - Successfully connected to F5: 192.168.13.6
2026-01-12 16:59:00,630 - cmt.f5 - INFO - _perform_scan:412 - Scanning certificates on F5 device dc1-f5-xrs-int-02.mgmt.omnitracs.com (192.168.13.6)
2026-01-12 16:59:01,629 - cmt.f5 - INFO - _connect_to_f5:348 - Successfully connected to F5: 192.168.13.103
2026-01-12 16:59:01,630 - cmt.f5 - INFO - _perform_scan:412 - Scanning certificates on F5 device dc1-pem-api-02.mgmt.omnitracs.com (192.168.13.103)
2026-01-12 16:59:01,877 - cmt.f5 - INFO - _perform_scan:419 - Facts updated for dc1-f5-xrs-int-02.mgmt.omnitracs.com: ['version', 'ha_state', 'sync_status', 'dns_servers']
2026-01-12 16:59:02,199 - cmt.f5 - INFO - _perform_scan:419 - Facts updated for dc1-pem-api-02.mgmt.omnitracs.com: ['version', 'ha_state', 'sync_status', 'dns_servers']
2026-01-12 16:59:02,539 - cmt.f5 - INFO - _perform_scan:535 - Database commit successful for dc1-f5-xrs-int-02.mgmt.omnitracs.com
2026-01-12 16:59:02,540 - cmt.f5 - INFO - _perform_scan:537 - Scan complete for dc1-f5-xrs-int-02.mgmt.omnitracs.com. Certs - New: 4, Updated: 0, Removed: 0. Facts refreshed: 4 field(s).
2026-01-12 16:59:02,962 - cmt.f5 - INFO - _perform_scan:535 - Database commit successful for dc1-pem-api-02.mgmt.omnitracs.com
2026-01-12 16:59:02,962 - cmt.f5 - INFO - _perform_scan:537 - Scan complete for dc1-pem-api-02.mgmt.omnitracs.com. Certs - New: 5, Updated: 0, Removed: 0. Facts refreshed: 4 field(s).
2026-01-12 16:59:03,569 - cmt.websocket - INFO - connect:49 - WebSocket connected (user_id=None). Total: 4
2026-01-12 16:59:03,573 - cmt.websocket - INFO - websocket_devices:188 - WebSocket client disconnected normally
2026-01-12 16:59:03,576 - cmt.websocket - INFO - disconnect:62 - WebSocket disconnected. Total: 3
2026-01-12 16:59:03,719 - cmt.f5 - INFO - _connect_to_f5:348 - Successfully connected to F5: 192.168.52.182
2026-01-12 16:59:03,720 - cmt.f5 - INFO - _perform_scan:412 - Scanning certificates on F5 device na-oec-02-internal-prod-02.mgmt.omnitracs.com (192.168.52.182)
2026-01-12 16:59:04,138 - cmt.f5 - INFO - _connect_to_f5:348 - Successfully connected to F5: 192.168.13.48
2026-01-12 16:59:04,140 - cmt.f5 - INFO - _perform_scan:412 - Scanning certificates on F5 device dc1-sag-intp-01.mgmt.omnitracs.com (192.168.13.48)
2026-01-12 16:59:04,237 - cmt.f5 - INFO - _perform_scan:535 - Database commit successful for dc1-sag-tst-02.mgmt.omnitracs.com
2026-01-12 16:59:04,238 - cmt.f5 - INFO - _perform_scan:537 - Scan complete for dc1-sag-tst-02.mgmt.omnitracs.com. Certs - New: 36, Updated: 0, Removed: 0. Facts refreshed: 4 field(s).
2026-01-12 16:59:04,348 - cmt.f5 - INFO - _perform_scan:419 - Facts updated for na-oec-02-internal-prod-02.mgmt.omnitracs.com: ['version', 'ha_state', 'sync_status', 'dns_servers']
2026-01-12 16:59:04,714 - cmt.f5 - INFO - _perform_scan:419 - Facts updated for dc1-sag-intp-01.mgmt.omnitracs.com: ['version', 'ha_state', 'sync_status', 'dns_servers']
2026-01-12 16:59:06,570 - cmt.websocket - INFO - connect:49 - WebSocket connected (user_id=None). Total: 4
2026-01-12 16:59:06,571 - cmt.websocket - INFO - websocket_devices:188 - WebSocket client disconnected normally
2026-01-12 16:59:06,572 - cmt.websocket - INFO - disconnect:62 - WebSocket disconnected. Total: 3
2026-01-12 16:59:08,667 - cmt.f5 - INFO - _perform_scan:535 - Database commit successful for dc1-sag-intp-01.mgmt.omnitracs.com
2026-01-12 16:59:08,668 - cmt.f5 - INFO - _perform_scan:537 - Scan complete for dc1-sag-intp-01.mgmt.omnitracs.com. Certs - New: 31, Updated: 0, Removed: 0. Facts refreshed: 4 field(s).
2026-01-12 16:59:08,687 - cmt.f5 - INFO - _perform_scan:535 - Database commit successful for na-oec-02-internal-prod-02.mgmt.omnitracs.com
2026-01-12 16:59:08,687 - cmt.f5 - INFO - _perform_scan:537 - Scan complete for na-oec-02-internal-prod-02.mgmt.omnitracs.com. Certs - New: 31, Updated: 0, Removed: 0. Facts refreshed: 4 field(s).
2026-01-12 16:59:09,578 - cmt.websocket - INFO - connect:49 - WebSocket connected (user_id=None). Total: 4
2026-01-12 16:59:09,580 - cmt.websocket - INFO - websocket_devices:188 - WebSocket client disconnected normally
2026-01-12 16:59:09,581 - cmt.websocket - INFO - disconnect:62 - WebSocket disconnected. Total: 3
2026-01-12 16:59:10,974 - cmt.retry - WARNING - wrapper:58 - _connect_to_f5 attempt 1/3 failed: 401 Unexpected Error: F5 Authorization Required for uri: https://10.119.35.50:443/mgmt/shared/authn/login
Text: '{"code":401,"message":"Authentication failed.","referer":"10.119.35.8","restOperationId":267580661,"kind":":resterrorresponse"}'. Retrying in 2.0s...
2026-01-12 16:59:12,582 - cmt.websocket - INFO - connect:49 - WebSocket connected (user_id=None). Total: 4
2026-01-12 16:59:12,585 - cmt.websocket - INFO - websocket_devices:188 - WebSocket client disconnected normally
2026-01-12 16:59:12,585 - cmt.websocket - INFO - disconnect:62 - WebSocket disconnected. Total: 3
2026-01-12 16:59:13,865 - cmt.retry - WARNING - wrapper:58 - _connect_to_f5 attempt 1/3 failed: 401 Unexpected Error: F5 Authorization Required for uri: https://10.119.34.9:443/mgmt/shared/authn/login
Text: '{"code":401,"message":"Authentication failed.","referer":"10.119.17.4","restOperationId":149166666,"kind":":resterrorresponse"}'. Retrying in 2.0s...
2026-01-12 16:59:13,927 - cmt.retry - WARNING - wrapper:58 - _connect_to_f5 attempt 1/3 failed: 401 Unexpected Error: F5 Authorization Required for uri: https://10.119.34.8:443/mgmt/shared/authn/login
Text: '{"code":401,"message":"Authentication failed.","referer":"10.119.17.4","restOperationId":148694024,"kind":":resterrorresponse"}'. Retrying in 2.0s...
2026-01-12 16:59:15,587 - cmt.websocket - INFO - connect:49 - WebSocket connected (user_id=None). Total: 4
2026-01-12 16:59:15,588 - cmt.websocket - INFO - websocket_devices:188 - WebSocket client disconnected normally
2026-01-12 16:59:15,588 - cmt.websocket - INFO - disconnect:62 - WebSocket disconnected. Total: 3
2026-01-12 16:59:16,605 - cmt.f5 - INFO - _perform_scan:535 - Database commit successful for eudc01-lb-001-black.network.axadmin.net
2026-01-12 16:59:16,606 - cmt.f5 - INFO - _perform_scan:537 - Scan complete for eudc01-lb-001-black.network.axadmin.net. Certs - New: 108, Updated: 0, Removed: 0. Facts refreshed: 4 field(s).
2026-01-12 16:59:18,592 - cmt.websocket - INFO - websocket_devices:188 - WebSocket client disconnected normally
2026-01-12 16:59:18,593 - cmt.websocket - INFO - disconnect:62 - WebSocket disconnected. Total: 2
2026-01-12 16:59:18,595 - cmt.websocket - INFO - connect:49 - WebSocket connected (user_id=None). Total: 3
2026-01-12 16:59:19,202 - cmt.f5 - INFO - _connect_to_f5:348 - Successfully connected to F5: 10.119.16.76
2026-01-12 16:59:19,202 - cmt.f5 - INFO - _perform_scan:412 - Scanning certificates on F5 device eudc01-lb-002-vcmp.network.axadmin.net (10.119.16.76)
2026-01-12 16:59:19,461 - cmt.retry - WARNING - wrapper:58 - _connect_to_f5 attempt 2/3 failed: 401 Unexpected Error: F5 Authorization Required for uri: https://10.119.35.50:443/mgmt/shared/authn/login
Text: '{"code":401,"message":"Authentication failed.","referer":"10.119.35.8","restOperationId":267581422,"kind":":resterrorresponse"}'. Retrying in 4.0s...
2026-01-12 16:59:20,240 - cmt.f5 - INFO - _perform_scan:419 - Facts updated for eudc01-lb-002-vcmp.network.axadmin.net: ['version', 'ha_state', 'sync_status']
2026-01-12 16:59:20,917 - cmt.retry - WARNING - wrapper:58 - _connect_to_f5 attempt 2/3 failed: 401 Unexpected Error: F5 Authorization Required for uri: https://10.119.34.8:443/mgmt/shared/authn/login
Text: '{"code":401,"message":"Authentication failed.","referer":"10.119.17.4","restOperationId":148694203,"kind":":resterrorresponse"}'. Retrying in 4.0s...
2026-01-12 16:59:21,009 - cmt.retry - WARNING - wrapper:58 - _connect_to_f5 attempt 2/3 failed: 401 Unexpected Error: F5 Authorization Required for uri: https://10.119.34.9:443/mgmt/shared/authn/login
Text: '{"code":401,"message":"Authentication failed.","referer":"10.119.17.4","restOperationId":149166881,"kind":":resterrorresponse"}'. Retrying in 4.0s...
2026-01-12 16:59:21,327 - cmt.f5 - INFO - _perform_scan:535 - Database commit successful for eudc01-lb-002-vcmp.network.axadmin.net
2026-01-12 16:59:21,328 - cmt.f5 - INFO - _perform_scan:537 - Scan complete for eudc01-lb-002-vcmp.network.axadmin.net. Certs - New: 5, Updated: 0, Removed: 0. Facts refreshed: 3 field(s).
2026-01-12 16:59:21,601 - cmt.websocket - INFO - connect:49 - WebSocket connected (user_id=None). Total: 4
2026-01-12 16:59:21,604 - cmt.websocket - INFO - websocket_devices:188 - WebSocket client disconnected normally
2026-01-12 16:59:21,605 - cmt.websocket - INFO - disconnect:62 - WebSocket disconnected. Total: 3
2026-01-12 16:59:23,017 - cmt.f5 - INFO - _connect_to_f5:348 - Successfully connected to F5: 10.119.16.75
2026-01-12 16:59:23,017 - cmt.f5 - INFO - _perform_scan:412 - Scanning certificates on F5 device eudc01-lb-001-vcmp.network.axadmin.net (10.119.16.75)
2026-01-12 16:59:24,033 - cmt.f5 - INFO - _perform_scan:419 - Facts updated for eudc01-lb-001-vcmp.network.axadmin.net: ['version', 'ha_state', 'sync_status', 'dns_servers']
2026-01-12 16:59:24,603 - cmt.websocket - INFO - websocket_devices:188 - WebSocket client disconnected normally
2026-01-12 16:59:24,605 - cmt.websocket - INFO - disconnect:62 - WebSocket disconnected. Total: 2
2026-01-12 16:59:24,607 - cmt.websocket - INFO - connect:49 - WebSocket connected (user_id=None). Total: 3
2026-01-12 16:59:25,132 - cmt.f5 - INFO - _perform_scan:535 - Database commit successful for eudc01-lb-001-vcmp.network.axadmin.net
2026-01-12 16:59:25,133 - cmt.f5 - INFO - _perform_scan:537 - Scan complete for eudc01-lb-001-vcmp.network.axadmin.net. Certs - New: 5, Updated: 0, Removed: 0. Facts refreshed: 4 field(s).
2026-01-12 16:59:26,774 - cmt.f5 - INFO - _connect_to_f5:348 - Successfully connected to F5: 10.119.24.75
2026-01-12 16:59:26,775 - cmt.f5 - INFO - _perform_scan:412 - Scanning certificates on F5 device eudc02-lb-001-vcmp.network.axadmin.net (10.119.24.75)
2026-01-12 16:59:27,596 - cmt.retry - ERROR - wrapper:47 - _connect_to_f5 failed after 3 attempts: 401 Unexpected Error: F5 Authorization Required for uri: https://10.119.35.50:443/mgmt/shared/authn/login
Text: '{"code":401,"message":"Authentication failed.","referer":"10.119.35.8","restOperationId":267581782,"kind":":resterrorresponse"}'
2026-01-12 16:59:27,610 - cmt.websocket - INFO - connect:49 - WebSocket connected (user_id=None). Total: 4
2026-01-12 16:59:27,612 - cmt.websocket - INFO - websocket_devices:188 - WebSocket client disconnected normally
2026-01-12 16:59:27,613 - cmt.websocket - INFO - disconnect:62 - WebSocket disconnected. Total: 3
2026-01-12 16:59:27,613 - cmt.f5 - ERROR - _perform_scan:570 - [AUTH ERROR] Authentication failed for audc10-fab1-lb-001.network.axadmin.net (10.119.35.50). Please verify credentials are correct for this device.
Traceback (most recent call last):
  File "/app/services/f5_service_logic.py", line 411, in _perform_scan
    mgmt = _connect_to_f5(device.ip_address, username, password)
           ^^^^^^^^^^^^^^^^^^^^^^^^^^^^^^^^^^^^^^^^^^^^^^^^^^^^^
  File "/app/core/retry.py", line 42, in wrapper
    return func(*args, **kwargs)
           ^^^^^^^^^^^^^^^^^^^^^
  File "/app/services/f5_service_logic.py", line 347, in _connect_to_f5
    mgmt = ManagementRoot(hostname, username, password, token=True)
           ^^^^^^^^^^^^^^^^^^^^^^^^^^^^^^^^^^^^^^^^^^^^^^^^^^^^^^^^
  File "/usr/local/lib/python3.11/site-packages/f5/bigip/__init__.py", line 183, in __init__
    self.post_configuration_setup()
  File "/usr/local/lib/python3.11/site-packages/f5/bigip/__init__.py", line 119, in post_configuration_setup
    self._get_tmos_version()
  File "/usr/local/lib/python3.11/site-packages/f5/bigip/__init__.py", line 138, in _get_tmos_version
    response = connect.get(base_uri)
               ^^^^^^^^^^^^^^^^^^^^^
  File "/usr/local/lib/python3.11/site-packages/icontrol/session.py", line 281, in wrapper
    response = method(self, REST_uri, **kwargs)
               ^^^^^^^^^^^^^^^^^^^^^^^^^^^^^^^^
  File "/usr/local/lib/python3.11/site-packages/icontrol/session.py", line 524, in get
    prepared = self.session.prepare_request(req)
               ^^^^^^^^^^^^^^^^^^^^^^^^^^^^^^^^^
  File "/usr/local/lib/python3.11/site-packages/requests/sessions.py", line 486, in prepare_request
    p.prepare(
  File "/usr/local/lib/python3.11/site-packages/requests/models.py", line 372, in prepare
    self.prepare_auth(auth, url)
  File "/usr/local/lib/python3.11/site-packages/requests/models.py", line 603, in prepare_auth
    r = auth(self)
        ^^^^^^^^^^
  File "/usr/local/lib/python3.11/site-packages/icontrol/authtoken.py", line 254, in __call__
    self.get_new_token(netloc)
  File "/usr/local/lib/python3.11/site-packages/icontrol/authtoken.py", line 159, in get_new_token
    raise iControlUnexpectedHTTPError(error_message,
icontrol.exceptions.iControlUnexpectedHTTPError: 401 Unexpected Error: F5 Authorization Required for uri: https://10.119.35.50:443/mgmt/shared/authn/login
Text: '{"code":401,"message":"Authentication failed.","referer":"10.119.35.8","restOperationId":267581782,"kind":":resterrorresponse"}'

2026-01-12 16:59:27,852 - cmt.f5 - INFO - _perform_scan:419 - Facts updated for eudc02-lb-001-vcmp.network.axadmin.net: ['version', 'ha_state', 'sync_status', 'dns_servers']
2026-01-12 16:59:28,816 - cmt.f5 - INFO - _perform_scan:535 - Database commit successful for eudc02-lb-001-vcmp.network.axadmin.net
2026-01-12 16:59:28,817 - cmt.f5 - INFO - _perform_scan:537 - Scan complete for eudc02-lb-001-vcmp.network.axadmin.net. Certs - New: 4, Updated: 0, Removed: 0. Facts refreshed: 4 field(s).
2026-01-12 16:59:29,285 - cmt.f5 - INFO - _connect_to_f5:348 - Successfully connected to F5: 10.119.24.76
2026-01-12 16:59:29,285 - cmt.f5 - INFO - _perform_scan:412 - Scanning certificates on F5 device eudc02-lb-002-vcmp.network.axadmin.net (10.119.24.76)
2026-01-12 16:59:29,985 - cmt.retry - ERROR - wrapper:47 - _connect_to_f5 failed after 3 attempts: 401 Unexpected Error: F5 Authorization Required for uri: https://10.119.34.9:443/mgmt/shared/authn/login
Text: '{"code":401,"message":"Authentication failed.","referer":"10.119.17.4","restOperationId":149167118,"kind":":resterrorresponse"}'
2026-01-12 16:59:29,985 - cmt.retry - ERROR - wrapper:47 - _connect_to_f5 failed after 3 attempts: 401 Unexpected Error: F5 Authorization Required for uri: https://10.119.34.8:443/mgmt/shared/authn/login
Text: '{"code":401,"message":"Authentication failed.","referer":"10.119.17.4","restOperationId":148694524,"kind":":resterrorresponse"}'
2026-01-12 16:59:29,998 - cmt.f5 - ERROR - _perform_scan:570 - [AUTH ERROR] Authentication failed for bedc01-fab1-lb-001.network.axadmin.net (10.119.34.8). Please verify credentials are correct for this device.
Traceback (most recent call last):
  File "/app/services/f5_service_logic.py", line 411, in _perform_scan
    mgmt = _connect_to_f5(device.ip_address, username, password)
           ^^^^^^^^^^^^^^^^^^^^^^^^^^^^^^^^^^^^^^^^^^^^^^^^^^^^^
  File "/app/core/retry.py", line 42, in wrapper
    return func(*args, **kwargs)
           ^^^^^^^^^^^^^^^^^^^^^
  File "/app/services/f5_service_logic.py", line 347, in _connect_to_f5
    mgmt = ManagementRoot(hostname, username, password, token=True)
           ^^^^^^^^^^^^^^^^^^^^^^^^^^^^^^^^^^^^^^^^^^^^^^^^^^^^^^^^
  File "/usr/local/lib/python3.11/site-packages/f5/bigip/__init__.py", line 183, in __init__
    self.post_configuration_setup()
  File "/usr/local/lib/python3.11/site-packages/f5/bigip/__init__.py", line 119, in post_configuration_setup
    self._get_tmos_version()
  File "/usr/local/lib/python3.11/site-packages/f5/bigip/__init__.py", line 138, in _get_tmos_version
    response = connect.get(base_uri)
               ^^^^^^^^^^^^^^^^^^^^^
  File "/usr/local/lib/python3.11/site-packages/icontrol/session.py", line 281, in wrapper
    response = method(self, REST_uri, **kwargs)
               ^^^^^^^^^^^^^^^^^^^^^^^^^^^^^^^^
  File "/usr/local/lib/python3.11/site-packages/icontrol/session.py", line 524, in get
    prepared = self.session.prepare_request(req)
               ^^^^^^^^^^^^^^^^^^^^^^^^^^^^^^^^^
  File "/usr/local/lib/python3.11/site-packages/requests/sessions.py", line 486, in prepare_request
    p.prepare(
  File "/usr/local/lib/python3.11/site-packages/requests/models.py", line 372, in prepare
    self.prepare_auth(auth, url)
  File "/usr/local/lib/python3.11/site-packages/requests/models.py", line 603, in prepare_auth
    r = auth(self)
        ^^^^^^^^^^
  File "/usr/local/lib/python3.11/site-packages/icontrol/authtoken.py", line 254, in __call__
    self.get_new_token(netloc)
  File "/usr/local/lib/python3.11/site-packages/icontrol/authtoken.py", line 159, in get_new_token
    raise iControlUnexpectedHTTPError(error_message,
icontrol.exceptions.iControlUnexpectedHTTPError: 401 Unexpected Error: F5 Authorization Required for uri: https://10.119.34.8:443/mgmt/shared/authn/login
Text: '{"code":401,"message":"Authentication failed.","referer":"10.119.17.4","restOperationId":148694524,"kind":":resterrorresponse"}'

2026-01-12 16:59:29,999 - cmt.f5 - ERROR - _perform_scan:570 - [AUTH ERROR] Authentication failed for bedc01-fab1-lb-002.network.axadmin.net (10.119.34.9). Please verify credentials are correct for this device.
Traceback (most recent call last):
  File "/app/services/f5_service_logic.py", line 411, in _perform_scan
    mgmt = _connect_to_f5(device.ip_address, username, password)
           ^^^^^^^^^^^^^^^^^^^^^^^^^^^^^^^^^^^^^^^^^^^^^^^^^^^^^
  File "/app/core/retry.py", line 42, in wrapper
    return func(*args, **kwargs)
           ^^^^^^^^^^^^^^^^^^^^^
  File "/app/services/f5_service_logic.py", line 347, in _connect_to_f5
    mgmt = ManagementRoot(hostname, username, password, token=True)
           ^^^^^^^^^^^^^^^^^^^^^^^^^^^^^^^^^^^^^^^^^^^^^^^^^^^^^^^^
  File "/usr/local/lib/python3.11/site-packages/f5/bigip/__init__.py", line 183, in __init__
    self.post_configuration_setup()
  File "/usr/local/lib/python3.11/site-packages/f5/bigip/__init__.py", line 119, in post_configuration_setup
    self._get_tmos_version()
  File "/usr/local/lib/python3.11/site-packages/f5/bigip/__init__.py", line 138, in _get_tmos_version
    response = connect.get(base_uri)
               ^^^^^^^^^^^^^^^^^^^^^
  File "/usr/local/lib/python3.11/site-packages/icontrol/session.py", line 281, in wrapper
    response = method(self, REST_uri, **kwargs)
               ^^^^^^^^^^^^^^^^^^^^^^^^^^^^^^^^
  File "/usr/local/lib/python3.11/site-packages/icontrol/session.py", line 524, in get
    prepared = self.session.prepare_request(req)
               ^^^^^^^^^^^^^^^^^^^^^^^^^^^^^^^^^
  File "/usr/local/lib/python3.11/site-packages/requests/sessions.py", line 486, in prepare_request
    p.prepare(
  File "/usr/local/lib/python3.11/site-packages/requests/models.py", line 372, in prepare
    self.prepare_auth(auth, url)
  File "/usr/local/lib/python3.11/site-packages/requests/models.py", line 603, in prepare_auth
    r = auth(self)
        ^^^^^^^^^^
  File "/usr/local/lib/python3.11/site-packages/icontrol/authtoken.py", line 254, in __call__
    self.get_new_token(netloc)
  File "/usr/local/lib/python3.11/site-packages/icontrol/authtoken.py", line 159, in get_new_token
    raise iControlUnexpectedHTTPError(error_message,
icontrol.exceptions.iControlUnexpectedHTTPError: 401 Unexpected Error: F5 Authorization Required for uri: https://10.119.34.9:443/mgmt/shared/authn/login
Text: '{"code":401,"message":"Authentication failed.","referer":"10.119.17.4","restOperationId":149167118,"kind":":resterrorresponse"}'

2026-01-12 16:59:30,428 - cmt.f5 - INFO - _perform_scan:419 - Facts updated for eudc02-lb-002-vcmp.network.axadmin.net: ['version', 'ha_state', 'sync_status', 'dns_servers']
2026-01-12 16:59:30,622 - cmt.websocket - INFO - websocket_devices:188 - WebSocket client disconnected normally
2026-01-12 16:59:30,623 - cmt.websocket - INFO - disconnect:62 - WebSocket disconnected. Total: 2
2026-01-12 16:59:30,624 - cmt.websocket - INFO - connect:49 - WebSocket connected (user_id=None). Total: 3
2026-01-12 16:59:31,573 - cmt.f5 - INFO - _perform_scan:535 - Database commit successful for eudc02-lb-002-vcmp.network.axadmin.net
2026-01-12 16:59:31,573 - cmt.f5 - INFO - _perform_scan:537 - Scan complete for eudc02-lb-002-vcmp.network.axadmin.net. Certs - New: 5, Updated: 0, Removed: 0. Facts refreshed: 4 field(s).
2026-01-12 16:59:32,006 - cmt.f5 - INFO - _connect_to_f5:348 - Successfully connected to F5: 10.119.16.80
2026-01-12 16:59:32,007 - cmt.f5 - INFO - _perform_scan:412 - Scanning certificates on F5 device eudc01-lb-001-blue.network.axadmin.net (10.119.16.80)
2026-01-12 16:59:32,094 - cmt.f5 - INFO - _connect_to_f5:348 - Successfully connected to F5: 10.119.36.51
2026-01-12 16:59:32,095 - cmt.f5 - INFO - _perform_scan:412 - Scanning certificates on F5 device rudc10-lb-002.network.axadmin.net (10.119.36.51)
2026-01-12 16:59:32,955 - cmt.f5 - INFO - _perform_scan:419 - Facts updated for eudc01-lb-001-blue.network.axadmin.net: ['version', 'ha_state', 'sync_status', 'dns_servers']
2026-01-12 16:59:33,247 - cmt.f5 - INFO - _perform_scan:419 - Facts updated for rudc10-lb-002.network.axadmin.net: ['ha_state', 'sync_status']
2026-01-12 16:59:33,658 - cmt.websocket - INFO - connect:49 - WebSocket connected (user_id=None). Total: 4
2026-01-12 16:59:33,659 - cmt.websocket - INFO - websocket_devices:188 - WebSocket client disconnected normally
2026-01-12 16:59:33,659 - cmt.websocket - INFO - disconnect:62 - WebSocket disconnected. Total: 3
2026-01-12 16:59:36,486 - cmt.retry - WARNING - wrapper:58 - _connect_to_f5 attempt 1/3 failed: 401 Unexpected Error: F5 Authorization Required for uri: https://34.241.100.251:443/mgmt/shared/authn/login
Text: '{"code":401,"message":"Authentication failed.","referer":"213.52.176.20","restOperationId":101092533,"kind":":resterrorresponse"}'. Retrying in 2.0s...
2026-01-12 16:59:36,690 - cmt.websocket - INFO - connect:49 - WebSocket connected (user_id=None). Total: 4
2026-01-12 16:59:36,693 - cmt.websocket - INFO - websocket_devices:188 - WebSocket client disconnected normally
2026-01-12 16:59:36,693 - cmt.websocket - INFO - disconnect:62 - WebSocket disconnected. Total: 3
2026-01-12 16:59:39,683 - cmt.websocket - INFO - connect:49 - WebSocket connected (user_id=None). Total: 4
2026-01-12 16:59:39,683 - cmt.websocket - INFO - websocket_devices:188 - WebSocket client disconnected normally
2026-01-12 16:59:39,684 - cmt.websocket - INFO - disconnect:62 - WebSocket disconnected. Total: 3
2026-01-12 16:59:41,950 - cmt.f5 - INFO - _perform_scan:535 - Database commit successful for rudc10-lb-002.network.axadmin.net
2026-01-12 16:59:41,950 - cmt.f5 - INFO - _perform_scan:537 - Scan complete for rudc10-lb-002.network.axadmin.net. Certs - New: 28, Updated: 0, Removed: 0. Facts refreshed: 2 field(s).
2026-01-12 16:59:42,689 - cmt.websocket - INFO - websocket_devices:188 - WebSocket client disconnected normally
2026-01-12 16:59:42,690 - cmt.websocket - INFO - disconnect:62 - WebSocket disconnected. Total: 2
2026-01-12 16:59:42,691 - cmt.websocket - INFO - connect:49 - WebSocket connected (user_id=None). Total: 3
2026-01-12 16:59:43,490 - cmt.retry - WARNING - wrapper:58 - _connect_to_f5 attempt 2/3 failed: 401 Unexpected Error: F5 Authorization Required for uri: https://34.241.100.251:443/mgmt/shared/authn/login
Text: '{"code":401,"message":"Authentication failed.","referer":"213.52.176.20","restOperationId":101092722,"kind":":resterrorresponse"}'. Retrying in 4.0s...
2026-01-12 16:59:44,292 - cmt.f5 - INFO - _connect_to_f5:348 - Successfully connected to F5: 10.119.36.50
2026-01-12 16:59:44,293 - cmt.f5 - INFO - _perform_scan:412 - Scanning certificates on F5 device rudc10-lb-001.network.axadmin.net (10.119.36.50)
2026-01-12 16:59:45,635 - cmt.f5 - INFO - _perform_scan:419 - Facts updated for rudc10-lb-001.network.axadmin.net: ['ha_state', 'sync_status']
2026-01-12 16:59:45,697 - cmt.websocket - INFO - connect:49 - WebSocket connected (user_id=None). Total: 4
2026-01-12 16:59:45,698 - cmt.websocket - INFO - websocket_devices:188 - WebSocket client disconnected normally
2026-01-12 16:59:45,698 - cmt.websocket - INFO - disconnect:62 - WebSocket disconnected. Total: 3
2026-01-12 16:59:48,697 - cmt.websocket - INFO - connect:49 - WebSocket connected (user_id=None). Total: 4
2026-01-12 16:59:48,700 - cmt.websocket - INFO - websocket_devices:188 - WebSocket client disconnected normally
2026-01-12 16:59:48,701 - cmt.websocket - INFO - disconnect:62 - WebSocket disconnected. Total: 3
2026-01-12 16:59:51,700 - cmt.websocket - INFO - websocket_devices:188 - WebSocket client disconnected normally
2026-01-12 16:59:51,701 - cmt.websocket - INFO - disconnect:62 - WebSocket disconnected. Total: 2
2026-01-12 16:59:51,702 - cmt.websocket - INFO - connect:49 - WebSocket connected (user_id=None). Total: 3
2026-01-12 16:59:52,058 - cmt.retry - ERROR - wrapper:47 - _connect_to_f5 failed after 3 attempts: 401 Unexpected Error: F5 Authorization Required for uri: https://34.241.100.251:443/mgmt/shared/authn/login
Text: '{"code":401,"message":"Authentication failed.","referer":"213.52.176.20","restOperationId":101093076,"kind":":resterrorresponse"}'
2026-01-12 16:59:52,062 - cmt.f5 - ERROR - _perform_scan:570 - [AUTH ERROR] Authentication failed for ip-10-32-0-115.monitor.smartdrivesystems.com (34.241.100.251). Please verify credentials are correct for this device.
Traceback (most recent call last):
  File "/app/services/f5_service_logic.py", line 411, in _perform_scan
    mgmt = _connect_to_f5(device.ip_address, username, password)
           ^^^^^^^^^^^^^^^^^^^^^^^^^^^^^^^^^^^^^^^^^^^^^^^^^^^^^
  File "/app/core/retry.py", line 42, in wrapper
    return func(*args, **kwargs)
           ^^^^^^^^^^^^^^^^^^^^^
  File "/app/services/f5_service_logic.py", line 347, in _connect_to_f5
    mgmt = ManagementRoot(hostname, username, password, token=True)
           ^^^^^^^^^^^^^^^^^^^^^^^^^^^^^^^^^^^^^^^^^^^^^^^^^^^^^^^^
  File "/usr/local/lib/python3.11/site-packages/f5/bigip/__init__.py", line 183, in __init__
    self.post_configuration_setup()
  File "/usr/local/lib/python3.11/site-packages/f5/bigip/__init__.py", line 119, in post_configuration_setup
    self._get_tmos_version()
  File "/usr/local/lib/python3.11/site-packages/f5/bigip/__init__.py", line 138, in _get_tmos_version
    response = connect.get(base_uri)
               ^^^^^^^^^^^^^^^^^^^^^
  File "/usr/local/lib/python3.11/site-packages/icontrol/session.py", line 281, in wrapper
    response = method(self, REST_uri, **kwargs)
               ^^^^^^^^^^^^^^^^^^^^^^^^^^^^^^^^
  File "/usr/local/lib/python3.11/site-packages/icontrol/session.py", line 524, in get
    prepared = self.session.prepare_request(req)
               ^^^^^^^^^^^^^^^^^^^^^^^^^^^^^^^^^
  File "/usr/local/lib/python3.11/site-packages/requests/sessions.py", line 486, in prepare_request
    p.prepare(
  File "/usr/local/lib/python3.11/site-packages/requests/models.py", line 372, in prepare
    self.prepare_auth(auth, url)
  File "/usr/local/lib/python3.11/site-packages/requests/models.py", line 603, in prepare_auth
    r = auth(self)
        ^^^^^^^^^^
  File "/usr/local/lib/python3.11/site-packages/icontrol/authtoken.py", line 254, in __call__
    self.get_new_token(netloc)
  File "/usr/local/lib/python3.11/site-packages/icontrol/authtoken.py", line 159, in get_new_token
    raise iControlUnexpectedHTTPError(error_message,
icontrol.exceptions.iControlUnexpectedHTTPError: 401 Unexpected Error: F5 Authorization Required for uri: https://34.241.100.251:443/mgmt/shared/authn/login
Text: '{"code":401,"message":"Authentication failed.","referer":"213.52.176.20","restOperationId":101093076,"kind":":resterrorresponse"}'

2026-01-12 16:59:52,757 - cmt.f5 - INFO - _perform_scan:535 - Database commit successful for rudc10-lb-001.network.axadmin.net
2026-01-12 16:59:52,758 - cmt.f5 - INFO - _perform_scan:537 - Scan complete for rudc10-lb-001.network.axadmin.net. Certs - New: 28, Updated: 0, Removed: 0. Facts refreshed: 2 field(s).
2026-01-12 16:59:54,704 - cmt.websocket - INFO - websocket_devices:188 - WebSocket client disconnected normally
2026-01-12 16:59:54,704 - cmt.websocket - INFO - disconnect:62 - WebSocket disconnected. Total: 2
2026-01-12 16:59:54,705 - cmt.websocket - INFO - connect:49 - WebSocket connected (user_id=None). Total: 3
2026-01-12 16:59:56,007 - cmt.f5 - INFO - _connect_to_f5:348 - Successfully connected to F5: 10.119.37.50
2026-01-12 16:59:56,008 - cmt.f5 - INFO - _perform_scan:412 - Scanning certificates on F5 device sgdc10-fab1-lb-001.network.axadmin.net (10.119.37.50)
2026-01-12 16:59:56,029 - cmt.f5 - INFO - _connect_to_f5:348 - Successfully connected to F5: 10.119.37.51
2026-01-12 16:59:56,030 - cmt.f5 - INFO - _perform_scan:412 - Scanning certificates on F5 device sgdc10-fab1-lb-002.network.axadmin.net (10.119.37.51)
2026-01-12 16:59:57,450 - cmt.f5 - INFO - _perform_scan:535 - Database commit successful for eudc01-lb-001-blue.network.axadmin.net
2026-01-12 16:59:57,450 - cmt.f5 - INFO - _perform_scan:537 - Scan complete for eudc01-lb-001-blue.network.axadmin.net. Certs - New: 116, Updated: 0, Removed: 0. Facts refreshed: 4 field(s).
2026-01-12 16:59:57,527 - cmt.f5 - INFO - _perform_scan:419 - Facts updated for sgdc10-fab1-lb-002.network.axadmin.net: ['version', 'ha_state', 'sync_status']
2026-01-12 16:59:57,565 - cmt.f5 - INFO - _perform_scan:419 - Facts updated for sgdc10-fab1-lb-001.network.axadmin.net: ['version', 'ha_state', 'sync_status']
2026-01-12 16:59:57,708 - cmt.websocket - INFO - websocket_devices:188 - WebSocket client disconnected normally
2026-01-12 16:59:57,708 - cmt.websocket - INFO - disconnect:62 - WebSocket disconnected. Total: 2
2026-01-12 16:59:57,709 - cmt.websocket - INFO - connect:49 - WebSocket connected (user_id=None). Total: 3
2026-01-12 17:00:00,716 - cmt.websocket - INFO - connect:49 - WebSocket connected (user_id=None). Total: 4
2026-01-12 17:00:00,719 - cmt.websocket - INFO - websocket_devices:188 - WebSocket client disconnected normally
2026-01-12 17:00:00,720 - cmt.websocket - INFO - disconnect:62 - WebSocket disconnected. Total: 3
2026-01-12 17:00:03,724 - cmt.websocket - INFO - connect:49 - WebSocket connected (user_id=None). Total: 4
2026-01-12 17:00:03,725 - cmt.websocket - INFO - websocket_devices:188 - WebSocket client disconnected normally
2026-01-12 17:00:03,726 - cmt.websocket - INFO - disconnect:62 - WebSocket disconnected. Total: 3
2026-01-12 17:00:03,987 - cmt.f5 - INFO - _perform_scan:535 - Database commit successful for sgdc10-fab1-lb-002.network.axadmin.net
2026-01-12 17:00:03,988 - cmt.f5 - INFO - _perform_scan:537 - Scan complete for sgdc10-fab1-lb-002.network.axadmin.net. Certs - New: 19, Updated: 0, Removed: 0. Facts refreshed: 3 field(s).
2026-01-12 17:00:04,166 - cmt.f5 - INFO - _perform_scan:535 - Database commit successful for sgdc10-fab1-lb-001.network.axadmin.net
2026-01-12 17:00:04,166 - cmt.f5 - INFO - _perform_scan:537 - Scan complete for sgdc10-fab1-lb-001.network.axadmin.net. Certs - New: 19, Updated: 0, Removed: 0. Facts refreshed: 3 field(s).
2026-01-12 17:00:04,850 - cmt.f5 - INFO - _connect_to_f5:348 - Successfully connected to F5: 10.119.0.76
2026-01-12 17:00:04,851 - cmt.f5 - INFO - _perform_scan:412 - Scanning certificates on F5 device usdc01-fab1-lb-002.network.axadmin.net (10.119.0.76)
2026-01-12 17:00:05,085 - cmt.f5 - INFO - _connect_to_f5:348 - Successfully connected to F5: 10.119.0.78
2026-01-12 17:00:05,086 - cmt.f5 - INFO - _perform_scan:412 - Scanning certificates on F5 device usdc01-fab1-lb-004.network.axadmin.net (10.119.0.78)
2026-01-12 17:00:05,336 - cmt.f5 - INFO - _perform_scan:419 - Facts updated for usdc01-fab1-lb-002.network.axadmin.net: ['version', 'ha_state', 'sync_status', 'dns_servers']
2026-01-12 17:00:05,523 - cmt.f5 - INFO - _perform_scan:419 - Facts updated for usdc01-fab1-lb-004.network.axadmin.net: ['version', 'ha_state', 'sync_status', 'dns_servers']
2026-01-12 17:00:05,904 - cmt.f5 - INFO - _perform_scan:535 - Database commit successful for usdc01-fab1-lb-002.network.axadmin.net
2026-01-12 17:00:05,905 - cmt.f5 - INFO - _perform_scan:537 - Scan complete for usdc01-fab1-lb-002.network.axadmin.net. Certs - New: 5, Updated: 0, Removed: 0. Facts refreshed: 4 field(s).
2026-01-12 17:00:06,725 - cmt.websocket - INFO - connect:49 - WebSocket connected (user_id=None). Total: 4
2026-01-12 17:00:06,727 - cmt.websocket - INFO - websocket_devices:188 - WebSocket client disconnected normally
2026-01-12 17:00:06,727 - cmt.websocket - INFO - disconnect:62 - WebSocket disconnected. Total: 3
2026-01-12 17:00:06,924 - cmt.f5 - INFO - _connect_to_f5:348 - Successfully connected to F5: 10.119.0.77
2026-01-12 17:00:06,925 - cmt.f5 - INFO - _perform_scan:412 - Scanning certificates on F5 device usdc01-fab1-lb-003.network.axadmin.net (10.119.0.77)
2026-01-12 17:00:07,386 - cmt.f5 - INFO - _perform_scan:419 - Facts updated for usdc01-fab1-lb-003.network.axadmin.net: ['version', 'ha_state', 'sync_status', 'dns_servers']
2026-01-12 17:00:09,732 - cmt.websocket - INFO - websocket_devices:188 - WebSocket client disconnected normally
2026-01-12 17:00:09,736 - cmt.websocket - INFO - disconnect:62 - WebSocket disconnected. Total: 2
2026-01-12 17:00:09,740 - cmt.websocket - INFO - connect:49 - WebSocket connected (user_id=None). Total: 3
2026-01-12 17:00:12,734 - cmt.websocket - INFO - websocket_devices:188 - WebSocket client disconnected normally
2026-01-12 17:00:12,735 - cmt.websocket - INFO - disconnect:62 - WebSocket disconnected. Total: 2
2026-01-12 17:00:12,736 - cmt.websocket - INFO - connect:49 - WebSocket connected (user_id=None). Total: 3
2026-01-12 17:00:14,009 - cmt.f5 - INFO - _perform_scan:535 - Database commit successful for usdc01-fab1-lb-004.network.axadmin.net
2026-01-12 17:00:14,010 - cmt.f5 - INFO - _perform_scan:537 - Scan complete for usdc01-fab1-lb-004.network.axadmin.net. Certs - New: 93, Updated: 0, Removed: 0. Facts refreshed: 4 field(s).
2026-01-12 17:00:15,739 - cmt.websocket - INFO - connect:49 - WebSocket connected (user_id=None). Total: 4
2026-01-12 17:00:15,740 - cmt.websocket - INFO - websocket_devices:188 - WebSocket client disconnected normally
2026-01-12 17:00:15,740 - cmt.websocket - INFO - disconnect:62 - WebSocket disconnected. Total: 3
2026-01-12 17:00:18,250 - cmt.f5 - INFO - _perform_scan:535 - Database commit successful for usdc01-fab1-lb-003.network.axadmin.net
2026-01-12 17:00:18,251 - cmt.f5 - INFO - _perform_scan:537 - Scan complete for usdc01-fab1-lb-003.network.axadmin.net. Certs - New: 93, Updated: 0, Removed: 0. Facts refreshed: 4 field(s).
2026-01-12 17:00:18,741 - cmt.websocket - INFO - websocket_devices:188 - WebSocket client disconnected normally
2026-01-12 17:00:18,741 - cmt.websocket - INFO - disconnect:62 - WebSocket disconnected. Total: 2
2026-01-12 17:00:18,742 - cmt.websocket - INFO - connect:49 - WebSocket connected (user_id=None). Total: 3
2026-01-12 17:00:19,268 - cmt.f5 - INFO - _connect_to_f5:348 - Successfully connected to F5: 10.119.8.75
2026-01-12 17:00:19,269 - cmt.f5 - INFO - _perform_scan:412 - Scanning certificates on F5 device usdc02-fab1-lb-001.network.axadmin.net (10.119.8.75)
2026-01-12 17:00:19,888 - cmt.f5 - INFO - _perform_scan:419 - Facts updated for usdc02-fab1-lb-001.network.axadmin.net: ['version', 'ha_state', 'sync_status', 'dns_servers']
2026-01-12 17:00:20,595 - cmt.f5 - INFO - _perform_scan:535 - Database commit successful for usdc02-fab1-lb-001.network.axadmin.net
2026-01-12 17:00:20,595 - cmt.f5 - INFO - _perform_scan:537 - Scan complete for usdc02-fab1-lb-001.network.axadmin.net. Certs - New: 5, Updated: 0, Removed: 0. Facts refreshed: 4 field(s).
2026-01-12 17:00:21,578 - cmt.f5 - INFO - _connect_to_f5:348 - Successfully connected to F5: 10.119.8.76
2026-01-12 17:00:21,579 - cmt.f5 - INFO - _perform_scan:412 - Scanning certificates on F5 device usdc02-fab1-lb-002.network.axadmin.net (10.119.8.76)
2026-01-12 17:00:21,748 - cmt.websocket - INFO - connect:49 - WebSocket connected (user_id=None). Total: 4
2026-01-12 17:00:21,750 - cmt.websocket - INFO - websocket_devices:188 - WebSocket client disconnected normally
2026-01-12 17:00:21,751 - cmt.websocket - INFO - disconnect:62 - WebSocket disconnected. Total: 3
2026-01-12 17:00:22,101 - cmt.f5 - INFO - _perform_scan:419 - Facts updated for usdc02-fab1-lb-002.network.axadmin.net: ['version', 'ha_state', 'sync_status', 'dns_servers']
2026-01-12 17:00:22,769 - cmt.f5 - INFO - _perform_scan:535 - Database commit successful for usdc02-fab1-lb-002.network.axadmin.net
2026-01-12 17:00:22,770 - cmt.f5 - INFO - _perform_scan:537 - Scan complete for usdc02-fab1-lb-002.network.axadmin.net. Certs - New: 6, Updated: 0, Removed: 0. Facts refreshed: 4 field(s).
2026-01-12 17:00:23,792 - cmt.f5 - INFO - _connect_to_f5:348 - Successfully connected to F5: 192.168.13.35
2026-01-12 17:00:23,793 - cmt.f5 - INFO - _perform_scan:412 - Scanning certificates on F5 device dc1-apm-dev-01.mgmt.omnitracs.com (192.168.13.35)
2026-01-12 17:00:24,341 - cmt.f5 - INFO - _perform_scan:419 - Facts updated for dc1-apm-dev-01.mgmt.omnitracs.com: ['ha_state', 'sync_status', 'dns_servers']
2026-01-12 17:00:24,752 - cmt.websocket - INFO - websocket_devices:188 - WebSocket client disconnected normally
2026-01-12 17:00:24,753 - cmt.websocket - INFO - disconnect:62 - WebSocket disconnected. Total: 2
2026-01-12 17:00:24,755 - cmt.websocket - INFO - connect:49 - WebSocket connected (user_id=None). Total: 3
2026-01-12 17:00:24,989 - cmt.f5 - INFO - _perform_scan:535 - Database commit successful for dc1-apm-dev-01.mgmt.omnitracs.com
2026-01-12 17:00:24,989 - cmt.f5 - INFO - _perform_scan:537 - Scan complete for dc1-apm-dev-01.mgmt.omnitracs.com. Certs - New: 4, Updated: 0, Removed: 0. Facts refreshed: 3 field(s).
2026-01-12 17:00:26,095 - cmt.f5 - INFO - _connect_to_f5:348 - Successfully connected to F5: 192.168.52.187
2026-01-12 17:00:26,096 - cmt.f5 - INFO - _perform_scan:412 - Scanning certificates on F5 device na-oec-02-test-pcrf-01.mgmt.omnitracs.com (192.168.52.187)
2026-01-12 17:00:26,728 - cmt.f5 - INFO - _perform_scan:419 - Facts updated for na-oec-02-test-pcrf-01.mgmt.omnitracs.com: ['ha_state', 'sync_status', 'dns_servers']
2026-01-12 17:00:27,460 - cmt.f5 - INFO - _perform_scan:535 - Database commit successful for na-oec-02-test-pcrf-01.mgmt.omnitracs.com
2026-01-12 17:00:27,460 - cmt.f5 - INFO - _perform_scan:537 - Scan complete for na-oec-02-test-pcrf-01.mgmt.omnitracs.com. Certs - New: 4, Updated: 0, Removed: 0. Facts refreshed: 3 field(s).
2026-01-12 17:00:27,757 - cmt.websocket - INFO - connect:49 - WebSocket connected (user_id=None). Total: 4
2026-01-12 17:00:27,759 - cmt.websocket - INFO - websocket_devices:188 - WebSocket client disconnected normally
2026-01-12 17:00:27,760 - cmt.websocket - INFO - disconnect:62 - WebSocket disconnected. Total: 3
2026-01-12 17:00:28,574 - cmt.f5 - INFO - _connect_to_f5:348 - Successfully connected to F5: 192.168.13.100
2026-01-12 17:00:28,575 - cmt.f5 - INFO - _perform_scan:412 - Scanning certificates on F5 device dc1-pem-01.mgmt.omnitracs.com (192.168.13.100)
2026-01-12 17:00:29,132 - cmt.f5 - INFO - _perform_scan:419 - Facts updated for dc1-pem-01.mgmt.omnitracs.com: ['version', 'ha_state', 'sync_status', 'dns_servers']
2026-01-12 17:00:29,917 - cmt.f5 - INFO - _perform_scan:535 - Database commit successful for dc1-pem-01.mgmt.omnitracs.com
2026-01-12 17:00:29,918 - cmt.f5 - INFO - _perform_scan:537 - Scan complete for dc1-pem-01.mgmt.omnitracs.com. Certs - New: 5, Updated: 0, Removed: 0. Facts refreshed: 4 field(s).
2026-01-12 17:00:30,762 - cmt.websocket - INFO - connect:49 - WebSocket connected (user_id=None). Total: 4
2026-01-12 17:00:30,765 - cmt.websocket - INFO - websocket_devices:188 - WebSocket client disconnected normally
2026-01-12 17:00:30,767 - cmt.websocket - INFO - disconnect:62 - WebSocket disconnected. Total: 3
2026-01-12 17:00:30,979 - cmt.f5 - INFO - _connect_to_f5:348 - Successfully connected to F5: 192.168.13.13
2026-01-12 17:00:30,979 - cmt.f5 - INFO - _perform_scan:412 - Scanning certificates on F5 device dc1-sag-prd-01.mgmt.omnitracs.com (192.168.13.13)
2026-01-12 17:00:31,562 - cmt.f5 - INFO - _perform_scan:419 - Facts updated for dc1-sag-prd-01.mgmt.omnitracs.com: ['version', 'ha_state', 'sync_status', 'dns_servers']
2026-01-12 17:00:33,765 - cmt.websocket - INFO - connect:49 - WebSocket connected (user_id=None). Total: 4
2026-01-12 17:00:33,766 - cmt.websocket - INFO - websocket_devices:188 - WebSocket client disconnected normally
2026-01-12 17:00:33,766 - cmt.websocket - INFO - disconnect:62 - WebSocket disconnected. Total: 3
2026-01-12 17:00:36,772 - cmt.websocket - INFO - connect:49 - WebSocket connected (user_id=None). Total: 4
2026-01-12 17:00:36,774 - cmt.websocket - INFO - websocket_devices:188 - WebSocket client disconnected normally
2026-01-12 17:00:36,775 - cmt.websocket - INFO - disconnect:62 - WebSocket disconnected. Total: 3
2026-01-12 17:00:37,288 - cmt.f5 - INFO - _perform_scan:535 - Database commit successful for dc1-sag-prd-01.mgmt.omnitracs.com
2026-01-12 17:00:37,289 - cmt.f5 - INFO - _perform_scan:537 - Scan complete for dc1-sag-prd-01.mgmt.omnitracs.com. Certs - New: 33, Updated: 0, Removed: 0. Facts refreshed: 4 field(s).
2026-01-12 17:00:39,777 - cmt.websocket - INFO - connect:49 - WebSocket connected (user_id=None). Total: 4
2026-01-12 17:00:39,778 - cmt.websocket - INFO - websocket_devices:188 - WebSocket client disconnected normally
2026-01-12 17:00:39,778 - cmt.websocket - INFO - disconnect:62 - WebSocket disconnected. Total: 3
2026-01-12 17:00:42,478 - cmt.retry - WARNING - wrapper:58 - _connect_to_f5 attempt 1/3 failed: 401 Unexpected Error: F5 Authorization Required for uri: https://10.119.35.51:443/mgmt/shared/authn/login
Text: '{"code":401,"message":"Authentication failed.","referer":"10.119.35.8","restOperationId":202597965,"kind":":resterrorresponse"}'. Retrying in 2.0s...
2026-01-12 17:00:42,780 - cmt.websocket - INFO - connect:49 - WebSocket connected (user_id=None). Total: 4
2026-01-12 17:00:42,780 - cmt.websocket - INFO - websocket_devices:188 - WebSocket client disconnected normally
2026-01-12 17:00:42,780 - cmt.websocket - INFO - disconnect:62 - WebSocket disconnected. Total: 3
2026-01-12 17:00:45,783 - cmt.websocket - INFO - websocket_devices:188 - WebSocket client disconnected normally
2026-01-12 17:00:45,784 - cmt.websocket - INFO - disconnect:62 - WebSocket disconnected. Total: 2
2026-01-12 17:00:45,785 - cmt.websocket - INFO - connect:49 - WebSocket connected (user_id=None). Total: 3
2026-01-12 17:00:48,788 - cmt.websocket - INFO - connect:49 - WebSocket connected (user_id=None). Total: 4
2026-01-12 17:00:48,791 - cmt.websocket - INFO - websocket_devices:188 - WebSocket client disconnected normally
2026-01-12 17:00:48,792 - cmt.websocket - INFO - disconnect:62 - WebSocket disconnected. Total: 3
2026-01-12 17:00:50,402 - cmt.retry - WARNING - wrapper:58 - _connect_to_f5 attempt 2/3 failed: 401 Unexpected Error: F5 Authorization Required for uri: https://10.119.35.51:443/mgmt/shared/authn/login
Text: '{"code":401,"message":"Authentication failed.","referer":"10.119.35.8","restOperationId":202598131,"kind":":resterrorresponse"}'. Retrying in 4.0s...
2026-01-12 17:00:51,789 - cmt.websocket - INFO - websocket_devices:188 - WebSocket client disconnected normally
2026-01-12 17:00:51,791 - cmt.websocket - INFO - disconnect:62 - WebSocket disconnected. Total: 2
2026-01-12 17:00:51,794 - cmt.websocket - INFO - connect:49 - WebSocket connected (user_id=None). Total: 3
2026-01-12 17:00:54,800 - cmt.websocket - INFO - connect:49 - WebSocket connected (user_id=None). Total: 4
2026-01-12 17:00:54,803 - cmt.websocket - INFO - websocket_devices:188 - WebSocket client disconnected normally
2026-01-12 17:00:54,804 - cmt.websocket - INFO - disconnect:62 - WebSocket disconnected. Total: 3
2026-01-12 17:00:57,804 - cmt.websocket - INFO - connect:49 - WebSocket connected (user_id=None). Total: 4
2026-01-12 17:00:57,810 - cmt.websocket - INFO - websocket_devices:188 - WebSocket client disconnected normally
2026-01-12 17:00:57,810 - cmt.websocket - INFO - disconnect:62 - WebSocket disconnected. Total: 3
2026-01-12 17:00:59,707 - cmt.retry - ERROR - wrapper:47 - _connect_to_f5 failed after 3 attempts: 401 Unexpected Error: F5 Authorization Required for uri: https://10.119.35.51:443/mgmt/shared/authn/login
Text: '{"code":401,"message":"Authentication failed.","referer":"10.119.35.8","restOperationId":202598337,"kind":":resterrorresponse"}'
2026-01-12 17:00:59,712 - cmt.f5 - ERROR - _perform_scan:570 - [AUTH ERROR] Authentication failed for audc10-fab1-lb-002.network.axadmin.net (10.119.35.51). Please verify credentials are correct for this device.
Traceback (most recent call last):
  File "/app/services/f5_service_logic.py", line 411, in _perform_scan
    mgmt = _connect_to_f5(device.ip_address, username, password)
           ^^^^^^^^^^^^^^^^^^^^^^^^^^^^^^^^^^^^^^^^^^^^^^^^^^^^^
  File "/app/core/retry.py", line 42, in wrapper
    return func(*args, **kwargs)
           ^^^^^^^^^^^^^^^^^^^^^
  File "/app/services/f5_service_logic.py", line 347, in _connect_to_f5
    mgmt = ManagementRoot(hostname, username, password, token=True)
           ^^^^^^^^^^^^^^^^^^^^^^^^^^^^^^^^^^^^^^^^^^^^^^^^^^^^^^^^
  File "/usr/local/lib/python3.11/site-packages/f5/bigip/__init__.py", line 183, in __init__
    self.post_configuration_setup()
  File "/usr/local/lib/python3.11/site-packages/f5/bigip/__init__.py", line 119, in post_configuration_setup
    self._get_tmos_version()
  File "/usr/local/lib/python3.11/site-packages/f5/bigip/__init__.py", line 138, in _get_tmos_version
    response = connect.get(base_uri)
               ^^^^^^^^^^^^^^^^^^^^^
  File "/usr/local/lib/python3.11/site-packages/icontrol/session.py", line 281, in wrapper
    response = method(self, REST_uri, **kwargs)
               ^^^^^^^^^^^^^^^^^^^^^^^^^^^^^^^^
  File "/usr/local/lib/python3.11/site-packages/icontrol/session.py", line 524, in get
    prepared = self.session.prepare_request(req)
               ^^^^^^^^^^^^^^^^^^^^^^^^^^^^^^^^^
  File "/usr/local/lib/python3.11/site-packages/requests/sessions.py", line 486, in prepare_request
    p.prepare(
  File "/usr/local/lib/python3.11/site-packages/requests/models.py", line 372, in prepare
    self.prepare_auth(auth, url)
  File "/usr/local/lib/python3.11/site-packages/requests/models.py", line 603, in prepare_auth
    r = auth(self)
        ^^^^^^^^^^
  File "/usr/local/lib/python3.11/site-packages/icontrol/authtoken.py", line 254, in __call__
    self.get_new_token(netloc)
  File "/usr/local/lib/python3.11/site-packages/icontrol/authtoken.py", line 159, in get_new_token
    raise iControlUnexpectedHTTPError(error_message,
icontrol.exceptions.iControlUnexpectedHTTPError: 401 Unexpected Error: F5 Authorization Required for uri: https://10.119.35.51:443/mgmt/shared/authn/login
Text: '{"code":401,"message":"Authentication failed.","referer":"10.119.35.8","restOperationId":202598337,"kind":":resterrorresponse"}'

2026-01-12 17:01:00,806 - cmt.websocket - INFO - connect:49 - WebSocket connected (user_id=None). Total: 4
2026-01-12 17:01:00,808 - cmt.websocket - INFO - websocket_devices:188 - WebSocket client disconnected normally
2026-01-12 17:01:00,810 - cmt.websocket - INFO - disconnect:62 - WebSocket disconnected. Total: 3
2026-01-12 17:01:02,288 - cmt.f5 - INFO - _connect_to_f5:348 - Successfully connected to F5: 10.119.24.89
2026-01-12 17:01:02,289 - cmt.f5 - INFO - _perform_scan:412 - Scanning certificates on F5 device eudc02-lb-002-nonprod.network.axadmin.net (10.119.24.89)
2026-01-12 17:01:03,240 - cmt.f5 - INFO - _perform_scan:419 - Facts updated for eudc02-lb-002-nonprod.network.axadmin.net: ['version', 'ha_state', 'sync_status', 'dns_servers']
2026-01-12 17:01:03,810 - cmt.websocket - INFO - connect:49 - WebSocket connected (user_id=None). Total: 4
2026-01-12 17:01:03,812 - cmt.websocket - INFO - websocket_devices:188 - WebSocket client disconnected normally
2026-01-12 17:01:03,812 - cmt.websocket - INFO - disconnect:62 - WebSocket disconnected. Total: 3
2026-01-12 17:01:06,816 - cmt.websocket - INFO - connect:49 - WebSocket connected (user_id=None). Total: 4
2026-01-12 17:01:06,817 - cmt.websocket - INFO - websocket_devices:188 - WebSocket client disconnected normally
2026-01-12 17:01:06,818 - cmt.websocket - INFO - disconnect:62 - WebSocket disconnected. Total: 3
2026-01-12 17:01:09,818 - cmt.websocket - INFO - websocket_devices:188 - WebSocket client disconnected normally
2026-01-12 17:01:09,819 - cmt.websocket - INFO - disconnect:62 - WebSocket disconnected. Total: 2
2026-01-12 17:01:09,820 - cmt.websocket - INFO - connect:49 - WebSocket connected (user_id=None). Total: 3
2026-01-12 17:01:12,464 - cmt.f5 - ERROR - _connect_to_f5:377 - SSL/TLS handshake failed with 10.132.3.252. This device may: (1) Only support older TLS versions (1.0/1.1), (2) Have incompatible cipher suites, or (3) Have certificate issues. Try accessing via browser to verify HTTPS works.
2026-01-12 17:01:12,466 - cmt.retry - WARNING - wrapper:58 - _connect_to_f5 attempt 1/3 failed: SSL/TLS handshake failed with 10.132.3.252. This device may: (1) Only support older TLS versions (1.0/1.1), (2) Have incompatible cipher suites, or (3) Have certificate issues. Try accessing via browser to verify HTTPS works.. Retrying in 2.0s...
2026-01-12 17:01:12,821 - cmt.websocket - INFO - connect:49 - WebSocket connected (user_id=None). Total: 4
2026-01-12 17:01:12,822 - cmt.websocket - INFO - websocket_devices:188 - WebSocket client disconnected normally
2026-01-12 17:01:12,822 - cmt.websocket - INFO - disconnect:62 - WebSocket disconnected. Total: 3
2026-01-12 17:01:15,828 - cmt.websocket - INFO - connect:49 - WebSocket connected (user_id=None). Total: 4
2026-01-12 17:01:15,830 - cmt.websocket - INFO - websocket_devices:188 - WebSocket client disconnected normally
2026-01-12 17:01:15,830 - cmt.websocket - INFO - disconnect:62 - WebSocket disconnected. Total: 3
2026-01-12 17:01:18,832 - cmt.websocket - INFO - connect:49 - WebSocket connected (user_id=None). Total: 4
2026-01-12 17:01:18,832 - cmt.websocket - INFO - websocket_devices:188 - WebSocket client disconnected normally
2026-01-12 17:01:18,833 - cmt.websocket - INFO - disconnect:62 - WebSocket disconnected. Total: 3
2026-01-12 17:01:21,834 - cmt.websocket - INFO - connect:49 - WebSocket connected (user_id=None). Total: 4
2026-01-12 17:01:21,835 - cmt.websocket - INFO - websocket_devices:188 - WebSocket client disconnected normally
2026-01-12 17:01:21,835 - cmt.websocket - INFO - disconnect:62 - WebSocket disconnected. Total: 3
2026-01-12 17:01:24,747 - cmt.f5 - ERROR - _connect_to_f5:377 - SSL/TLS handshake failed with 10.132.3.253. This device may: (1) Only support older TLS versions (1.0/1.1), (2) Have incompatible cipher suites, or (3) Have certificate issues. Try accessing via browser to verify HTTPS works.
2026-01-12 17:01:24,750 - cmt.retry - WARNING - wrapper:58 - _connect_to_f5 attempt 1/3 failed: SSL/TLS handshake failed with 10.132.3.253. This device may: (1) Only support older TLS versions (1.0/1.1), (2) Have incompatible cipher suites, or (3) Have certificate issues. Try accessing via browser to verify HTTPS works.. Retrying in 2.0s...
2026-01-12 17:01:24,839 - cmt.websocket - INFO - connect:49 - WebSocket connected (user_id=None). Total: 4
2026-01-12 17:01:24,842 - cmt.websocket - INFO - websocket_devices:188 - WebSocket client disconnected normally
2026-01-12 17:01:24,843 - cmt.websocket - INFO - disconnect:62 - WebSocket disconnected. Total: 3
2026-01-12 17:01:27,844 - cmt.websocket - INFO - websocket_devices:188 - WebSocket client disconnected normally
2026-01-12 17:01:27,844 - cmt.websocket - INFO - disconnect:62 - WebSocket disconnected. Total: 2
2026-01-12 17:01:27,845 - cmt.websocket - INFO - connect:49 - WebSocket connected (user_id=None). Total: 3
2026-01-12 17:01:30,850 - cmt.websocket - INFO - websocket_devices:188 - WebSocket client disconnected normally
2026-01-12 17:01:30,851 - cmt.websocket - INFO - disconnect:62 - WebSocket disconnected. Total: 2
2026-01-12 17:01:30,852 - cmt.websocket - INFO - connect:49 - WebSocket connected (user_id=None). Total: 3
2026-01-12 17:01:33,857 - cmt.websocket - INFO - connect:49 - WebSocket connected (user_id=None). Total: 4
2026-01-12 17:01:33,861 - cmt.websocket - INFO - websocket_devices:188 - WebSocket client disconnected normally
2026-01-12 17:01:33,861 - cmt.websocket - INFO - disconnect:62 - WebSocket disconnected. Total: 3
2026-01-12 17:01:36,866 - cmt.websocket - INFO - connect:49 - WebSocket connected (user_id=None). Total: 4
2026-01-12 17:01:36,868 - cmt.websocket - INFO - websocket_devices:188 - WebSocket client disconnected normally
2026-01-12 17:01:36,869 - cmt.websocket - INFO - disconnect:62 - WebSocket disconnected. Total: 3
2026-01-12 17:01:38,465 - cmt.f5 - INFO - _perform_scan:535 - Database commit successful for eudc02-lb-002-nonprod.network.axadmin.net
2026-01-12 17:01:38,466 - cmt.f5 - INFO - _perform_scan:537 - Scan complete for eudc02-lb-002-nonprod.network.axadmin.net. Certs - New: 165, Updated: 0, Removed: 0. Facts refreshed: 4 field(s).
2026-01-12 17:01:39,877 - cmt.websocket - INFO - connect:49 - WebSocket connected (user_id=None). Total: 4
2026-01-12 17:01:39,881 - cmt.websocket - INFO - websocket_devices:188 - WebSocket client disconnected normally
2026-01-12 17:01:39,882 - cmt.websocket - INFO - disconnect:62 - WebSocket disconnected. Total: 3
2026-01-12 17:01:40,030 - cmt.f5 - INFO - _connect_to_f5:348 - Successfully connected to F5: 10.119.24.90
2026-01-12 17:01:40,031 - cmt.f5 - INFO - _perform_scan:412 - Scanning certificates on F5 device eudc02-lb-001-test.network.axadmin.net (10.119.24.90)
2026-01-12 17:01:40,969 - cmt.f5 - INFO - _perform_scan:419 - Facts updated for eudc02-lb-001-test.network.axadmin.net: ['ha_state', 'sync_status']
2026-01-12 17:01:42,050 - cmt.f5 - INFO - _perform_scan:535 - Database commit successful for eudc02-lb-001-test.network.axadmin.net
2026-01-12 17:01:42,050 - cmt.f5 - INFO - _perform_scan:537 - Scan complete for eudc02-lb-001-test.network.axadmin.net. Certs - New: 4, Updated: 0, Removed: 0. Facts refreshed: 2 field(s).
2026-01-12 17:01:42,878 - cmt.websocket - INFO - connect:49 - WebSocket connected (user_id=None). Total: 4
2026-01-12 17:01:42,879 - cmt.websocket - INFO - websocket_devices:188 - WebSocket client disconnected normally
2026-01-12 17:01:42,879 - cmt.websocket - INFO - disconnect:62 - WebSocket disconnected. Total: 3
2026-01-12 17:01:42,912 - cmt.f5 - INFO - _connect_to_f5:348 - Successfully connected to F5: 10.119.0.75
2026-01-12 17:01:42,912 - cmt.f5 - INFO - _perform_scan:412 - Scanning certificates on F5 device usdc01-fab1-lb-001.network.axadmin.net (10.119.0.75)
2026-01-12 17:01:43,440 - cmt.f5 - INFO - _perform_scan:419 - Facts updated for usdc01-fab1-lb-001.network.axadmin.net: ['version', 'ha_state', 'sync_status', 'dns_servers']
2026-01-12 17:01:44,031 - cmt.f5 - INFO - _perform_scan:535 - Database commit successful for usdc01-fab1-lb-001.network.axadmin.net
2026-01-12 17:01:44,031 - cmt.f5 - INFO - _perform_scan:537 - Scan complete for usdc01-fab1-lb-001.network.axadmin.net. Certs - New: 5, Updated: 0, Removed: 0. Facts refreshed: 4 field(s).
2026-01-12 17:01:45,135 - cmt.retry - WARNING - wrapper:58 - _connect_to_f5 attempt 1/3 failed: HTTPSConnectionPool(host='172.20.188.52', port=443): Max retries exceeded with url: /mgmt/shared/authn/login (Caused by ConnectTimeoutError(<urllib3.connection.HTTPSConnection object at 0xffffb8143490>, 'Connection to 172.20.188.52 timed out. (connect timeout=None)')). Retrying in 2.0s...
2026-01-12 17:01:45,837 - cmt.f5 - INFO - _connect_to_f5:348 - Successfully connected to F5: 10.119.24.85
2026-01-12 17:01:45,838 - cmt.f5 - INFO - _perform_scan:412 - Scanning certificates on F5 device eudc02-lb-002-white.network.axadmin.net (10.119.24.85)
2026-01-12 17:01:45,883 - cmt.websocket - INFO - connect:49 - WebSocket connected (user_id=None). Total: 4
2026-01-12 17:01:45,884 - cmt.websocket - INFO - websocket_devices:188 - WebSocket client disconnected normally
2026-01-12 17:01:45,884 - cmt.websocket - INFO - disconnect:62 - WebSocket disconnected. Total: 3
2026-01-12 17:01:46,779 - cmt.f5 - INFO - _perform_scan:419 - Facts updated for eudc02-lb-002-white.network.axadmin.net: ['version', 'ha_state', 'sync_status', 'dns_servers']
2026-01-12 17:01:48,889 - cmt.websocket - INFO - connect:49 - WebSocket connected (user_id=None). Total: 4
2026-01-12 17:01:48,893 - cmt.websocket - INFO - websocket_devices:188 - WebSocket client disconnected normally
2026-01-12 17:01:48,894 - cmt.websocket - INFO - disconnect:62 - WebSocket disconnected. Total: 3
2026-01-12 17:01:51,889 - cmt.websocket - INFO - websocket_devices:188 - WebSocket client disconnected normally
2026-01-12 17:01:51,889 - cmt.websocket - INFO - disconnect:62 - WebSocket disconnected. Total: 2
2026-01-12 17:01:51,890 - cmt.websocket - INFO - connect:49 - WebSocket connected (user_id=None). Total: 3
2026-01-12 17:01:53,860 - cmt.f5 - ERROR - _connect_to_f5:377 - SSL/TLS handshake failed with 10.132.3.252. This device may: (1) Only support older TLS versions (1.0/1.1), (2) Have incompatible cipher suites, or (3) Have certificate issues. Try accessing via browser to verify HTTPS works.
2026-01-12 17:01:53,866 - cmt.retry - WARNING - wrapper:58 - _connect_to_f5 attempt 2/3 failed: SSL/TLS handshake failed with 10.132.3.252. This device may: (1) Only support older TLS versions (1.0/1.1), (2) Have incompatible cipher suites, or (3) Have certificate issues. Try accessing via browser to verify HTTPS works.. Retrying in 4.0s...
2026-01-12 17:01:54,894 - cmt.websocket - INFO - connect:49 - WebSocket connected (user_id=None). Total: 4
2026-01-12 17:01:54,895 - cmt.websocket - INFO - websocket_devices:188 - WebSocket client disconnected normally
2026-01-12 17:01:54,895 - cmt.websocket - INFO - disconnect:62 - WebSocket disconnected. Total: 3
2026-01-12 17:01:57,897 - cmt.websocket - INFO - websocket_devices:188 - WebSocket client disconnected normally
2026-01-12 17:01:57,898 - cmt.websocket - INFO - disconnect:62 - WebSocket disconnected. Total: 2
2026-01-12 17:01:57,900 - cmt.websocket - INFO - connect:49 - WebSocket connected (user_id=None). Total: 3
2026-01-12 17:02:00,899 - cmt.websocket - INFO - websocket_devices:188 - WebSocket client disconnected normally
2026-01-12 17:02:00,899 - cmt.websocket - INFO - disconnect:62 - WebSocket disconnected. Total: 2
2026-01-12 17:02:00,900 - cmt.websocket - INFO - connect:49 - WebSocket connected (user_id=None). Total: 3
2026-01-12 17:02:03,907 - cmt.websocket - INFO - connect:49 - WebSocket connected (user_id=None). Total: 4
2026-01-12 17:02:03,909 - cmt.websocket - INFO - websocket_devices:188 - WebSocket client disconnected normally
2026-01-12 17:02:03,909 - cmt.websocket - INFO - disconnect:62 - WebSocket disconnected. Total: 3
2026-01-12 17:02:06,908 - cmt.websocket - INFO - connect:49 - WebSocket connected (user_id=None). Total: 4
2026-01-12 17:02:06,909 - cmt.websocket - INFO - websocket_devices:188 - WebSocket client disconnected normally
2026-01-12 17:02:06,910 - cmt.websocket - INFO - disconnect:62 - WebSocket disconnected. Total: 3
2026-01-12 17:02:09,911 - cmt.websocket - INFO - websocket_devices:188 - WebSocket client disconnected normally
2026-01-12 17:02:09,911 - cmt.websocket - INFO - disconnect:62 - WebSocket disconnected. Total: 2
2026-01-12 17:02:09,912 - cmt.websocket - INFO - connect:49 - WebSocket connected (user_id=None). Total: 3
2026-01-12 17:02:12,879 - cmt.f5 - ERROR - _connect_to_f5:377 - SSL/TLS handshake failed with 10.132.3.253. This device may: (1) Only support older TLS versions (1.0/1.1), (2) Have incompatible cipher suites, or (3) Have certificate issues. Try accessing via browser to verify HTTPS works.
2026-01-12 17:02:12,896 - cmt.retry - WARNING - wrapper:58 - _connect_to_f5 attempt 2/3 failed: SSL/TLS handshake failed with 10.132.3.253. This device may: (1) Only support older TLS versions (1.0/1.1), (2) Have incompatible cipher suites, or (3) Have certificate issues. Try accessing via browser to verify HTTPS works.. Retrying in 4.0s...
2026-01-12 17:02:12,913 - cmt.websocket - INFO - websocket_devices:188 - WebSocket client disconnected normally
2026-01-12 17:02:12,913 - cmt.websocket - INFO - disconnect:62 - WebSocket disconnected. Total: 2
2026-01-12 17:02:12,914 - cmt.websocket - INFO - connect:49 - WebSocket connected (user_id=None). Total: 3
2026-01-12 17:02:15,920 - cmt.websocket - INFO - connect:49 - WebSocket connected (user_id=None). Total: 4
2026-01-12 17:02:15,920 - cmt.websocket - INFO - websocket_devices:188 - WebSocket client disconnected normally
2026-01-12 17:02:15,921 - cmt.websocket - INFO - disconnect:62 - WebSocket disconnected. Total: 3
2026-01-12 17:02:18,924 - cmt.websocket - INFO - connect:49 - WebSocket connected (user_id=None). Total: 4
2026-01-12 17:02:18,924 - cmt.websocket - INFO - websocket_devices:188 - WebSocket client disconnected normally
2026-01-12 17:02:18,925 - cmt.websocket - INFO - disconnect:62 - WebSocket disconnected. Total: 3
2026-01-12 17:02:21,925 - cmt.websocket - INFO - websocket_devices:188 - WebSocket client disconnected normally
2026-01-12 17:02:21,925 - cmt.websocket - INFO - disconnect:62 - WebSocket disconnected. Total: 2
2026-01-12 17:02:21,926 - cmt.websocket - INFO - connect:49 - WebSocket connected (user_id=None). Total: 3
2026-01-12 17:02:24,935 - cmt.websocket - INFO - websocket_devices:188 - WebSocket client disconnected normally
2026-01-12 17:02:24,936 - cmt.websocket - INFO - disconnect:62 - WebSocket disconnected. Total: 2
2026-01-12 17:02:24,938 - cmt.websocket - INFO - connect:49 - WebSocket connected (user_id=None). Total: 3
2026-01-12 17:02:27,936 - cmt.websocket - INFO - websocket_devices:188 - WebSocket client disconnected normally
2026-01-12 17:02:27,937 - cmt.websocket - INFO - disconnect:62 - WebSocket disconnected. Total: 2
2026-01-12 17:02:27,938 - cmt.websocket - INFO - connect:49 - WebSocket connected (user_id=None). Total: 3
2026-01-12 17:02:30,942 - cmt.websocket - INFO - connect:49 - WebSocket connected (user_id=None). Total: 4
2026-01-12 17:02:30,942 - cmt.websocket - INFO - websocket_devices:188 - WebSocket client disconnected normally
2026-01-12 17:02:30,943 - cmt.websocket - INFO - disconnect:62 - WebSocket disconnected. Total: 3
2026-01-12 17:02:32,342 - cmt.f5 - INFO - _perform_scan:535 - Database commit successful for eudc02-lb-002-white.network.axadmin.net
2026-01-12 17:02:32,343 - cmt.f5 - INFO - _perform_scan:537 - Scan complete for eudc02-lb-002-white.network.axadmin.net. Certs - New: 217, Updated: 0, Removed: 0. Facts refreshed: 4 field(s).
2026-01-12 17:02:33,730 - cmt.f5 - ERROR - _connect_to_f5:362 - iControl REST API not available on 10.119.0.81. This device may be: (1) A vCMP guest without REST access, (2) Running an older BIG-IP version (<11.6), or (3) Has REST framework disabled. Check 'tmsh list sys provision' for 'rest' module status.
2026-01-12 17:02:33,731 - cmt.retry - WARNING - wrapper:58 - _connect_to_f5 attempt 1/3 failed: iControl REST API not available on 10.119.0.81. This device may be: (1) A vCMP guest without REST access, (2) Running an older BIG-IP version (<11.6), or (3) Has REST framework disabled. Check 'tmsh list sys provision' for 'rest' module status.. Retrying in 2.0s...
2026-01-12 17:02:33,945 - cmt.websocket - INFO - websocket_devices:188 - WebSocket client disconnected normally
2026-01-12 17:02:33,946 - cmt.websocket - INFO - disconnect:62 - WebSocket disconnected. Total: 2
2026-01-12 17:02:33,947 - cmt.websocket - INFO - connect:49 - WebSocket connected (user_id=None). Total: 3
2026-01-12 17:02:36,960 - cmt.websocket - INFO - connect:49 - WebSocket connected (user_id=None). Total: 4
2026-01-12 17:02:36,965 - cmt.websocket - INFO - websocket_devices:188 - WebSocket client disconnected normally
2026-01-12 17:02:36,966 - cmt.websocket - INFO - disconnect:62 - WebSocket disconnected. Total: 3
2026-01-12 17:02:37,399 - cmt.f5 - ERROR - _connect_to_f5:362 - iControl REST API not available on 10.119.0.81. This device may be: (1) A vCMP guest without REST access, (2) Running an older BIG-IP version (<11.6), or (3) Has REST framework disabled. Check 'tmsh list sys provision' for 'rest' module status.
2026-01-12 17:02:37,399 - cmt.retry - WARNING - wrapper:58 - _connect_to_f5 attempt 2/3 failed: iControl REST API not available on 10.119.0.81. This device may be: (1) A vCMP guest without REST access, (2) Running an older BIG-IP version (<11.6), or (3) Has REST framework disabled. Check 'tmsh list sys provision' for 'rest' module status.. Retrying in 4.0s...
2026-01-12 17:02:39,957 - cmt.websocket - INFO - connect:49 - WebSocket connected (user_id=None). Total: 4
2026-01-12 17:02:39,957 - cmt.websocket - INFO - websocket_devices:188 - WebSocket client disconnected normally
2026-01-12 17:02:39,958 - cmt.websocket - INFO - disconnect:62 - WebSocket disconnected. Total: 3
2026-01-12 17:02:42,897 - cmt.f5 - ERROR - _connect_to_f5:362 - iControl REST API not available on 10.119.0.81. This device may be: (1) A vCMP guest without REST access, (2) Running an older BIG-IP version (<11.6), or (3) Has REST framework disabled. Check 'tmsh list sys provision' for 'rest' module status.
2026-01-12 17:02:42,898 - cmt.retry - ERROR - wrapper:47 - _connect_to_f5 failed after 3 attempts: iControl REST API not available on 10.119.0.81. This device may be: (1) A vCMP guest without REST access, (2) Running an older BIG-IP version (<11.6), or (3) Has REST framework disabled. Check 'tmsh list sys provision' for 'rest' module status.
2026-01-12 17:02:42,900 - cmt.f5 - ERROR - _perform_scan:570 - [SCAN SKIPPED] Device USDC01-LB02-BLUE-SEC.network.axadmin.net (10.119.0.81) does not support iControl REST API. This may be a vCMP guest, old BIG-IP version (<11.6), or REST module is not provisioned. Manual certificate management required for this device.
Traceback (most recent call last):
  File "/app/services/f5_service_logic.py", line 347, in _connect_to_f5
    mgmt = ManagementRoot(hostname, username, password, token=True)
           ^^^^^^^^^^^^^^^^^^^^^^^^^^^^^^^^^^^^^^^^^^^^^^^^^^^^^^^^
  File "/usr/local/lib/python3.11/site-packages/f5/bigip/__init__.py", line 183, in __init__
    self.post_configuration_setup()
  File "/usr/local/lib/python3.11/site-packages/f5/bigip/__init__.py", line 119, in post_configuration_setup
    self._get_tmos_version()
  File "/usr/local/lib/python3.11/site-packages/f5/bigip/__init__.py", line 138, in _get_tmos_version
    response = connect.get(base_uri)
               ^^^^^^^^^^^^^^^^^^^^^
  File "/usr/local/lib/python3.11/site-packages/icontrol/session.py", line 295, in wrapper
    raise iControlUnexpectedHTTPError(error_message, response=response)
icontrol.exceptions.iControlUnexpectedHTTPError: 404 Unexpected Error: Not Found for uri: https://10.119.0.81:443/mgmt/tm/sys/
Text: '{"code":404,"message":"Public URI path not registered: /tm/sys/","referer":"10.119.1.7","restOperationId":124961891,"kind":":resterrorresponse"}'

The above exception was the direct cause of the following exception:

Traceback (most recent call last):
  File "/app/services/f5_service_logic.py", line 411, in _perform_scan
    mgmt = _connect_to_f5(device.ip_address, username, password)
           ^^^^^^^^^^^^^^^^^^^^^^^^^^^^^^^^^^^^^^^^^^^^^^^^^^^^^
  File "/app/core/retry.py", line 42, in wrapper
    return func(*args, **kwargs)
           ^^^^^^^^^^^^^^^^^^^^^
  File "/app/services/f5_service_logic.py", line 363, in _connect_to_f5
    raise ConnectionError(error_msg) from e
ConnectionError: iControl REST API not available on 10.119.0.81. This device may be: (1) A vCMP guest without REST access, (2) Running an older BIG-IP version (<11.6), or (3) Has REST framework disabled. Check 'tmsh list sys provision' for 'rest' module status.

2026-01-12 17:02:42,958 - cmt.websocket - INFO - websocket_devices:188 - WebSocket client disconnected normally
2026-01-12 17:02:42,959 - cmt.websocket - INFO - disconnect:62 - WebSocket disconnected. Total: 2
2026-01-12 17:02:42,960 - cmt.websocket - INFO - connect:49 - WebSocket connected (user_id=None). Total: 3
2026-01-12 17:02:44,288 - cmt.f5 - INFO - _connect_to_f5:348 - Successfully connected to F5: 192.168.52.184
2026-01-12 17:02:44,290 - cmt.f5 - INFO - _perform_scan:412 - Scanning certificates on F5 device na-oec-02-internal-acpt-02.mgmt.omnitracs.com (192.168.52.184)
2026-01-12 17:02:44,912 - cmt.f5 - INFO - _perform_scan:419 - Facts updated for na-oec-02-internal-acpt-02.mgmt.omnitracs.com: ['version', 'ha_state', 'sync_status', 'dns_servers']
2026-01-12 17:02:45,963 - cmt.websocket - INFO - websocket_devices:188 - WebSocket client disconnected normally
2026-01-12 17:02:45,963 - cmt.websocket - INFO - disconnect:62 - WebSocket disconnected. Total: 2
2026-01-12 17:02:45,964 - cmt.websocket - INFO - connect:49 - WebSocket connected (user_id=None). Total: 3
2026-01-12 17:02:46,132 - cmt.f5 - INFO - _perform_scan:535 - Database commit successful for na-oec-02-internal-acpt-02.mgmt.omnitracs.com
2026-01-12 17:02:46,132 - cmt.f5 - INFO - _perform_scan:537 - Scan complete for na-oec-02-internal-acpt-02.mgmt.omnitracs.com. Certs - New: 8, Updated: 0, Removed: 0. Facts refreshed: 4 field(s).
2026-01-12 17:02:47,137 - cmt.f5 - INFO - _connect_to_f5:348 - Successfully connected to F5: 192.168.13.101
2026-01-12 17:02:47,138 - cmt.f5 - INFO - _perform_scan:412 - Scanning certificates on F5 device dc1-pem-02.mgmt.omnitracs.com (192.168.13.101)
2026-01-12 17:02:47,657 - cmt.f5 - INFO - _perform_scan:419 - Facts updated for dc1-pem-02.mgmt.omnitracs.com: ['version', 'ha_state', 'sync_status', 'dns_servers']
2026-01-12 17:02:48,416 - cmt.f5 - INFO - _perform_scan:535 - Database commit successful for dc1-pem-02.mgmt.omnitracs.com
2026-01-12 17:02:48,417 - cmt.f5 - INFO - _perform_scan:537 - Scan complete for dc1-pem-02.mgmt.omnitracs.com. Certs - New: 5, Updated: 0, Removed: 0. Facts refreshed: 4 field(s).
2026-01-12 17:02:48,906 - cmt.websocket - INFO - connect:49 - WebSocket connected (user_id=None). Total: 4
2026-01-12 17:02:48,908 - cmt.websocket - INFO - websocket_devices:188 - WebSocket client disconnected normally
2026-01-12 17:02:48,909 - cmt.websocket - INFO - disconnect:62 - WebSocket disconnected. Total: 3
2026-01-12 17:02:49,539 - cmt.f5 - INFO - _connect_to_f5:348 - Successfully connected to F5: 192.168.13.102
2026-01-12 17:02:49,540 - cmt.f5 - INFO - _perform_scan:412 - Scanning certificates on F5 device dc1-pem-api-01.mgmt.omnitracs.com (192.168.13.102)
2026-01-12 17:02:50,138 - cmt.f5 - INFO - _perform_scan:419 - Facts updated for dc1-pem-api-01.mgmt.omnitracs.com: ['version', 'ha_state', 'sync_status', 'dns_servers']
2026-01-12 17:02:50,925 - cmt.f5 - INFO - _perform_scan:535 - Database commit successful for dc1-pem-api-01.mgmt.omnitracs.com
2026-01-12 17:02:50,926 - cmt.f5 - INFO - _perform_scan:537 - Scan complete for dc1-pem-api-01.mgmt.omnitracs.com. Certs - New: 5, Updated: 0, Removed: 0. Facts refreshed: 4 field(s).
2026-01-12 17:02:51,907 - cmt.websocket - INFO - websocket_devices:188 - WebSocket client disconnected normally
2026-01-12 17:02:51,908 - cmt.websocket - INFO - disconnect:62 - WebSocket disconnected. Total: 2
2026-01-12 17:02:51,908 - cmt.websocket - INFO - connect:49 - WebSocket connected (user_id=None). Total: 3
2026-01-12 17:02:54,914 - cmt.websocket - INFO - connect:49 - WebSocket connected (user_id=None). Total: 4
2026-01-12 17:02:54,914 - cmt.websocket - INFO - websocket_devices:188 - WebSocket client disconnected normally
2026-01-12 17:02:54,915 - cmt.websocket - INFO - disconnect:62 - WebSocket disconnected. Total: 3
2026-01-12 17:02:55,066 - cmt.f5 - ERROR - _connect_to_f5:377 - SSL/TLS handshake failed with 10.132.3.252. This device may: (1) Only support older TLS versions (1.0/1.1), (2) Have incompatible cipher suites, or (3) Have certificate issues. Try accessing via browser to verify HTTPS works.
2026-01-12 17:02:55,071 - cmt.retry - ERROR - wrapper:47 - _connect_to_f5 failed after 3 attempts: SSL/TLS handshake failed with 10.132.3.252. This device may: (1) Only support older TLS versions (1.0/1.1), (2) Have incompatible cipher suites, or (3) Have certificate issues. Try accessing via browser to verify HTTPS works.
2026-01-12 17:02:55,081 - cmt.f5 - ERROR - _perform_scan:570 - [SSL ERROR] Cannot connect to usdc01-fab1-lb-006.network.axadmin.net (10.132.3.252). TLS/SSL handshake failed. The device may only support older TLS versions or have incompatible ciphers. Verify HTTPS access works via web browser.
Traceback (most recent call last):
  File "/usr/local/lib/python3.11/site-packages/urllib3/connectionpool.py", line 715, in urlopen
    httplib_response = self._make_request(
                       ^^^^^^^^^^^^^^^^^^^
  File "/usr/local/lib/python3.11/site-packages/urllib3/connectionpool.py", line 404, in _make_request
    self._validate_conn(conn)
  File "/usr/local/lib/python3.11/site-packages/urllib3/connectionpool.py", line 1058, in _validate_conn
    conn.connect()
  File "/usr/local/lib/python3.11/site-packages/urllib3/connection.py", line 419, in connect
    self.sock = ssl_wrap_socket(
                ^^^^^^^^^^^^^^^^
  File "/usr/local/lib/python3.11/site-packages/urllib3/util/ssl_.py", line 453, in ssl_wrap_socket
    ssl_sock = _ssl_wrap_socket_impl(sock, context, tls_in_tls)
               ^^^^^^^^^^^^^^^^^^^^^^^^^^^^^^^^^^^^^^^^^^^^^^^^
  File "/usr/local/lib/python3.11/site-packages/urllib3/util/ssl_.py", line 495, in _ssl_wrap_socket_impl
    return ssl_context.wrap_socket(sock)
           ^^^^^^^^^^^^^^^^^^^^^^^^^^^^^
  File "/usr/local/lib/python3.11/ssl.py", line 517, in wrap_socket
    return self.sslsocket_class._create(
           ^^^^^^^^^^^^^^^^^^^^^^^^^^^^^
  File "/usr/local/lib/python3.11/ssl.py", line 1104, in _create
    self.do_handshake()
  File "/usr/local/lib/python3.11/ssl.py", line 1382, in do_handshake
    self._sslobj.do_handshake()
ssl.SSLEOFError: [SSL: UNEXPECTED_EOF_WHILE_READING] EOF occurred in violation of protocol (_ssl.c:1016)

During handling of the above exception, another exception occurred:

Traceback (most recent call last):
  File "/usr/local/lib/python3.11/site-packages/requests/adapters.py", line 486, in send
    resp = conn.urlopen(
           ^^^^^^^^^^^^^
  File "/usr/local/lib/python3.11/site-packages/urllib3/connectionpool.py", line 799, in urlopen
    retries = retries.increment(
              ^^^^^^^^^^^^^^^^^^
  File "/usr/local/lib/python3.11/site-packages/urllib3/util/retry.py", line 592, in increment
    raise MaxRetryError(_pool, url, error or ResponseError(cause))
urllib3.exceptions.MaxRetryError: HTTPSConnectionPool(host='10.132.3.252', port=443): Max retries exceeded with url: /mgmt/shared/authn/login (Caused by SSLError(SSLEOFError(8, '[SSL: UNEXPECTED_EOF_WHILE_READING] EOF occurred in violation of protocol (_ssl.c:1016)')))

During handling of the above exception, another exception occurred:

Traceback (most recent call last):
  File "/app/services/f5_service_logic.py", line 347, in _connect_to_f5
    mgmt = ManagementRoot(hostname, username, password, token=True)
           ^^^^^^^^^^^^^^^^^^^^^^^^^^^^^^^^^^^^^^^^^^^^^^^^^^^^^^^^
  File "/usr/local/lib/python3.11/site-packages/f5/bigip/__init__.py", line 183, in __init__
    self.post_configuration_setup()
  File "/usr/local/lib/python3.11/site-packages/f5/bigip/__init__.py", line 119, in post_configuration_setup
    self._get_tmos_version()
  File "/usr/local/lib/python3.11/site-packages/f5/bigip/__init__.py", line 138, in _get_tmos_version
    response = connect.get(base_uri)
               ^^^^^^^^^^^^^^^^^^^^^
  File "/usr/local/lib/python3.11/site-packages/icontrol/session.py", line 281, in wrapper
    response = method(self, REST_uri, **kwargs)
               ^^^^^^^^^^^^^^^^^^^^^^^^^^^^^^^^
  File "/usr/local/lib/python3.11/site-packages/icontrol/session.py", line 524, in get
    prepared = self.session.prepare_request(req)
               ^^^^^^^^^^^^^^^^^^^^^^^^^^^^^^^^^
  File "/usr/local/lib/python3.11/site-packages/requests/sessions.py", line 486, in prepare_request
    p.prepare(
  File "/usr/local/lib/python3.11/site-packages/requests/models.py", line 372, in prepare
    self.prepare_auth(auth, url)
  File "/usr/local/lib/python3.11/site-packages/requests/models.py", line 603, in prepare_auth
    r = auth(self)
        ^^^^^^^^^^
  File "/usr/local/lib/python3.11/site-packages/icontrol/authtoken.py", line 254, in __call__
    self.get_new_token(netloc)
  File "/usr/local/lib/python3.11/site-packages/icontrol/authtoken.py", line 146, in get_new_token
    response = requests.post(
               ^^^^^^^^^^^^^^
  File "/usr/local/lib/python3.11/site-packages/requests/api.py", line 115, in post
    return request("post", url, data=data, json=json, **kwargs)
           ^^^^^^^^^^^^^^^^^^^^^^^^^^^^^^^^^^^^^^^^^^^^^^^^^^^^
  File "/usr/local/lib/python3.11/site-packages/requests/api.py", line 59, in request
    return session.request(method=method, url=url, **kwargs)
           ^^^^^^^^^^^^^^^^^^^^^^^^^^^^^^^^^^^^^^^^^^^^^^^^^
  File "/usr/local/lib/python3.11/site-packages/requests/sessions.py", line 589, in request
    resp = self.send(prep, **send_kwargs)
           ^^^^^^^^^^^^^^^^^^^^^^^^^^^^^^
  File "/usr/local/lib/python3.11/site-packages/requests/sessions.py", line 703, in send
    r = adapter.send(request, **kwargs)
        ^^^^^^^^^^^^^^^^^^^^^^^^^^^^^^^
  File "/usr/local/lib/python3.11/site-packages/requests/adapters.py", line 517, in send
    raise SSLError(e, request=request)
requests.exceptions.SSLError: HTTPSConnectionPool(host='10.132.3.252', port=443): Max retries exceeded with url: /mgmt/shared/authn/login (Caused by SSLError(SSLEOFError(8, '[SSL: UNEXPECTED_EOF_WHILE_READING] EOF occurred in violation of protocol (_ssl.c:1016)')))

The above exception was the direct cause of the following exception:

Traceback (most recent call last):
  File "/app/services/f5_service_logic.py", line 411, in _perform_scan
    mgmt = _connect_to_f5(device.ip_address, username, password)
           ^^^^^^^^^^^^^^^^^^^^^^^^^^^^^^^^^^^^^^^^^^^^^^^^^^^^^
  File "/app/core/retry.py", line 42, in wrapper
    return func(*args, **kwargs)
           ^^^^^^^^^^^^^^^^^^^^^
  File "/app/services/f5_service_logic.py", line 378, in _connect_to_f5
    raise SSLError(error_msg) from e
requests.exceptions.SSLError: SSL/TLS handshake failed with 10.132.3.252. This device may: (1) Only support older TLS versions (1.0/1.1), (2) Have incompatible cipher suites, or (3) Have certificate issues. Try accessing via browser to verify HTTPS works.

2026-01-12 17:02:57,918 - cmt.websocket - INFO - connect:49 - WebSocket connected (user_id=None). Total: 4
2026-01-12 17:02:57,919 - cmt.websocket - INFO - websocket_devices:188 - WebSocket client disconnected normally
2026-01-12 17:02:57,919 - cmt.websocket - INFO - disconnect:62 - WebSocket disconnected. Total: 3
2026-01-12 17:03:00,933 - cmt.websocket - INFO - connect:49 - WebSocket connected (user_id=None). Total: 4
2026-01-12 17:03:00,939 - cmt.websocket - INFO - websocket_devices:188 - WebSocket client disconnected normally
2026-01-12 17:03:00,939 - cmt.websocket - INFO - disconnect:62 - WebSocket disconnected. Total: 3
2026-01-12 17:03:03,931 - cmt.websocket - INFO - connect:49 - WebSocket connected (user_id=None). Total: 4
2026-01-12 17:03:03,932 - cmt.websocket - INFO - websocket_devices:188 - WebSocket client disconnected normally
2026-01-12 17:03:03,933 - cmt.websocket - INFO - disconnect:62 - WebSocket disconnected. Total: 3
2026-01-12 17:03:06,935 - cmt.websocket - INFO - websocket_devices:188 - WebSocket client disconnected normally
2026-01-12 17:03:06,944 - cmt.websocket - INFO - disconnect:62 - WebSocket disconnected. Total: 2
2026-01-12 17:03:06,952 - cmt.websocket - INFO - connect:49 - WebSocket connected (user_id=None). Total: 3
2026-01-12 17:03:09,945 - cmt.websocket - INFO - connect:49 - WebSocket connected (user_id=None). Total: 4
2026-01-12 17:03:09,950 - cmt.websocket - INFO - websocket_devices:188 - WebSocket client disconnected normally
2026-01-12 17:03:09,951 - cmt.websocket - INFO - disconnect:62 - WebSocket disconnected. Total: 3
2026-01-12 17:03:12,949 - cmt.websocket - INFO - websocket_devices:188 - WebSocket client disconnected normally
2026-01-12 17:03:12,950 - cmt.websocket - INFO - disconnect:62 - WebSocket disconnected. Total: 2
2026-01-12 17:03:12,951 - cmt.websocket - INFO - connect:49 - WebSocket connected (user_id=None). Total: 3
2026-01-12 17:03:14,619 - cmt.f5 - ERROR - _connect_to_f5:377 - SSL/TLS handshake failed with 10.132.3.253. This device may: (1) Only support older TLS versions (1.0/1.1), (2) Have incompatible cipher suites, or (3) Have certificate issues. Try accessing via browser to verify HTTPS works.
2026-01-12 17:03:14,626 - cmt.retry - ERROR - wrapper:47 - _connect_to_f5 failed after 3 attempts: SSL/TLS handshake failed with 10.132.3.253. This device may: (1) Only support older TLS versions (1.0/1.1), (2) Have incompatible cipher suites, or (3) Have certificate issues. Try accessing via browser to verify HTTPS works.
2026-01-12 17:03:14,636 - cmt.f5 - ERROR - _perform_scan:570 - [SSL ERROR] Cannot connect to usdc01-fab1-lb-005.network.axadmin.net (10.132.3.253). TLS/SSL handshake failed. The device may only support older TLS versions or have incompatible ciphers. Verify HTTPS access works via web browser.
Traceback (most recent call last):
  File "/usr/local/lib/python3.11/site-packages/urllib3/connectionpool.py", line 715, in urlopen
    httplib_response = self._make_request(
                       ^^^^^^^^^^^^^^^^^^^
  File "/usr/local/lib/python3.11/site-packages/urllib3/connectionpool.py", line 404, in _make_request
    self._validate_conn(conn)
  File "/usr/local/lib/python3.11/site-packages/urllib3/connectionpool.py", line 1058, in _validate_conn
    conn.connect()
  File "/usr/local/lib/python3.11/site-packages/urllib3/connection.py", line 419, in connect
    self.sock = ssl_wrap_socket(
                ^^^^^^^^^^^^^^^^
  File "/usr/local/lib/python3.11/site-packages/urllib3/util/ssl_.py", line 453, in ssl_wrap_socket
    ssl_sock = _ssl_wrap_socket_impl(sock, context, tls_in_tls)
               ^^^^^^^^^^^^^^^^^^^^^^^^^^^^^^^^^^^^^^^^^^^^^^^^
  File "/usr/local/lib/python3.11/site-packages/urllib3/util/ssl_.py", line 495, in _ssl_wrap_socket_impl
    return ssl_context.wrap_socket(sock)
           ^^^^^^^^^^^^^^^^^^^^^^^^^^^^^
  File "/usr/local/lib/python3.11/ssl.py", line 517, in wrap_socket
    return self.sslsocket_class._create(
           ^^^^^^^^^^^^^^^^^^^^^^^^^^^^^
  File "/usr/local/lib/python3.11/ssl.py", line 1104, in _create
    self.do_handshake()
  File "/usr/local/lib/python3.11/ssl.py", line 1382, in do_handshake
    self._sslobj.do_handshake()
ssl.SSLEOFError: [SSL: UNEXPECTED_EOF_WHILE_READING] EOF occurred in violation of protocol (_ssl.c:1016)

During handling of the above exception, another exception occurred:

Traceback (most recent call last):
  File "/usr/local/lib/python3.11/site-packages/requests/adapters.py", line 486, in send
    resp = conn.urlopen(
           ^^^^^^^^^^^^^
  File "/usr/local/lib/python3.11/site-packages/urllib3/connectionpool.py", line 799, in urlopen
    retries = retries.increment(
              ^^^^^^^^^^^^^^^^^^
  File "/usr/local/lib/python3.11/site-packages/urllib3/util/retry.py", line 592, in increment
    raise MaxRetryError(_pool, url, error or ResponseError(cause))
urllib3.exceptions.MaxRetryError: HTTPSConnectionPool(host='10.132.3.253', port=443): Max retries exceeded with url: /mgmt/shared/authn/login (Caused by SSLError(SSLEOFError(8, '[SSL: UNEXPECTED_EOF_WHILE_READING] EOF occurred in violation of protocol (_ssl.c:1016)')))

During handling of the above exception, another exception occurred:

Traceback (most recent call last):
  File "/app/services/f5_service_logic.py", line 347, in _connect_to_f5
    mgmt = ManagementRoot(hostname, username, password, token=True)
           ^^^^^^^^^^^^^^^^^^^^^^^^^^^^^^^^^^^^^^^^^^^^^^^^^^^^^^^^
  File "/usr/local/lib/python3.11/site-packages/f5/bigip/__init__.py", line 183, in __init__
    self.post_configuration_setup()
  File "/usr/local/lib/python3.11/site-packages/f5/bigip/__init__.py", line 119, in post_configuration_setup
    self._get_tmos_version()
  File "/usr/local/lib/python3.11/site-packages/f5/bigip/__init__.py", line 138, in _get_tmos_version
    response = connect.get(base_uri)
               ^^^^^^^^^^^^^^^^^^^^^
  File "/usr/local/lib/python3.11/site-packages/icontrol/session.py", line 281, in wrapper
    response = method(self, REST_uri, **kwargs)
               ^^^^^^^^^^^^^^^^^^^^^^^^^^^^^^^^
  File "/usr/local/lib/python3.11/site-packages/icontrol/session.py", line 524, in get
    prepared = self.session.prepare_request(req)
               ^^^^^^^^^^^^^^^^^^^^^^^^^^^^^^^^^
  File "/usr/local/lib/python3.11/site-packages/requests/sessions.py", line 486, in prepare_request
    p.prepare(
  File "/usr/local/lib/python3.11/site-packages/requests/models.py", line 372, in prepare
    self.prepare_auth(auth, url)
  File "/usr/local/lib/python3.11/site-packages/requests/models.py", line 603, in prepare_auth
    r = auth(self)
        ^^^^^^^^^^
  File "/usr/local/lib/python3.11/site-packages/icontrol/authtoken.py", line 254, in __call__
    self.get_new_token(netloc)
  File "/usr/local/lib/python3.11/site-packages/icontrol/authtoken.py", line 146, in get_new_token
    response = requests.post(
               ^^^^^^^^^^^^^^
  File "/usr/local/lib/python3.11/site-packages/requests/api.py", line 115, in post
    return request("post", url, data=data, json=json, **kwargs)
           ^^^^^^^^^^^^^^^^^^^^^^^^^^^^^^^^^^^^^^^^^^^^^^^^^^^^
  File "/usr/local/lib/python3.11/site-packages/requests/api.py", line 59, in request
    return session.request(method=method, url=url, **kwargs)
           ^^^^^^^^^^^^^^^^^^^^^^^^^^^^^^^^^^^^^^^^^^^^^^^^^
  File "/usr/local/lib/python3.11/site-packages/requests/sessions.py", line 589, in request
    resp = self.send(prep, **send_kwargs)
           ^^^^^^^^^^^^^^^^^^^^^^^^^^^^^^
  File "/usr/local/lib/python3.11/site-packages/requests/sessions.py", line 703, in send
    r = adapter.send(request, **kwargs)
        ^^^^^^^^^^^^^^^^^^^^^^^^^^^^^^^
  File "/usr/local/lib/python3.11/site-packages/requests/adapters.py", line 517, in send
    raise SSLError(e, request=request)
requests.exceptions.SSLError: HTTPSConnectionPool(host='10.132.3.253', port=443): Max retries exceeded with url: /mgmt/shared/authn/login (Caused by SSLError(SSLEOFError(8, '[SSL: UNEXPECTED_EOF_WHILE_READING] EOF occurred in violation of protocol (_ssl.c:1016)')))

The above exception was the direct cause of the following exception:

Traceback (most recent call last):
  File "/app/services/f5_service_logic.py", line 411, in _perform_scan
    mgmt = _connect_to_f5(device.ip_address, username, password)
           ^^^^^^^^^^^^^^^^^^^^^^^^^^^^^^^^^^^^^^^^^^^^^^^^^^^^^
  File "/app/core/retry.py", line 42, in wrapper
    return func(*args, **kwargs)
           ^^^^^^^^^^^^^^^^^^^^^
  File "/app/services/f5_service_logic.py", line 378, in _connect_to_f5
    raise SSLError(error_msg) from e
requests.exceptions.SSLError: SSL/TLS handshake failed with 10.132.3.253. This device may: (1) Only support older TLS versions (1.0/1.1), (2) Have incompatible cipher suites, or (3) Have certificate issues. Try accessing via browser to verify HTTPS works.

2026-01-12 17:03:15,954 - cmt.websocket - INFO - connect:49 - WebSocket connected (user_id=None). Total: 4
2026-01-12 17:03:15,955 - cmt.websocket - INFO - websocket_devices:188 - WebSocket client disconnected normally
2026-01-12 17:03:15,956 - cmt.websocket - INFO - disconnect:62 - WebSocket disconnected. Total: 3
2026-01-12 17:03:18,965 - cmt.websocket - INFO - connect:49 - WebSocket connected (user_id=None). Total: 4
2026-01-12 17:03:18,970 - cmt.websocket - INFO - websocket_devices:188 - WebSocket client disconnected normally
2026-01-12 17:03:18,971 - cmt.websocket - INFO - disconnect:62 - WebSocket disconnected. Total: 3
2026-01-12 17:03:21,962 - cmt.websocket - INFO - websocket_devices:188 - WebSocket client disconnected normally
2026-01-12 17:03:21,963 - cmt.websocket - INFO - disconnect:62 - WebSocket disconnected. Total: 2
2026-01-12 17:03:21,963 - cmt.websocket - INFO - connect:49 - WebSocket connected (user_id=None). Total: 3
2026-01-12 17:03:24,967 - cmt.websocket - INFO - connect:49 - WebSocket connected (user_id=None). Total: 4
2026-01-12 17:03:24,967 - cmt.websocket - INFO - websocket_devices:188 - WebSocket client disconnected normally
2026-01-12 17:03:24,968 - cmt.websocket - INFO - disconnect:62 - WebSocket disconnected. Total: 3
2026-01-12 17:03:27,977 - cmt.websocket - INFO - connect:49 - WebSocket connected (user_id=None). Total: 4
2026-01-12 17:03:27,987 - cmt.websocket - INFO - websocket_devices:188 - WebSocket client disconnected normally
2026-01-12 17:03:27,988 - cmt.websocket - INFO - disconnect:62 - WebSocket disconnected. Total: 3
2026-01-12 17:03:30,982 - cmt.websocket - INFO - connect:49 - WebSocket connected (user_id=None). Total: 4
2026-01-12 17:03:30,985 - cmt.websocket - INFO - websocket_devices:188 - WebSocket client disconnected normally
2026-01-12 17:03:30,988 - cmt.websocket - INFO - disconnect:62 - WebSocket disconnected. Total: 3
2026-01-12 17:03:33,985 - cmt.websocket - INFO - websocket_devices:188 - WebSocket client disconnected normally
2026-01-12 17:03:33,986 - cmt.websocket - INFO - disconnect:62 - WebSocket disconnected. Total: 2
2026-01-12 17:03:33,987 - cmt.websocket - INFO - connect:49 - WebSocket connected (user_id=None). Total: 3
2026-01-12 17:03:36,989 - cmt.websocket - INFO - connect:49 - WebSocket connected (user_id=None). Total: 4
2026-01-12 17:03:36,991 - cmt.websocket - INFO - websocket_devices:188 - WebSocket client disconnected normally
2026-01-12 17:03:36,991 - cmt.websocket - INFO - disconnect:62 - WebSocket disconnected. Total: 3
2026-01-12 17:03:39,992 - cmt.websocket - INFO - connect:49 - WebSocket connected (user_id=None). Total: 4
2026-01-12 17:03:39,993 - cmt.websocket - INFO - websocket_devices:188 - WebSocket client disconnected normally
2026-01-12 17:03:39,993 - cmt.websocket - INFO - disconnect:62 - WebSocket disconnected. Total: 3
2026-01-12 17:03:42,996 - cmt.websocket - INFO - connect:49 - WebSocket connected (user_id=None). Total: 4
2026-01-12 17:03:42,997 - cmt.websocket - INFO - websocket_devices:188 - WebSocket client disconnected normally
2026-01-12 17:03:42,998 - cmt.websocket - INFO - disconnect:62 - WebSocket disconnected. Total: 3
2026-01-12 17:03:46,008 - cmt.websocket - INFO - connect:49 - WebSocket connected (user_id=None). Total: 4
2026-01-12 17:03:46,012 - cmt.websocket - INFO - websocket_devices:188 - WebSocket client disconnected normally
2026-01-12 17:03:46,014 - cmt.websocket - INFO - disconnect:62 - WebSocket disconnected. Total: 3
2026-01-12 17:03:49,004 - cmt.websocket - INFO - connect:49 - WebSocket connected (user_id=None). Total: 4
2026-01-12 17:03:49,004 - cmt.websocket - INFO - websocket_devices:188 - WebSocket client disconnected normally
2026-01-12 17:03:49,004 - cmt.websocket - INFO - disconnect:62 - WebSocket disconnected. Total: 3
2026-01-12 17:03:52,006 - cmt.websocket - INFO - websocket_devices:188 - WebSocket client disconnected normally
2026-01-12 17:03:52,007 - cmt.websocket - INFO - disconnect:62 - WebSocket disconnected. Total: 2
2026-01-12 17:03:52,007 - cmt.websocket - INFO - connect:49 - WebSocket connected (user_id=None). Total: 3
2026-01-12 17:03:55,017 - cmt.websocket - INFO - connect:49 - WebSocket connected (user_id=None). Total: 4
2026-01-12 17:03:55,019 - cmt.websocket - INFO - websocket_devices:188 - WebSocket client disconnected normally
2026-01-12 17:03:55,019 - cmt.websocket - INFO - disconnect:62 - WebSocket disconnected. Total: 3
2026-01-12 17:03:58,015 - cmt.websocket - INFO - websocket_devices:188 - WebSocket client disconnected normally
2026-01-12 17:03:58,015 - cmt.websocket - INFO - disconnect:62 - WebSocket disconnected. Total: 2
2026-01-12 17:03:58,018 - cmt.websocket - INFO - connect:49 - WebSocket connected (user_id=None). Total: 3
2026-01-12 17:04:00,242 - cmt.retry - WARNING - wrapper:58 - _connect_to_f5 attempt 2/3 failed: HTTPSConnectionPool(host='172.20.188.52', port=443): Max retries exceeded with url: /mgmt/shared/authn/login (Caused by ConnectTimeoutError(<urllib3.connection.HTTPSConnection object at 0xffffb8388a90>, 'Connection to 172.20.188.52 timed out. (connect timeout=None)')). Retrying in 4.0s...
2026-01-12 17:04:01,017 - cmt.websocket - INFO - websocket_devices:188 - WebSocket client disconnected normally
2026-01-12 17:04:01,018 - cmt.websocket - INFO - disconnect:62 - WebSocket disconnected. Total: 2
2026-01-12 17:04:01,019 - cmt.websocket - INFO - connect:49 - WebSocket connected (user_id=None). Total: 3
2026-01-12 17:04:04,021 - cmt.websocket - INFO - websocket_devices:188 - WebSocket client disconnected normally
2026-01-12 17:04:04,022 - cmt.websocket - INFO - disconnect:62 - WebSocket disconnected. Total: 2
2026-01-12 17:04:04,023 - cmt.websocket - INFO - connect:49 - WebSocket connected (user_id=None). Total: 3
2026-01-12 17:04:07,028 - cmt.websocket - INFO - websocket_devices:188 - WebSocket client disconnected normally
2026-01-12 17:04:07,030 - cmt.websocket - INFO - disconnect:62 - WebSocket disconnected. Total: 2
2026-01-12 17:04:07,032 - cmt.websocket - INFO - connect:49 - WebSocket connected (user_id=None). Total: 3
2026-01-12 17:04:10,037 - cmt.websocket - INFO - connect:49 - WebSocket connected (user_id=None). Total: 4
2026-01-12 17:04:10,041 - cmt.websocket - INFO - websocket_devices:188 - WebSocket client disconnected normally
2026-01-12 17:04:10,042 - cmt.websocket - INFO - disconnect:62 - WebSocket disconnected. Total: 3
2026-01-12 17:04:13,038 - cmt.websocket - INFO - connect:49 - WebSocket connected (user_id=None). Total: 4
2026-01-12 17:04:13,038 - cmt.websocket - INFO - websocket_devices:188 - WebSocket client disconnected normally
2026-01-12 17:04:13,039 - cmt.websocket - INFO - disconnect:62 - WebSocket disconnected. Total: 3
2026-01-12 17:04:16,043 - cmt.websocket - INFO - connect:49 - WebSocket connected (user_id=None). Total: 4
2026-01-12 17:04:16,046 - cmt.websocket - INFO - websocket_devices:188 - WebSocket client disconnected normally
2026-01-12 17:04:16,047 - cmt.websocket - INFO - disconnect:62 - WebSocket disconnected. Total: 3
2026-01-12 17:04:19,049 - cmt.websocket - INFO - connect:49 - WebSocket connected (user_id=None). Total: 4
2026-01-12 17:04:19,052 - cmt.websocket - INFO - websocket_devices:188 - WebSocket client disconnected normally
2026-01-12 17:04:19,053 - cmt.websocket - INFO - disconnect:62 - WebSocket disconnected. Total: 3
2026-01-12 17:04:22,051 - cmt.websocket - INFO - connect:49 - WebSocket connected (user_id=None). Total: 4
2026-01-12 17:04:22,052 - cmt.websocket - INFO - websocket_devices:188 - WebSocket client disconnected normally
2026-01-12 17:04:22,053 - cmt.websocket - INFO - disconnect:62 - WebSocket disconnected. Total: 3
2026-01-12 17:04:25,055 - cmt.websocket - INFO - websocket_devices:188 - WebSocket client disconnected normally
2026-01-12 17:04:25,056 - cmt.websocket - INFO - disconnect:62 - WebSocket disconnected. Total: 2
2026-01-12 17:04:25,057 - cmt.websocket - INFO - connect:49 - WebSocket connected (user_id=None). Total: 3
2026-01-12 17:04:28,059 - cmt.websocket - INFO - connect:49 - WebSocket connected (user_id=None). Total: 4
2026-01-12 17:04:28,061 - cmt.websocket - INFO - websocket_devices:188 - WebSocket client disconnected normally
2026-01-12 17:04:28,062 - cmt.websocket - INFO - disconnect:62 - WebSocket disconnected. Total: 3
2026-01-12 17:04:31,062 - cmt.websocket - INFO - connect:49 - WebSocket connected (user_id=None). Total: 4
2026-01-12 17:04:31,064 - cmt.websocket - INFO - websocket_devices:188 - WebSocket client disconnected normally
2026-01-12 17:04:31,065 - cmt.websocket - INFO - disconnect:62 - WebSocket disconnected. Total: 3
2026-01-12 17:04:34,072 - cmt.websocket - INFO - websocket_devices:188 - WebSocket client disconnected normally
2026-01-12 17:04:34,073 - cmt.websocket - INFO - disconnect:62 - WebSocket disconnected. Total: 2
2026-01-12 17:04:34,075 - cmt.websocket - INFO - connect:49 - WebSocket connected (user_id=None). Total: 3
2026-01-12 17:04:37,083 - cmt.websocket - INFO - connect:49 - WebSocket connected (user_id=None). Total: 4
2026-01-12 17:04:37,086 - cmt.websocket - INFO - websocket_devices:188 - WebSocket client disconnected normally
2026-01-12 17:04:37,087 - cmt.websocket - INFO - disconnect:62 - WebSocket disconnected. Total: 3
2026-01-12 17:04:40,086 - cmt.websocket - INFO - connect:49 - WebSocket connected (user_id=None). Total: 4
2026-01-12 17:04:40,087 - cmt.websocket - INFO - websocket_devices:188 - WebSocket client disconnected normally
2026-01-12 17:04:40,087 - cmt.websocket - INFO - disconnect:62 - WebSocket disconnected. Total: 3
2026-01-12 17:04:43,088 - cmt.websocket - INFO - connect:49 - WebSocket connected (user_id=None). Total: 4
2026-01-12 17:04:43,090 - cmt.websocket - INFO - websocket_devices:188 - WebSocket client disconnected normally
2026-01-12 17:04:43,091 - cmt.websocket - INFO - disconnect:62 - WebSocket disconnected. Total: 3
2026-01-12 17:04:46,091 - cmt.websocket - INFO - websocket_devices:188 - WebSocket client disconnected normally
2026-01-12 17:04:46,092 - cmt.websocket - INFO - disconnect:62 - WebSocket disconnected. Total: 2
2026-01-12 17:04:46,092 - cmt.websocket - INFO - connect:49 - WebSocket connected (user_id=None). Total: 3
2026-01-12 17:04:49,095 - cmt.websocket - INFO - connect:49 - WebSocket connected (user_id=None). Total: 4
2026-01-12 17:04:49,095 - cmt.websocket - INFO - websocket_devices:188 - WebSocket client disconnected normally
2026-01-12 17:04:49,096 - cmt.websocket - INFO - disconnect:62 - WebSocket disconnected. Total: 3
2026-01-12 17:04:52,099 - cmt.websocket - INFO - connect:49 - WebSocket connected (user_id=None). Total: 4
2026-01-12 17:04:52,099 - cmt.websocket - INFO - websocket_devices:188 - WebSocket client disconnected normally
2026-01-12 17:04:52,099 - cmt.websocket - INFO - disconnect:62 - WebSocket disconnected. Total: 3
2026-01-12 17:04:55,102 - cmt.websocket - INFO - websocket_devices:188 - WebSocket client disconnected normally
2026-01-12 17:04:55,103 - cmt.websocket - INFO - disconnect:62 - WebSocket disconnected. Total: 2
2026-01-12 17:04:55,107 - cmt.websocket - INFO - connect:49 - WebSocket connected (user_id=None). Total: 3
2026-01-12 17:04:58,105 - cmt.websocket - INFO - connect:49 - WebSocket connected (user_id=None). Total: 4
2026-01-12 17:04:58,108 - cmt.websocket - INFO - websocket_devices:188 - WebSocket client disconnected normally
2026-01-12 17:04:58,110 - cmt.websocket - INFO - disconnect:62 - WebSocket disconnected. Total: 3
2026-01-12 17:05:01,124 - cmt.websocket - INFO - connect:49 - WebSocket connected (user_id=None). Total: 4
2026-01-12 17:05:01,127 - cmt.websocket - INFO - websocket_devices:188 - WebSocket client disconnected normally
2026-01-12 17:05:01,127 - cmt.websocket - INFO - disconnect:62 - WebSocket disconnected. Total: 3
2026-01-12 17:05:02,800 - cmt.websocket - INFO - websocket_notifications:276 - Notification WebSocket disconnected (user_id=1)
2026-01-12 17:05:02,801 - cmt.websocket - INFO - disconnect:62 - WebSocket disconnected. Total: 2
2026-01-12 17:05:02,802 - cmt.websocket - INFO - websocket_devices:188 - WebSocket client disconnected normally
2026-01-12 17:05:02,802 - cmt.websocket - INFO - disconnect:62 - WebSocket disconnected. Total: 1
2026-01-12 17:05:02,803 - cmt.websocket - INFO - websocket_notifications:276 - Notification WebSocket disconnected (user_id=1)
2026-01-12 17:05:02,804 - cmt.websocket - INFO - disconnect:62 - WebSocket disconnected. Total: 0
2026-01-12 17:05:03,362 - cmt.websocket - INFO - connect:49 - WebSocket connected (user_id=1). Total: 1
2026-01-12 17:05:03,377 - cmt.websocket - INFO - connect:49 - WebSocket connected (user_id=None). Total: 2
2026-01-12 17:05:03,397 - cmt.websocket - INFO - connect:49 - WebSocket connected (user_id=1). Total: 3
2026-01-12 17:05:03,398 - cmt.websocket - INFO - websocket_notifications:276 - Notification WebSocket disconnected (user_id=1)
2026-01-12 17:05:03,398 - cmt.websocket - INFO - disconnect:62 - WebSocket disconnected. Total: 2
2026-01-12 17:05:03,398 - cmt.websocket - INFO - websocket_devices:188 - WebSocket client disconnected normally
2026-01-12 17:05:03,398 - cmt.websocket - INFO - disconnect:62 - WebSocket disconnected. Total: 1
2026-01-12 17:05:03,418 - cmt.websocket - INFO - connect:49 - WebSocket connected (user_id=None). Total: 2
2026-01-12 17:05:05,782 - cmt.retry - WARNING - wrapper:58 - _connect_to_f5 attempt 1/3 failed: HTTPSConnectionPool(host='172.20.188.53', port=443): Max retries exceeded with url: /mgmt/shared/authn/login (Caused by ConnectTimeoutError(<urllib3.connection.HTTPSConnection object at 0xffffb801b9d0>, 'Connection to 172.20.188.53 timed out. (connect timeout=None)')). Retrying in 2.0s...
2026-01-12 17:05:06,398 - cmt.websocket - INFO - connect:49 - WebSocket connected (user_id=1). Total: 3
2026-01-12 17:05:06,400 - cmt.websocket - INFO - websocket_devices:188 - WebSocket client disconnected normally
2026-01-12 17:05:06,401 - cmt.websocket - INFO - disconnect:62 - WebSocket disconnected. Total: 2
2026-01-12 17:05:06,414 - cmt.websocket - INFO - connect:49 - WebSocket connected (user_id=None). Total: 3
2026-01-12 17:05:09,406 - cmt.websocket - INFO - connect:49 - WebSocket connected (user_id=None). Total: 4
2026-01-12 17:05:09,412 - cmt.websocket - INFO - websocket_devices:188 - WebSocket client disconnected normally
2026-01-12 17:05:09,418 - cmt.websocket - INFO - disconnect:62 - WebSocket disconnected. Total: 3
2026-01-12 17:05:12,405 - cmt.websocket - INFO - websocket_devices:188 - WebSocket client disconnected normally
2026-01-12 17:05:12,405 - cmt.websocket - INFO - disconnect:62 - WebSocket disconnected. Total: 2
2026-01-12 17:05:12,406 - cmt.websocket - INFO - connect:49 - WebSocket connected (user_id=None). Total: 3
2026-01-12 17:05:15,409 - cmt.websocket - INFO - websocket_devices:188 - WebSocket client disconnected normally
2026-01-12 17:05:15,410 - cmt.websocket - INFO - disconnect:62 - WebSocket disconnected. Total: 2
2026-01-12 17:05:15,411 - cmt.websocket - INFO - connect:49 - WebSocket connected (user_id=None). Total: 3
2026-01-12 17:05:18,418 - cmt.websocket - INFO - connect:49 - WebSocket connected (user_id=None). Total: 4
2026-01-12 17:05:18,421 - cmt.websocket - INFO - websocket_devices:188 - WebSocket client disconnected normally
2026-01-12 17:05:18,421 - cmt.websocket - INFO - disconnect:62 - WebSocket disconnected. Total: 3
2026-01-12 17:05:21,422 - cmt.websocket - INFO - websocket_devices:188 - WebSocket client disconnected normally
2026-01-12 17:05:21,423 - cmt.websocket - INFO - disconnect:62 - WebSocket disconnected. Total: 2
2026-01-12 17:05:21,424 - cmt.websocket - INFO - connect:49 - WebSocket connected (user_id=None). Total: 3
2026-01-12 17:05:24,427 - cmt.websocket - INFO - connect:49 - WebSocket connected (user_id=None). Total: 4
2026-01-12 17:05:24,428 - cmt.websocket - INFO - websocket_devices:188 - WebSocket client disconnected normally
2026-01-12 17:05:24,428 - cmt.websocket - INFO - disconnect:62 - WebSocket disconnected. Total: 3
2026-01-12 17:05:27,428 - cmt.websocket - INFO - websocket_devices:188 - WebSocket client disconnected normally
2026-01-12 17:05:27,428 - cmt.websocket - INFO - disconnect:62 - WebSocket disconnected. Total: 2
2026-01-12 17:05:27,429 - cmt.websocket - INFO - connect:49 - WebSocket connected (user_id=None). Total: 3
2026-01-12 17:05:30,435 - cmt.websocket - INFO - connect:49 - WebSocket connected (user_id=None). Total: 4
2026-01-12 17:05:30,439 - cmt.websocket - INFO - websocket_devices:188 - WebSocket client disconnected normally
2026-01-12 17:05:30,439 - cmt.websocket - INFO - disconnect:62 - WebSocket disconnected. Total: 3
2026-01-12 17:05:33,449 - cmt.websocket - INFO - connect:49 - WebSocket connected (user_id=None). Total: 4
2026-01-12 17:05:33,450 - cmt.websocket - INFO - websocket_devices:188 - WebSocket client disconnected normally
2026-01-12 17:05:33,450 - cmt.websocket - INFO - disconnect:62 - WebSocket disconnected. Total: 3
2026-01-12 17:05:36,454 - cmt.websocket - INFO - websocket_devices:188 - WebSocket client disconnected normally
2026-01-12 17:05:36,455 - cmt.websocket - INFO - disconnect:62 - WebSocket disconnected. Total: 2
2026-01-12 17:05:36,457 - cmt.websocket - INFO - connect:49 - WebSocket connected (user_id=None). Total: 3
2026-01-12 17:05:39,456 - cmt.websocket - INFO - websocket_devices:188 - WebSocket client disconnected normally
2026-01-12 17:05:39,457 - cmt.websocket - INFO - disconnect:62 - WebSocket disconnected. Total: 2
2026-01-12 17:05:39,459 - cmt.websocket - INFO - connect:49 - WebSocket connected (user_id=None). Total: 3
2026-01-12 17:05:42,471 - cmt.websocket - INFO - connect:49 - WebSocket connected (user_id=None). Total: 4
2026-01-12 17:05:42,474 - cmt.websocket - INFO - websocket_devices:188 - WebSocket client disconnected normally
2026-01-12 17:05:42,475 - cmt.websocket - INFO - disconnect:62 - WebSocket disconnected. Total: 3
2026-01-12 17:05:45,469 - cmt.websocket - INFO - websocket_devices:188 - WebSocket client disconnected normally
2026-01-12 17:05:45,470 - cmt.websocket - INFO - disconnect:62 - WebSocket disconnected. Total: 2
2026-01-12 17:05:45,472 - cmt.websocket - INFO - connect:49 - WebSocket connected (user_id=None). Total: 3
2026-01-12 17:05:48,473 - cmt.websocket - INFO - connect:49 - WebSocket connected (user_id=None). Total: 4
2026-01-12 17:05:48,475 - cmt.websocket - INFO - websocket_devices:188 - WebSocket client disconnected normally
2026-01-12 17:05:48,475 - cmt.websocket - INFO - disconnect:62 - WebSocket disconnected. Total: 3
2026-01-12 17:05:51,475 - cmt.websocket - INFO - websocket_devices:188 - WebSocket client disconnected normally
2026-01-12 17:05:51,476 - cmt.websocket - INFO - disconnect:62 - WebSocket disconnected. Total: 2
2026-01-12 17:05:51,477 - cmt.websocket - INFO - connect:49 - WebSocket connected (user_id=None). Total: 3
2026-01-12 17:05:54,480 - cmt.websocket - INFO - connect:49 - WebSocket connected (user_id=None). Total: 4
2026-01-12 17:05:54,482 - cmt.websocket - INFO - websocket_devices:188 - WebSocket client disconnected normally
2026-01-12 17:05:54,482 - cmt.websocket - INFO - disconnect:62 - WebSocket disconnected. Total: 3
2026-01-12 17:05:57,482 - cmt.websocket - INFO - websocket_devices:188 - WebSocket client disconnected normally
2026-01-12 17:05:57,482 - cmt.websocket - INFO - disconnect:62 - WebSocket disconnected. Total: 2
2026-01-12 17:05:57,483 - cmt.websocket - INFO - connect:49 - WebSocket connected (user_id=None). Total: 3
2026-01-12 17:06:00,488 - cmt.websocket - INFO - connect:49 - WebSocket connected (user_id=None). Total: 4
2026-01-12 17:06:00,490 - cmt.websocket - INFO - websocket_devices:188 - WebSocket client disconnected normally
2026-01-12 17:06:00,491 - cmt.websocket - INFO - disconnect:62 - WebSocket disconnected. Total: 3
2026-01-12 17:06:03,491 - cmt.websocket - INFO - connect:49 - WebSocket connected (user_id=None). Total: 4
2026-01-12 17:06:03,493 - cmt.websocket - INFO - websocket_devices:188 - WebSocket client disconnected normally
2026-01-12 17:06:03,494 - cmt.websocket - INFO - disconnect:62 - WebSocket disconnected. Total: 3
2026-01-12 17:06:06,494 - cmt.websocket - INFO - connect:49 - WebSocket connected (user_id=None). Total: 4
2026-01-12 17:06:06,495 - cmt.websocket - INFO - websocket_devices:188 - WebSocket client disconnected normally
2026-01-12 17:06:06,496 - cmt.websocket - INFO - disconnect:62 - WebSocket disconnected. Total: 3
2026-01-12 17:06:09,497 - cmt.websocket - INFO - connect:49 - WebSocket connected (user_id=None). Total: 4
2026-01-12 17:06:09,498 - cmt.websocket - INFO - websocket_devices:188 - WebSocket client disconnected normally
2026-01-12 17:06:09,498 - cmt.websocket - INFO - disconnect:62 - WebSocket disconnected. Total: 3
2026-01-12 17:06:12,499 - cmt.websocket - INFO - websocket_devices:188 - WebSocket client disconnected normally
2026-01-12 17:06:12,500 - cmt.websocket - INFO - disconnect:62 - WebSocket disconnected. Total: 2
2026-01-12 17:06:12,501 - cmt.websocket - INFO - connect:49 - WebSocket connected (user_id=None). Total: 3
2026-01-12 17:06:15,509 - cmt.websocket - INFO - connect:49 - WebSocket connected (user_id=None). Total: 4
2026-01-12 17:06:15,511 - cmt.websocket - INFO - websocket_devices:188 - WebSocket client disconnected normally
2026-01-12 17:06:15,511 - cmt.websocket - INFO - disconnect:62 - WebSocket disconnected. Total: 3
2026-01-12 17:06:18,516 - cmt.websocket - INFO - connect:49 - WebSocket connected (user_id=None). Total: 4
2026-01-12 17:06:18,517 - cmt.websocket - INFO - websocket_devices:188 - WebSocket client disconnected normally
2026-01-12 17:06:18,517 - cmt.websocket - INFO - disconnect:62 - WebSocket disconnected. Total: 3
2026-01-12 17:06:19,509 - cmt.retry - ERROR - wrapper:47 - _connect_to_f5 failed after 3 attempts: HTTPSConnectionPool(host='172.20.188.52', port=443): Max retries exceeded with url: /mgmt/shared/authn/login (Caused by ConnectTimeoutError(<urllib3.connection.HTTPSConnection object at 0xffffb81a12d0>, 'Connection to 172.20.188.52 timed out. (connect timeout=None)'))
2026-01-12 17:06:19,524 - cmt.f5 - ERROR - _perform_scan:570 - [TIMEOUT] Connection timed out for axrudc10lb150.network.axadmin.net (172.20.188.52). Device may be unreachable or overloaded.
Traceback (most recent call last):
  File "/usr/local/lib/python3.11/site-packages/urllib3/connection.py", line 174, in _new_conn
    conn = connection.create_connection(
           ^^^^^^^^^^^^^^^^^^^^^^^^^^^^^
  File "/usr/local/lib/python3.11/site-packages/urllib3/util/connection.py", line 95, in create_connection
    raise err
  File "/usr/local/lib/python3.11/site-packages/urllib3/util/connection.py", line 85, in create_connection
    sock.connect(sa)
TimeoutError: [Errno 110] Connection timed out

During handling of the above exception, another exception occurred:

Traceback (most recent call last):
  File "/usr/local/lib/python3.11/site-packages/urllib3/connectionpool.py", line 715, in urlopen
    httplib_response = self._make_request(
                       ^^^^^^^^^^^^^^^^^^^
  File "/usr/local/lib/python3.11/site-packages/urllib3/connectionpool.py", line 404, in _make_request
    self._validate_conn(conn)
  File "/usr/local/lib/python3.11/site-packages/urllib3/connectionpool.py", line 1058, in _validate_conn
    conn.connect()
  File "/usr/local/lib/python3.11/site-packages/urllib3/connection.py", line 363, in connect
    self.sock = conn = self._new_conn()
                       ^^^^^^^^^^^^^^^^
  File "/usr/local/lib/python3.11/site-packages/urllib3/connection.py", line 179, in _new_conn
    raise ConnectTimeoutError(
urllib3.exceptions.ConnectTimeoutError: (<urllib3.connection.HTTPSConnection object at 0xffffb81a12d0>, 'Connection to 172.20.188.52 timed out. (connect timeout=None)')

During handling of the above exception, another exception occurred:

Traceback (most recent call last):
  File "/usr/local/lib/python3.11/site-packages/requests/adapters.py", line 486, in send
    resp = conn.urlopen(
           ^^^^^^^^^^^^^
  File "/usr/local/lib/python3.11/site-packages/urllib3/connectionpool.py", line 799, in urlopen
    retries = retries.increment(
              ^^^^^^^^^^^^^^^^^^
  File "/usr/local/lib/python3.11/site-packages/urllib3/util/retry.py", line 592, in increment
    raise MaxRetryError(_pool, url, error or ResponseError(cause))
urllib3.exceptions.MaxRetryError: HTTPSConnectionPool(host='172.20.188.52', port=443): Max retries exceeded with url: /mgmt/shared/authn/login (Caused by ConnectTimeoutError(<urllib3.connection.HTTPSConnection object at 0xffffb81a12d0>, 'Connection to 172.20.188.52 timed out. (connect timeout=None)'))

During handling of the above exception, another exception occurred:

Traceback (most recent call last):
  File "/app/services/f5_service_logic.py", line 411, in _perform_scan
    mgmt = _connect_to_f5(device.ip_address, username, password)
           ^^^^^^^^^^^^^^^^^^^^^^^^^^^^^^^^^^^^^^^^^^^^^^^^^^^^^
  File "/app/core/retry.py", line 42, in wrapper
    return func(*args, **kwargs)
           ^^^^^^^^^^^^^^^^^^^^^
  File "/app/services/f5_service_logic.py", line 347, in _connect_to_f5
    mgmt = ManagementRoot(hostname, username, password, token=True)
           ^^^^^^^^^^^^^^^^^^^^^^^^^^^^^^^^^^^^^^^^^^^^^^^^^^^^^^^^
  File "/usr/local/lib/python3.11/site-packages/f5/bigip/__init__.py", line 183, in __init__
    self.post_configuration_setup()
  File "/usr/local/lib/python3.11/site-packages/f5/bigip/__init__.py", line 119, in post_configuration_setup
    self._get_tmos_version()
  File "/usr/local/lib/python3.11/site-packages/f5/bigip/__init__.py", line 138, in _get_tmos_version
    response = connect.get(base_uri)
               ^^^^^^^^^^^^^^^^^^^^^
  File "/usr/local/lib/python3.11/site-packages/icontrol/session.py", line 281, in wrapper
    response = method(self, REST_uri, **kwargs)
               ^^^^^^^^^^^^^^^^^^^^^^^^^^^^^^^^
  File "/usr/local/lib/python3.11/site-packages/icontrol/session.py", line 524, in get
    prepared = self.session.prepare_request(req)
               ^^^^^^^^^^^^^^^^^^^^^^^^^^^^^^^^^
  File "/usr/local/lib/python3.11/site-packages/requests/sessions.py", line 486, in prepare_request
    p.prepare(
  File "/usr/local/lib/python3.11/site-packages/requests/models.py", line 372, in prepare
    self.prepare_auth(auth, url)
  File "/usr/local/lib/python3.11/site-packages/requests/models.py", line 603, in prepare_auth
    r = auth(self)
        ^^^^^^^^^^
  File "/usr/local/lib/python3.11/site-packages/icontrol/authtoken.py", line 254, in __call__
    self.get_new_token(netloc)
  File "/usr/local/lib/python3.11/site-packages/icontrol/authtoken.py", line 146, in get_new_token
    response = requests.post(
               ^^^^^^^^^^^^^^
  File "/usr/local/lib/python3.11/site-packages/requests/api.py", line 115, in post
    return request("post", url, data=data, json=json, **kwargs)
           ^^^^^^^^^^^^^^^^^^^^^^^^^^^^^^^^^^^^^^^^^^^^^^^^^^^^
  File "/usr/local/lib/python3.11/site-packages/requests/api.py", line 59, in request
    return session.request(method=method, url=url, **kwargs)
           ^^^^^^^^^^^^^^^^^^^^^^^^^^^^^^^^^^^^^^^^^^^^^^^^^
  File "/usr/local/lib/python3.11/site-packages/requests/sessions.py", line 589, in request
    resp = self.send(prep, **send_kwargs)
           ^^^^^^^^^^^^^^^^^^^^^^^^^^^^^^
  File "/usr/local/lib/python3.11/site-packages/requests/sessions.py", line 703, in send
    r = adapter.send(request, **kwargs)
        ^^^^^^^^^^^^^^^^^^^^^^^^^^^^^^^
  File "/usr/local/lib/python3.11/site-packages/requests/adapters.py", line 507, in send
    raise ConnectTimeout(e, request=request)
requests.exceptions.ConnectTimeout: HTTPSConnectionPool(host='172.20.188.52', port=443): Max retries exceeded with url: /mgmt/shared/authn/login (Caused by ConnectTimeoutError(<urllib3.connection.HTTPSConnection object at 0xffffb81a12d0>, 'Connection to 172.20.188.52 timed out. (connect timeout=None)'))

2026-01-12 17:06:21,513 - cmt.websocket - INFO - websocket_devices:188 - WebSocket client disconnected normally
2026-01-12 17:06:21,514 - cmt.websocket - INFO - disconnect:62 - WebSocket disconnected. Total: 2
2026-01-12 17:06:21,514 - cmt.websocket - INFO - connect:49 - WebSocket connected (user_id=None). Total: 3
2026-01-12 17:06:24,521 - cmt.websocket - INFO - connect:49 - WebSocket connected (user_id=None). Total: 4
2026-01-12 17:06:24,524 - cmt.websocket - INFO - websocket_devices:188 - WebSocket client disconnected normally
2026-01-12 17:06:24,525 - cmt.websocket - INFO - disconnect:62 - WebSocket disconnected. Total: 3
2026-01-12 17:06:27,526 - cmt.websocket - INFO - websocket_devices:188 - WebSocket client disconnected normally
2026-01-12 17:06:27,527 - cmt.websocket - INFO - disconnect:62 - WebSocket disconnected. Total: 2
2026-01-12 17:06:27,529 - cmt.websocket - INFO - connect:49 - WebSocket connected (user_id=None). Total: 3
2026-01-12 17:06:30,526 - cmt.websocket - INFO - websocket_devices:188 - WebSocket client disconnected normally
2026-01-12 17:06:30,526 - cmt.websocket - INFO - disconnect:62 - WebSocket disconnected. Total: 2
2026-01-12 17:06:30,527 - cmt.websocket - INFO - connect:49 - WebSocket connected (user_id=None). Total: 3
2026-01-12 17:06:33,531 - cmt.websocket - INFO - connect:49 - WebSocket connected (user_id=None). Total: 4
2026-01-12 17:06:33,533 - cmt.websocket - INFO - websocket_devices:188 - WebSocket client disconnected normally
2026-01-12 17:06:33,533 - cmt.websocket - INFO - disconnect:62 - WebSocket disconnected. Total: 3
2026-01-12 17:06:36,533 - cmt.websocket - INFO - websocket_devices:188 - WebSocket client disconnected normally
2026-01-12 17:06:36,534 - cmt.websocket - INFO - disconnect:62 - WebSocket disconnected. Total: 2
2026-01-12 17:06:36,535 - cmt.websocket - INFO - connect:49 - WebSocket connected (user_id=None). Total: 3
2026-01-12 17:06:39,546 - cmt.websocket - INFO - connect:49 - WebSocket connected (user_id=None). Total: 4
2026-01-12 17:06:39,548 - cmt.websocket - INFO - websocket_devices:188 - WebSocket client disconnected normally
2026-01-12 17:06:39,549 - cmt.websocket - INFO - disconnect:62 - WebSocket disconnected. Total: 3
2026-01-12 17:06:42,547 - cmt.websocket - INFO - connect:49 - WebSocket connected (user_id=None). Total: 4
2026-01-12 17:06:42,549 - cmt.websocket - INFO - websocket_devices:188 - WebSocket client disconnected normally
2026-01-12 17:06:42,550 - cmt.websocket - INFO - disconnect:62 - WebSocket disconnected. Total: 3
2026-01-12 17:06:45,551 - cmt.websocket - INFO - connect:49 - WebSocket connected (user_id=None). Total: 4
2026-01-12 17:06:45,552 - cmt.websocket - INFO - websocket_devices:188 - WebSocket client disconnected normally
2026-01-12 17:06:45,553 - cmt.websocket - INFO - disconnect:62 - WebSocket disconnected. Total: 3
2026-01-12 17:06:48,553 - cmt.websocket - INFO - connect:49 - WebSocket connected (user_id=None). Total: 4
2026-01-12 17:06:48,555 - cmt.websocket - INFO - websocket_devices:188 - WebSocket client disconnected normally
2026-01-12 17:06:48,555 - cmt.websocket - INFO - disconnect:62 - WebSocket disconnected. Total: 3
2026-01-12 17:06:51,560 - cmt.websocket - INFO - connect:49 - WebSocket connected (user_id=None). Total: 4
2026-01-12 17:06:51,562 - cmt.websocket - INFO - websocket_devices:188 - WebSocket client disconnected normally
2026-01-12 17:06:51,563 - cmt.websocket - INFO - disconnect:62 - WebSocket disconnected. Total: 3
2026-01-12 17:06:54,561 - cmt.websocket - INFO - websocket_devices:188 - WebSocket client disconnected normally
2026-01-12 17:06:54,562 - cmt.websocket - INFO - disconnect:62 - WebSocket disconnected. Total: 2
2026-01-12 17:06:54,563 - cmt.websocket - INFO - connect:49 - WebSocket connected (user_id=None). Total: 3
2026-01-12 17:06:57,572 - cmt.websocket - INFO - connect:49 - WebSocket connected (user_id=None). Total: 4
2026-01-12 17:06:57,574 - cmt.websocket - INFO - websocket_devices:188 - WebSocket client disconnected normally
2026-01-12 17:06:57,575 - cmt.websocket - INFO - disconnect:62 - WebSocket disconnected. Total: 3
2026-01-12 17:07:00,573 - cmt.websocket - INFO - websocket_devices:188 - WebSocket client disconnected normally
2026-01-12 17:07:00,575 - cmt.websocket - INFO - disconnect:62 - WebSocket disconnected. Total: 2
2026-01-12 17:07:00,576 - cmt.websocket - INFO - connect:49 - WebSocket connected (user_id=None). Total: 3
2026-01-12 17:07:03,579 - cmt.websocket - INFO - connect:49 - WebSocket connected (user_id=None). Total: 4
2026-01-12 17:07:03,581 - cmt.websocket - INFO - websocket_devices:188 - WebSocket client disconnected normally
2026-01-12 17:07:03,582 - cmt.websocket - INFO - disconnect:62 - WebSocket disconnected. Total: 3
2026-01-12 17:07:06,591 - cmt.websocket - INFO - connect:49 - WebSocket connected (user_id=None). Total: 4
2026-01-12 17:07:06,592 - cmt.websocket - INFO - websocket_devices:188 - WebSocket client disconnected normally
2026-01-12 17:07:06,592 - cmt.websocket - INFO - disconnect:62 - WebSocket disconnected. Total: 3
2026-01-12 17:07:09,594 - cmt.websocket - INFO - websocket_devices:188 - WebSocket client disconnected normally
2026-01-12 17:07:09,594 - cmt.websocket - INFO - disconnect:62 - WebSocket disconnected. Total: 2
2026-01-12 17:07:09,595 - cmt.websocket - INFO - connect:49 - WebSocket connected (user_id=None). Total: 3
2026-01-12 17:07:12,600 - cmt.websocket - INFO - connect:49 - WebSocket connected (user_id=None). Total: 4
2026-01-12 17:07:12,601 - cmt.websocket - INFO - websocket_devices:188 - WebSocket client disconnected normally
2026-01-12 17:07:12,601 - cmt.websocket - INFO - disconnect:62 - WebSocket disconnected. Total: 3
2026-01-12 17:07:15,601 - cmt.websocket - INFO - websocket_devices:188 - WebSocket client disconnected normally
2026-01-12 17:07:15,602 - cmt.websocket - INFO - disconnect:62 - WebSocket disconnected. Total: 2
2026-01-12 17:07:15,603 - cmt.websocket - INFO - connect:49 - WebSocket connected (user_id=None). Total: 3
2026-01-12 17:07:18,605 - cmt.websocket - INFO - connect:49 - WebSocket connected (user_id=None). Total: 4
2026-01-12 17:07:18,605 - cmt.websocket - INFO - websocket_devices:188 - WebSocket client disconnected normally
2026-01-12 17:07:18,605 - cmt.websocket - INFO - disconnect:62 - WebSocket disconnected. Total: 3
2026-01-12 17:07:20,943 - cmt.retry - WARNING - wrapper:58 - _connect_to_f5 attempt 2/3 failed: HTTPSConnectionPool(host='172.20.188.53', port=443): Max retries exceeded with url: /mgmt/shared/authn/login (Caused by ConnectTimeoutError(<urllib3.connection.HTTPSConnection object at 0xffffb7f956d0>, 'Connection to 172.20.188.53 timed out. (connect timeout=None)')). Retrying in 4.0s...
2026-01-12 17:07:21,608 - cmt.websocket - INFO - websocket_devices:188 - WebSocket client disconnected normally
2026-01-12 17:07:21,609 - cmt.websocket - INFO - disconnect:62 - WebSocket disconnected. Total: 2
2026-01-12 17:07:21,610 - cmt.websocket - INFO - connect:49 - WebSocket connected (user_id=None). Total: 3
2026-01-12 17:07:24,611 - cmt.websocket - INFO - websocket_devices:188 - WebSocket client disconnected normally
2026-01-12 17:07:24,612 - cmt.websocket - INFO - disconnect:62 - WebSocket disconnected. Total: 2
2026-01-12 17:07:24,615 - cmt.websocket - INFO - connect:49 - WebSocket connected (user_id=None). Total: 3
2026-01-12 17:07:27,659 - cmt.websocket - INFO - connect:49 - WebSocket connected (user_id=None). Total: 4
2026-01-12 17:07:27,660 - cmt.websocket - INFO - websocket_devices:188 - WebSocket client disconnected normally
2026-01-12 17:07:27,661 - cmt.websocket - INFO - disconnect:62 - WebSocket disconnected. Total: 3
2026-01-12 17:07:30,663 - cmt.websocket - INFO - connect:49 - WebSocket connected (user_id=None). Total: 4
2026-01-12 17:07:30,665 - cmt.websocket - INFO - websocket_devices:188 - WebSocket client disconnected normally
2026-01-12 17:07:30,665 - cmt.websocket - INFO - disconnect:62 - WebSocket disconnected. Total: 3
2026-01-12 17:07:33,927 - cmt.websocket - INFO - connect:49 - WebSocket connected (user_id=None). Total: 4
2026-01-12 17:07:33,930 - cmt.websocket - INFO - websocket_devices:188 - WebSocket client disconnected normally
2026-01-12 17:07:33,931 - cmt.websocket - INFO - disconnect:62 - WebSocket disconnected. Total: 3
2026-01-12 17:07:37,923 - cmt.websocket - INFO - connect:49 - WebSocket connected (user_id=None). Total: 4
2026-01-12 17:07:37,926 - cmt.websocket - INFO - websocket_devices:188 - WebSocket client disconnected normally
2026-01-12 17:07:37,927 - cmt.websocket - INFO - disconnect:62 - WebSocket disconnected. Total: 3
2026-01-12 17:07:41,926 - cmt.websocket - INFO - connect:49 - WebSocket connected (user_id=None). Total: 4
2026-01-12 17:07:41,930 - cmt.websocket - INFO - websocket_devices:188 - WebSocket client disconnected normally
2026-01-12 17:07:41,931 - cmt.websocket - INFO - disconnect:62 - WebSocket disconnected. Total: 3
2026-01-12 17:07:45,920 - cmt.websocket - INFO - connect:49 - WebSocket connected (user_id=None). Total: 4
2026-01-12 17:07:45,927 - cmt.websocket - INFO - websocket_devices:188 - WebSocket client disconnected normally
2026-01-12 17:07:45,930 - cmt.websocket - INFO - disconnect:62 - WebSocket disconnected. Total: 3
2026-01-12 17:07:49,918 - cmt.websocket - INFO - websocket_devices:188 - WebSocket client disconnected normally
2026-01-12 17:07:49,919 - cmt.websocket - INFO - disconnect:62 - WebSocket disconnected. Total: 2
2026-01-12 17:07:49,919 - cmt.websocket - INFO - connect:49 - WebSocket connected (user_id=None). Total: 3
2026-01-12 17:07:53,932 - cmt.websocket - INFO - connect:49 - WebSocket connected (user_id=None). Total: 4
2026-01-12 17:07:53,938 - cmt.websocket - INFO - websocket_devices:188 - WebSocket client disconnected normally
2026-01-12 17:07:53,940 - cmt.websocket - INFO - disconnect:62 - WebSocket disconnected. Total: 3
2026-01-12 17:07:57,927 - cmt.websocket - INFO - connect:49 - WebSocket connected (user_id=None). Total: 4
2026-01-12 17:07:57,930 - cmt.websocket - INFO - websocket_devices:188 - WebSocket client disconnected normally
2026-01-12 17:07:57,931 - cmt.websocket - INFO - disconnect:62 - WebSocket disconnected. Total: 3
2026-01-12 17:08:01,929 - cmt.websocket - INFO - connect:49 - WebSocket connected (user_id=None). Total: 4
2026-01-12 17:08:01,933 - cmt.websocket - INFO - websocket_devices:188 - WebSocket client disconnected normally
2026-01-12 17:08:01,933 - cmt.websocket - INFO - disconnect:62 - WebSocket disconnected. Total: 3
2026-01-12 17:08:05,923 - cmt.websocket - INFO - connect:49 - WebSocket connected (user_id=None). Total: 4
2026-01-12 17:08:05,933 - cmt.websocket - INFO - websocket_devices:188 - WebSocket client disconnected normally
2026-01-12 17:08:05,935 - cmt.websocket - INFO - disconnect:62 - WebSocket disconnected. Total: 3
2026-01-12 17:08:09,920 - cmt.websocket - INFO - connect:49 - WebSocket connected (user_id=None). Total: 4
2026-01-12 17:08:09,924 - cmt.websocket - INFO - websocket_devices:188 - WebSocket client disconnected normally
2026-01-12 17:08:09,925 - cmt.websocket - INFO - disconnect:62 - WebSocket disconnected. Total: 3
2026-01-12 17:08:13,921 - cmt.websocket - INFO - connect:49 - WebSocket connected (user_id=None). Total: 4
2026-01-12 17:08:13,924 - cmt.websocket - INFO - websocket_devices:188 - WebSocket client disconnected normally
2026-01-12 17:08:13,924 - cmt.websocket - INFO - disconnect:62 - WebSocket disconnected. Total: 3
2026-01-12 17:08:17,923 - cmt.websocket - INFO - connect:49 - WebSocket connected (user_id=None). Total: 4
2026-01-12 17:08:17,931 - cmt.websocket - INFO - websocket_devices:188 - WebSocket client disconnected normally
2026-01-12 17:08:17,932 - cmt.websocket - INFO - disconnect:62 - WebSocket disconnected. Total: 3
2026-01-12 17:08:21,910 - cmt.websocket - INFO - websocket_devices:188 - WebSocket client disconnected normally
2026-01-12 17:08:21,911 - cmt.websocket - INFO - disconnect:62 - WebSocket disconnected. Total: 2
2026-01-12 17:08:21,911 - cmt.websocket - INFO - connect:49 - WebSocket connected (user_id=None). Total: 3
2026-01-12 17:08:25,914 - cmt.websocket - INFO - connect:49 - WebSocket connected (user_id=None). Total: 4
2026-01-12 17:08:25,916 - cmt.websocket - INFO - websocket_devices:188 - WebSocket client disconnected normally
2026-01-12 17:08:25,917 - cmt.websocket - INFO - disconnect:62 - WebSocket disconnected. Total: 3
2026-01-12 17:08:29,916 - cmt.websocket - INFO - connect:49 - WebSocket connected (user_id=None). Total: 4
2026-01-12 17:08:29,917 - cmt.websocket - INFO - websocket_devices:188 - WebSocket client disconnected normally
2026-01-12 17:08:29,917 - cmt.websocket - INFO - disconnect:62 - WebSocket disconnected. Total: 3
2026-01-12 17:08:33,915 - cmt.websocket - INFO - connect:49 - WebSocket connected (user_id=None). Total: 4
2026-01-12 17:08:33,918 - cmt.websocket - INFO - websocket_devices:188 - WebSocket client disconnected normally
2026-01-12 17:08:33,921 - cmt.websocket - INFO - disconnect:62 - WebSocket disconnected. Total: 3
2026-01-12 17:08:37,924 - cmt.websocket - INFO - connect:49 - WebSocket connected (user_id=None). Total: 4
2026-01-12 17:08:37,927 - cmt.websocket - INFO - websocket_devices:188 - WebSocket client disconnected normally
2026-01-12 17:08:37,928 - cmt.websocket - INFO - disconnect:62 - WebSocket disconnected. Total: 3
2026-01-12 17:08:41,913 - cmt.websocket - INFO - connect:49 - WebSocket connected (user_id=None). Total: 4
2026-01-12 17:08:41,914 - cmt.websocket - INFO - websocket_devices:188 - WebSocket client disconnected normally
2026-01-12 17:08:41,914 - cmt.websocket - INFO - disconnect:62 - WebSocket disconnected. Total: 3
2026-01-12 17:08:45,915 - cmt.websocket - INFO - websocket_devices:188 - WebSocket client disconnected normally
2026-01-12 17:08:45,917 - cmt.websocket - INFO - disconnect:62 - WebSocket disconnected. Total: 2
2026-01-12 17:08:45,919 - cmt.websocket - INFO - connect:49 - WebSocket connected (user_id=None). Total: 3
2026-01-12 17:08:49,923 - cmt.websocket - INFO - connect:49 - WebSocket connected (user_id=None). Total: 4
2026-01-12 17:08:49,927 - cmt.websocket - INFO - websocket_devices:188 - WebSocket client disconnected normally
2026-01-12 17:08:49,927 - cmt.websocket - INFO - disconnect:62 - WebSocket disconnected. Total: 3
2026-01-12 17:08:53,918 - cmt.websocket - INFO - connect:49 - WebSocket connected (user_id=None). Total: 4
2026-01-12 17:08:53,925 - cmt.websocket - INFO - websocket_devices:188 - WebSocket client disconnected normally
2026-01-12 17:08:53,925 - cmt.websocket - INFO - disconnect:62 - WebSocket disconnected. Total: 3
2026-01-12 17:08:57,918 - cmt.websocket - INFO - websocket_devices:188 - WebSocket client disconnected normally
2026-01-12 17:08:57,919 - cmt.websocket - INFO - disconnect:62 - WebSocket disconnected. Total: 2
2026-01-12 17:08:57,920 - cmt.websocket - INFO - connect:49 - WebSocket connected (user_id=None). Total: 3
2026-01-12 17:09:01,918 - cmt.websocket - INFO - websocket_devices:188 - WebSocket client disconnected normally
2026-01-12 17:09:01,921 - cmt.websocket - INFO - disconnect:62 - WebSocket disconnected. Total: 2
2026-01-12 17:09:01,923 - cmt.websocket - INFO - connect:49 - WebSocket connected (user_id=None). Total: 3
2026-01-12 17:09:05,919 - cmt.websocket - INFO - connect:49 - WebSocket connected (user_id=None). Total: 4
2026-01-12 17:09:05,921 - cmt.websocket - INFO - websocket_devices:188 - WebSocket client disconnected normally
2026-01-12 17:09:05,922 - cmt.websocket - INFO - disconnect:62 - WebSocket disconnected. Total: 3
2026-01-12 17:09:09,918 - cmt.websocket - INFO - connect:49 - WebSocket connected (user_id=None). Total: 4
2026-01-12 17:09:09,919 - cmt.websocket - INFO - websocket_devices:188 - WebSocket client disconnected normally
2026-01-12 17:09:09,919 - cmt.websocket - INFO - disconnect:62 - WebSocket disconnected. Total: 3
2026-01-12 17:09:13,923 - cmt.websocket - INFO - connect:49 - WebSocket connected (user_id=None). Total: 4
2026-01-12 17:09:13,925 - cmt.websocket - INFO - websocket_devices:188 - WebSocket client disconnected normally
2026-01-12 17:09:13,926 - cmt.websocket - INFO - disconnect:62 - WebSocket disconnected. Total: 3
2026-01-12 17:09:17,920 - cmt.websocket - INFO - websocket_devices:188 - WebSocket client disconnected normally
2026-01-12 17:09:17,922 - cmt.websocket - INFO - disconnect:62 - WebSocket disconnected. Total: 2
2026-01-12 17:09:17,923 - cmt.websocket - INFO - connect:49 - WebSocket connected (user_id=None). Total: 3
2026-01-12 17:09:21,916 - cmt.websocket - INFO - websocket_devices:188 - WebSocket client disconnected normally
2026-01-12 17:09:21,917 - cmt.websocket - INFO - disconnect:62 - WebSocket disconnected. Total: 2
2026-01-12 17:09:21,922 - cmt.websocket - INFO - connect:49 - WebSocket connected (user_id=None). Total: 3
2026-01-12 17:09:25,922 - cmt.websocket - INFO - connect:49 - WebSocket connected (user_id=None). Total: 4
2026-01-12 17:09:25,925 - cmt.websocket - INFO - websocket_devices:188 - WebSocket client disconnected normally
2026-01-12 17:09:25,925 - cmt.websocket - INFO - disconnect:62 - WebSocket disconnected. Total: 3
2026-01-12 17:09:29,921 - cmt.websocket - INFO - connect:49 - WebSocket connected (user_id=None). Total: 4
2026-01-12 17:09:29,921 - cmt.websocket - INFO - websocket_devices:188 - WebSocket client disconnected normally
2026-01-12 17:09:29,922 - cmt.websocket - INFO - disconnect:62 - WebSocket disconnected. Total: 3
2026-01-12 17:09:33,917 - cmt.websocket - INFO - connect:49 - WebSocket connected (user_id=None). Total: 4
2026-01-12 17:09:33,918 - cmt.websocket - INFO - websocket_devices:188 - WebSocket client disconnected normally
2026-01-12 17:09:33,919 - cmt.websocket - INFO - disconnect:62 - WebSocket disconnected. Total: 3
2026-01-12 17:09:37,918 - cmt.websocket - INFO - connect:49 - WebSocket connected (user_id=None). Total: 4
2026-01-12 17:09:37,920 - cmt.websocket - INFO - websocket_devices:188 - WebSocket client disconnected normally
2026-01-12 17:09:37,921 - cmt.websocket - INFO - disconnect:62 - WebSocket disconnected. Total: 3
2026-01-12 17:09:40,209 - cmt.retry - ERROR - wrapper:47 - _connect_to_f5 failed after 3 attempts: HTTPSConnectionPool(host='172.20.188.53', port=443): Max retries exceeded with url: /mgmt/shared/authn/login (Caused by ConnectTimeoutError(<urllib3.connection.HTTPSConnection object at 0xffffb7eceb90>, 'Connection to 172.20.188.53 timed out. (connect timeout=None)'))
2026-01-12 17:09:40,218 - cmt.f5 - ERROR - _perform_scan:570 - [TIMEOUT] Connection timed out for axrudc10lb151.network.axadmin.net (172.20.188.53). Device may be unreachable or overloaded.
Traceback (most recent call last):
  File "/usr/local/lib/python3.11/site-packages/urllib3/connection.py", line 174, in _new_conn
    conn = connection.create_connection(
           ^^^^^^^^^^^^^^^^^^^^^^^^^^^^^
  File "/usr/local/lib/python3.11/site-packages/urllib3/util/connection.py", line 95, in create_connection
    raise err
  File "/usr/local/lib/python3.11/site-packages/urllib3/util/connection.py", line 85, in create_connection
    sock.connect(sa)
TimeoutError: [Errno 110] Connection timed out

During handling of the above exception, another exception occurred:

Traceback (most recent call last):
  File "/usr/local/lib/python3.11/site-packages/urllib3/connectionpool.py", line 715, in urlopen
    httplib_response = self._make_request(
                       ^^^^^^^^^^^^^^^^^^^
  File "/usr/local/lib/python3.11/site-packages/urllib3/connectionpool.py", line 404, in _make_request
    self._validate_conn(conn)
  File "/usr/local/lib/python3.11/site-packages/urllib3/connectionpool.py", line 1058, in _validate_conn
    conn.connect()
  File "/usr/local/lib/python3.11/site-packages/urllib3/connection.py", line 363, in connect
    self.sock = conn = self._new_conn()
                       ^^^^^^^^^^^^^^^^
  File "/usr/local/lib/python3.11/site-packages/urllib3/connection.py", line 179, in _new_conn
    raise ConnectTimeoutError(
urllib3.exceptions.ConnectTimeoutError: (<urllib3.connection.HTTPSConnection object at 0xffffb7eceb90>, 'Connection to 172.20.188.53 timed out. (connect timeout=None)')

During handling of the above exception, another exception occurred:

Traceback (most recent call last):
  File "/usr/local/lib/python3.11/site-packages/requests/adapters.py", line 486, in send
    resp = conn.urlopen(
           ^^^^^^^^^^^^^
  File "/usr/local/lib/python3.11/site-packages/urllib3/connectionpool.py", line 799, in urlopen
    retries = retries.increment(
              ^^^^^^^^^^^^^^^^^^
  File "/usr/local/lib/python3.11/site-packages/urllib3/util/retry.py", line 592, in increment
    raise MaxRetryError(_pool, url, error or ResponseError(cause))
urllib3.exceptions.MaxRetryError: HTTPSConnectionPool(host='172.20.188.53', port=443): Max retries exceeded with url: /mgmt/shared/authn/login (Caused by ConnectTimeoutError(<urllib3.connection.HTTPSConnection object at 0xffffb7eceb90>, 'Connection to 172.20.188.53 timed out. (connect timeout=None)'))

During handling of the above exception, another exception occurred:

Traceback (most recent call last):
  File "/app/services/f5_service_logic.py", line 411, in _perform_scan
    mgmt = _connect_to_f5(device.ip_address, username, password)
           ^^^^^^^^^^^^^^^^^^^^^^^^^^^^^^^^^^^^^^^^^^^^^^^^^^^^^
  File "/app/core/retry.py", line 42, in wrapper
    return func(*args, **kwargs)
           ^^^^^^^^^^^^^^^^^^^^^
  File "/app/services/f5_service_logic.py", line 347, in _connect_to_f5
    mgmt = ManagementRoot(hostname, username, password, token=True)
           ^^^^^^^^^^^^^^^^^^^^^^^^^^^^^^^^^^^^^^^^^^^^^^^^^^^^^^^^
  File "/usr/local/lib/python3.11/site-packages/f5/bigip/__init__.py", line 183, in __init__
    self.post_configuration_setup()
  File "/usr/local/lib/python3.11/site-packages/f5/bigip/__init__.py", line 119, in post_configuration_setup
    self._get_tmos_version()
  File "/usr/local/lib/python3.11/site-packages/f5/bigip/__init__.py", line 138, in _get_tmos_version
    response = connect.get(base_uri)
               ^^^^^^^^^^^^^^^^^^^^^
  File "/usr/local/lib/python3.11/site-packages/icontrol/session.py", line 281, in wrapper
    response = method(self, REST_uri, **kwargs)
               ^^^^^^^^^^^^^^^^^^^^^^^^^^^^^^^^
  File "/usr/local/lib/python3.11/site-packages/icontrol/session.py", line 524, in get
    prepared = self.session.prepare_request(req)
               ^^^^^^^^^^^^^^^^^^^^^^^^^^^^^^^^^
  File "/usr/local/lib/python3.11/site-packages/requests/sessions.py", line 486, in prepare_request
    p.prepare(
  File "/usr/local/lib/python3.11/site-packages/requests/models.py", line 372, in prepare
    self.prepare_auth(auth, url)
  File "/usr/local/lib/python3.11/site-packages/requests/models.py", line 603, in prepare_auth
    r = auth(self)
        ^^^^^^^^^^
  File "/usr/local/lib/python3.11/site-packages/icontrol/authtoken.py", line 254, in __call__
    self.get_new_token(netloc)
  File "/usr/local/lib/python3.11/site-packages/icontrol/authtoken.py", line 146, in get_new_token
    response = requests.post(
               ^^^^^^^^^^^^^^
  File "/usr/local/lib/python3.11/site-packages/requests/api.py", line 115, in post
    return request("post", url, data=data, json=json, **kwargs)
           ^^^^^^^^^^^^^^^^^^^^^^^^^^^^^^^^^^^^^^^^^^^^^^^^^^^^
  File "/usr/local/lib/python3.11/site-packages/requests/api.py", line 59, in request
    return session.request(method=method, url=url, **kwargs)
           ^^^^^^^^^^^^^^^^^^^^^^^^^^^^^^^^^^^^^^^^^^^^^^^^^
  File "/usr/local/lib/python3.11/site-packages/requests/sessions.py", line 589, in request
    resp = self.send(prep, **send_kwargs)
           ^^^^^^^^^^^^^^^^^^^^^^^^^^^^^^
  File "/usr/local/lib/python3.11/site-packages/requests/sessions.py", line 703, in send
    r = adapter.send(request, **kwargs)
        ^^^^^^^^^^^^^^^^^^^^^^^^^^^^^^^
  File "/usr/local/lib/python3.11/site-packages/requests/adapters.py", line 507, in send
    raise ConnectTimeout(e, request=request)
requests.exceptions.ConnectTimeout: HTTPSConnectionPool(host='172.20.188.53', port=443): Max retries exceeded with url: /mgmt/shared/authn/login (Caused by ConnectTimeoutError(<urllib3.connection.HTTPSConnection object at 0xffffb7eceb90>, 'Connection to 172.20.188.53 timed out. (connect timeout=None)'))

2026-01-12 17:09:41,915 - cmt.websocket - INFO - websocket_devices:188 - WebSocket client disconnected normally
2026-01-12 17:09:41,915 - cmt.websocket - INFO - disconnect:62 - WebSocket disconnected. Total: 2
2026-01-12 17:09:41,915 - cmt.websocket - INFO - connect:49 - WebSocket connected (user_id=None). Total: 3
2026-01-12 17:09:45,920 - cmt.websocket - INFO - connect:49 - WebSocket connected (user_id=None). Total: 4
2026-01-12 17:09:45,922 - cmt.websocket - INFO - websocket_devices:188 - WebSocket client disconnected normally
2026-01-12 17:09:45,923 - cmt.websocket - INFO - disconnect:62 - WebSocket disconnected. Total: 3
2026-01-12 17:09:49,918 - cmt.websocket - INFO - connect:49 - WebSocket connected (user_id=None). Total: 4
2026-01-12 17:09:49,920 - cmt.websocket - INFO - websocket_devices:188 - WebSocket client disconnected normally
2026-01-12 17:09:49,920 - cmt.websocket - INFO - disconnect:62 - WebSocket disconnected. Total: 3
2026-01-12 17:09:53,923 - cmt.websocket - INFO - connect:49 - WebSocket connected (user_id=None). Total: 4
2026-01-12 17:09:53,924 - cmt.websocket - INFO - websocket_devices:188 - WebSocket client disconnected normally
2026-01-12 17:09:53,925 - cmt.websocket - INFO - disconnect:62 - WebSocket disconnected. Total: 3
2026-01-12 17:09:57,923 - cmt.websocket - INFO - connect:49 - WebSocket connected (user_id=None). Total: 4
2026-01-12 17:09:57,926 - cmt.websocket - INFO - websocket_devices:188 - WebSocket client disconnected normally
2026-01-12 17:09:57,928 - cmt.websocket - INFO - disconnect:62 - WebSocket disconnected. Total: 3
2026-01-12 17:10:01,914 - cmt.websocket - INFO - websocket_devices:188 - WebSocket client disconnected normally
2026-01-12 17:10:01,915 - cmt.websocket - INFO - disconnect:62 - WebSocket disconnected. Total: 2
2026-01-12 17:10:01,917 - cmt.websocket - INFO - connect:49 - WebSocket connected (user_id=None). Total: 3
2026-01-12 17:10:04,918 - cmt.websocket - INFO - connect:49 - WebSocket connected (user_id=None). Total: 4
2026-01-12 17:10:04,919 - cmt.websocket - INFO - websocket_devices:188 - WebSocket client disconnected normally
2026-01-12 17:10:04,920 - cmt.websocket - INFO - disconnect:62 - WebSocket disconnected. Total: 3
2026-01-12 17:10:08,918 - cmt.websocket - INFO - websocket_devices:188 - WebSocket client disconnected normally
2026-01-12 17:10:08,919 - cmt.websocket - INFO - disconnect:62 - WebSocket disconnected. Total: 2
2026-01-12 17:10:08,920 - cmt.websocket - INFO - connect:49 - WebSocket connected (user_id=None). Total: 3
2026-01-12 17:10:12,917 - cmt.websocket - INFO - connect:49 - WebSocket connected (user_id=None). Total: 4
2026-01-12 17:10:12,919 - cmt.websocket - INFO - websocket_devices:188 - WebSocket client disconnected normally
2026-01-12 17:10:12,920 - cmt.websocket - INFO - disconnect:62 - WebSocket disconnected. Total: 3
2026-01-12 17:10:16,917 - cmt.websocket - INFO - connect:49 - WebSocket connected (user_id=None). Total: 4
2026-01-12 17:10:16,919 - cmt.websocket - INFO - websocket_devices:188 - WebSocket client disconnected normally
2026-01-12 17:10:16,919 - cmt.websocket - INFO - disconnect:62 - WebSocket disconnected. Total: 3
2026-01-12 17:10:20,916 - cmt.websocket - INFO - websocket_devices:188 - WebSocket client disconnected normally
2026-01-12 17:10:20,916 - cmt.websocket - INFO - disconnect:62 - WebSocket disconnected. Total: 2
2026-01-12 17:10:20,917 - cmt.websocket - INFO - connect:49 - WebSocket connected (user_id=None). Total: 3
2026-01-12 17:10:24,918 - cmt.websocket - INFO - connect:49 - WebSocket connected (user_id=None). Total: 4
2026-01-12 17:10:24,919 - cmt.websocket - INFO - websocket_devices:188 - WebSocket client disconnected normally
2026-01-12 17:10:24,920 - cmt.websocket - INFO - disconnect:62 - WebSocket disconnected. Total: 3
2026-01-12 17:10:28,939 - cmt.websocket - INFO - connect:49 - WebSocket connected (user_id=None). Total: 4
2026-01-12 17:10:28,941 - cmt.websocket - INFO - websocket_devices:188 - WebSocket client disconnected normally
2026-01-12 17:10:28,941 - cmt.websocket - INFO - disconnect:62 - WebSocket disconnected. Total: 3
2026-01-12 17:10:32,920 - cmt.websocket - INFO - connect:49 - WebSocket connected (user_id=None). Total: 4
2026-01-12 17:10:32,923 - cmt.websocket - INFO - websocket_devices:188 - WebSocket client disconnected normally
2026-01-12 17:10:32,925 - cmt.websocket - INFO - disconnect:62 - WebSocket disconnected. Total: 3
2026-01-12 17:10:36,920 - cmt.websocket - INFO - connect:49 - WebSocket connected (user_id=None). Total: 4
2026-01-12 17:10:36,923 - cmt.websocket - INFO - websocket_devices:188 - WebSocket client disconnected normally
2026-01-12 17:10:36,924 - cmt.websocket - INFO - disconnect:62 - WebSocket disconnected. Total: 3
2026-01-12 17:10:40,919 - cmt.websocket - INFO - connect:49 - WebSocket connected (user_id=None). Total: 4
2026-01-12 17:10:40,921 - cmt.websocket - INFO - websocket_devices:188 - WebSocket client disconnected normally
2026-01-12 17:10:40,922 - cmt.websocket - INFO - disconnect:62 - WebSocket disconnected. Total: 3
2026-01-12 17:10:44,922 - cmt.websocket - INFO - connect:49 - WebSocket connected (user_id=None). Total: 4
2026-01-12 17:10:44,924 - cmt.websocket - INFO - websocket_devices:188 - WebSocket client disconnected normally
2026-01-12 17:10:44,924 - cmt.websocket - INFO - disconnect:62 - WebSocket disconnected. Total: 3
2026-01-12 17:10:48,917 - cmt.websocket - INFO - connect:49 - WebSocket connected (user_id=None). Total: 4
2026-01-12 17:10:48,918 - cmt.websocket - INFO - websocket_devices:188 - WebSocket client disconnected normally
2026-01-12 17:10:48,919 - cmt.websocket - INFO - disconnect:62 - WebSocket disconnected. Total: 3
2026-01-12 17:10:52,920 - cmt.websocket - INFO - connect:49 - WebSocket connected (user_id=None). Total: 4
2026-01-12 17:10:52,923 - cmt.websocket - INFO - websocket_devices:188 - WebSocket client disconnected normally
2026-01-12 17:10:52,924 - cmt.websocket - INFO - disconnect:62 - WebSocket disconnected. Total: 3
2026-01-12 17:10:56,923 - cmt.websocket - INFO - connect:49 - WebSocket connected (user_id=None). Total: 4
2026-01-12 17:10:56,926 - cmt.websocket - INFO - websocket_devices:188 - WebSocket client disconnected normally
2026-01-12 17:10:56,927 - cmt.websocket - INFO - disconnect:62 - WebSocket disconnected. Total: 3
2026-01-12 17:11:00,918 - cmt.websocket - INFO - websocket_devices:188 - WebSocket client disconnected normally
2026-01-12 17:11:00,919 - cmt.websocket - INFO - disconnect:62 - WebSocket disconnected. Total: 2
2026-01-12 17:11:00,920 - cmt.websocket - INFO - connect:49 - WebSocket connected (user_id=None). Total: 3
2026-01-12 17:11:04,919 - cmt.websocket - INFO - connect:49 - WebSocket connected (user_id=None). Total: 4
2026-01-12 17:11:04,921 - cmt.websocket - INFO - websocket_devices:188 - WebSocket client disconnected normally
2026-01-12 17:11:04,921 - cmt.websocket - INFO - disconnect:62 - WebSocket disconnected. Total: 3
2026-01-12 17:11:08,918 - cmt.websocket - INFO - connect:49 - WebSocket connected (user_id=None). Total: 4
2026-01-12 17:11:08,920 - cmt.websocket - INFO - websocket_devices:188 - WebSocket client disconnected normally
2026-01-12 17:11:08,921 - cmt.websocket - INFO - disconnect:62 - WebSocket disconnected. Total: 3
2026-01-12 17:11:12,004 - cmt.websocket - INFO - connect:49 - WebSocket connected (user_id=None). Total: 4
2026-01-12 17:11:12,005 - cmt.websocket - INFO - websocket_devices:188 - WebSocket client disconnected normally
2026-01-12 17:11:12,005 - cmt.websocket - INFO - disconnect:62 - WebSocket disconnected. Total: 3
2026-01-12 17:11:15,008 - cmt.websocket - INFO - connect:49 - WebSocket connected (user_id=None). Total: 4
2026-01-12 17:11:15,009 - cmt.websocket - INFO - websocket_devices:188 - WebSocket client disconnected normally
2026-01-12 17:11:15,010 - cmt.websocket - INFO - disconnect:62 - WebSocket disconnected. Total: 3
2026-01-12 17:11:18,919 - cmt.websocket - INFO - connect:49 - WebSocket connected (user_id=None). Total: 4
2026-01-12 17:11:18,921 - cmt.websocket - INFO - websocket_devices:188 - WebSocket client disconnected normally
2026-01-12 17:11:18,921 - cmt.websocket - INFO - disconnect:62 - WebSocket disconnected. Total: 3
2026-01-12 17:11:22,918 - cmt.websocket - INFO - websocket_devices:188 - WebSocket client disconnected normally
2026-01-12 17:11:22,918 - cmt.websocket - INFO - disconnect:62 - WebSocket disconnected. Total: 2
2026-01-12 17:11:22,920 - cmt.websocket - INFO - connect:49 - WebSocket connected (user_id=None). Total: 3
2026-01-12 17:11:26,917 - cmt.websocket - INFO - connect:49 - WebSocket connected (user_id=None). Total: 4
2026-01-12 17:11:26,919 - cmt.websocket - INFO - websocket_devices:188 - WebSocket client disconnected normally
2026-01-12 17:11:26,921 - cmt.websocket - INFO - disconnect:62 - WebSocket disconnected. Total: 3
2026-01-12 17:11:30,917 - cmt.websocket - INFO - websocket_devices:188 - WebSocket client disconnected normally
2026-01-12 17:11:30,917 - cmt.websocket - INFO - disconnect:62 - WebSocket disconnected. Total: 2
2026-01-12 17:11:30,918 - cmt.websocket - INFO - connect:49 - WebSocket connected (user_id=None). Total: 3
2026-01-12 17:11:34,915 - cmt.websocket - INFO - connect:49 - WebSocket connected (user_id=None). Total: 4
2026-01-12 17:11:34,916 - cmt.websocket - INFO - websocket_devices:188 - WebSocket client disconnected normally
2026-01-12 17:11:34,917 - cmt.websocket - INFO - disconnect:62 - WebSocket disconnected. Total: 3
2026-01-12 17:11:38,916 - cmt.websocket - INFO - connect:49 - WebSocket connected (user_id=None). Total: 4
2026-01-12 17:11:38,918 - cmt.websocket - INFO - websocket_devices:188 - WebSocket client disconnected normally
2026-01-12 17:11:38,919 - cmt.websocket - INFO - disconnect:62 - WebSocket disconnected. Total: 3
2026-01-12 17:11:42,919 - cmt.websocket - INFO - connect:49 - WebSocket connected (user_id=None). Total: 4
2026-01-12 17:11:42,921 - cmt.websocket - INFO - websocket_devices:188 - WebSocket client disconnected normally
2026-01-12 17:11:42,922 - cmt.websocket - INFO - disconnect:62 - WebSocket disconnected. Total: 3
2026-01-12 17:11:46,916 - cmt.websocket - INFO - websocket_devices:188 - WebSocket client disconnected normally
2026-01-12 17:11:46,916 - cmt.websocket - INFO - disconnect:62 - WebSocket disconnected. Total: 2
2026-01-12 17:11:46,917 - cmt.websocket - INFO - connect:49 - WebSocket connected (user_id=None). Total: 3
2026-01-12 17:11:50,917 - cmt.websocket - INFO - connect:49 - WebSocket connected (user_id=None). Total: 4
2026-01-12 17:11:50,920 - cmt.websocket - INFO - websocket_devices:188 - WebSocket client disconnected normally
2026-01-12 17:11:50,921 - cmt.websocket - INFO - disconnect:62 - WebSocket disconnected. Total: 3
2026-01-12 17:11:54,918 - cmt.websocket - INFO - connect:49 - WebSocket connected (user_id=None). Total: 4
2026-01-12 17:11:54,920 - cmt.websocket - INFO - websocket_devices:188 - WebSocket client disconnected normally
2026-01-12 17:11:54,921 - cmt.websocket - INFO - disconnect:62 - WebSocket disconnected. Total: 3
2026-01-12 17:11:58,914 - cmt.websocket - INFO - connect:49 - WebSocket connected (user_id=None). Total: 4
2026-01-12 17:11:58,915 - cmt.websocket - INFO - websocket_devices:188 - WebSocket client disconnected normally
2026-01-12 17:11:58,916 - cmt.websocket - INFO - disconnect:62 - WebSocket disconnected. Total: 3
2026-01-12 17:12:02,915 - cmt.websocket - INFO - connect:49 - WebSocket connected (user_id=None). Total: 4
2026-01-12 17:12:02,917 - cmt.websocket - INFO - websocket_devices:188 - WebSocket client disconnected normally
2026-01-12 17:12:02,918 - cmt.websocket - INFO - disconnect:62 - WebSocket disconnected. Total: 3
2026-01-12 17:12:06,915 - cmt.websocket - INFO - connect:49 - WebSocket connected (user_id=None). Total: 4
2026-01-12 17:12:06,917 - cmt.websocket - INFO - websocket_devices:188 - WebSocket client disconnected normally
2026-01-12 17:12:06,918 - cmt.websocket - INFO - disconnect:62 - WebSocket disconnected. Total: 3
2026-01-12 17:12:10,921 - cmt.websocket - INFO - connect:49 - WebSocket connected (user_id=None). Total: 4
2026-01-12 17:12:10,924 - cmt.websocket - INFO - websocket_devices:188 - WebSocket client disconnected normally
2026-01-12 17:12:10,925 - cmt.websocket - INFO - disconnect:62 - WebSocket disconnected. Total: 3
2026-01-12 17:12:14,918 - cmt.websocket - INFO - connect:49 - WebSocket connected (user_id=None). Total: 4
2026-01-12 17:12:14,920 - cmt.websocket - INFO - websocket_devices:188 - WebSocket client disconnected normally
2026-01-12 17:12:14,921 - cmt.websocket - INFO - disconnect:62 - WebSocket disconnected. Total: 3
2026-01-12 17:12:18,918 - cmt.websocket - INFO - connect:49 - WebSocket connected (user_id=None). Total: 4
2026-01-12 17:12:18,919 - cmt.websocket - INFO - websocket_devices:188 - WebSocket client disconnected normally
2026-01-12 17:12:18,919 - cmt.websocket - INFO - disconnect:62 - WebSocket disconnected. Total: 3
2026-01-12 17:12:22,916 - cmt.websocket - INFO - connect:49 - WebSocket connected (user_id=None). Total: 4
2026-01-12 17:12:22,920 - cmt.websocket - INFO - websocket_devices:188 - WebSocket client disconnected normally
2026-01-12 17:12:22,920 - cmt.websocket - INFO - disconnect:62 - WebSocket disconnected. Total: 3
2026-01-12 17:12:26,917 - cmt.websocket - INFO - connect:49 - WebSocket connected (user_id=None). Total: 4
2026-01-12 17:12:26,918 - cmt.websocket - INFO - websocket_devices:188 - WebSocket client disconnected normally
2026-01-12 17:12:26,918 - cmt.websocket - INFO - disconnect:62 - WebSocket disconnected. Total: 3
2026-01-12 17:12:30,915 - cmt.websocket - INFO - websocket_devices:188 - WebSocket client disconnected normally
2026-01-12 17:12:30,916 - cmt.websocket - INFO - disconnect:62 - WebSocket disconnected. Total: 2
2026-01-12 17:12:30,919 - cmt.websocket - INFO - connect:49 - WebSocket connected (user_id=None). Total: 3
2026-01-12 17:12:34,916 - cmt.websocket - INFO - connect:49 - WebSocket connected (user_id=None). Total: 4
2026-01-12 17:12:34,918 - cmt.websocket - INFO - websocket_devices:188 - WebSocket client disconnected normally
2026-01-12 17:12:34,918 - cmt.websocket - INFO - disconnect:62 - WebSocket disconnected. Total: 3
2026-01-12 17:12:38,920 - cmt.websocket - INFO - connect:49 - WebSocket connected (user_id=None). Total: 4
2026-01-12 17:12:38,922 - cmt.websocket - INFO - websocket_devices:188 - WebSocket client disconnected normally
2026-01-12 17:12:38,923 - cmt.websocket - INFO - disconnect:62 - WebSocket disconnected. Total: 3
2026-01-12 17:12:42,917 - cmt.websocket - INFO - connect:49 - WebSocket connected (user_id=None). Total: 4
2026-01-12 17:12:42,920 - cmt.websocket - INFO - websocket_devices:188 - WebSocket client disconnected normally
2026-01-12 17:12:42,920 - cmt.websocket - INFO - disconnect:62 - WebSocket disconnected. Total: 3
2026-01-12 17:12:46,915 - cmt.websocket - INFO - connect:49 - WebSocket connected (user_id=None). Total: 4
2026-01-12 17:12:46,917 - cmt.websocket - INFO - websocket_devices:188 - WebSocket client disconnected normally
2026-01-12 17:12:46,918 - cmt.websocket - INFO - disconnect:62 - WebSocket disconnected. Total: 3
2026-01-12 17:12:50,912 - cmt.websocket - INFO - connect:49 - WebSocket connected (user_id=None). Total: 4
2026-01-12 17:12:50,924 - cmt.websocket - INFO - websocket_devices:188 - WebSocket client disconnected normally
2026-01-12 17:12:50,924 - cmt.websocket - INFO - disconnect:62 - WebSocket disconnected. Total: 3
2026-01-12 17:12:54,914 - cmt.websocket - INFO - connect:49 - WebSocket connected (user_id=None). Total: 4
2026-01-12 17:12:54,915 - cmt.websocket - INFO - websocket_devices:188 - WebSocket client disconnected normally
2026-01-12 17:12:54,916 - cmt.websocket - INFO - disconnect:62 - WebSocket disconnected. Total: 3
2026-01-12 17:12:58,915 - cmt.websocket - INFO - connect:49 - WebSocket connected (user_id=None). Total: 4
2026-01-12 17:12:58,917 - cmt.websocket - INFO - websocket_devices:188 - WebSocket client disconnected normally
2026-01-12 17:12:58,918 - cmt.websocket - INFO - disconnect:62 - WebSocket disconnected. Total: 3
2026-01-12 17:13:02,913 - cmt.websocket - INFO - connect:49 - WebSocket connected (user_id=None). Total: 4
2026-01-12 17:13:02,914 - cmt.websocket - INFO - websocket_devices:188 - WebSocket client disconnected normally
2026-01-12 17:13:02,914 - cmt.websocket - INFO - disconnect:62 - WebSocket disconnected. Total: 3
2026-01-12 17:13:06,917 - cmt.websocket - INFO - connect:49 - WebSocket connected (user_id=None). Total: 4
2026-01-12 17:13:06,918 - cmt.websocket - INFO - websocket_devices:188 - WebSocket client disconnected normally
2026-01-12 17:13:06,918 - cmt.websocket - INFO - disconnect:62 - WebSocket disconnected. Total: 3
2026-01-12 17:13:10,919 - cmt.websocket - INFO - connect:49 - WebSocket connected (user_id=None). Total: 4
2026-01-12 17:13:10,922 - cmt.websocket - INFO - websocket_devices:188 - WebSocket client disconnected normally
2026-01-12 17:13:10,923 - cmt.websocket - INFO - disconnect:62 - WebSocket disconnected. Total: 3
2026-01-12 17:13:14,917 - cmt.websocket - INFO - connect:49 - WebSocket connected (user_id=None). Total: 4
2026-01-12 17:13:14,920 - cmt.websocket - INFO - websocket_devices:188 - WebSocket client disconnected normally
2026-01-12 17:13:14,921 - cmt.websocket - INFO - disconnect:62 - WebSocket disconnected. Total: 3
2026-01-12 17:13:17,922 - cmt.websocket - INFO - connect:49 - WebSocket connected (user_id=None). Total: 4
2026-01-12 17:13:17,923 - cmt.websocket - INFO - websocket_devices:188 - WebSocket client disconnected normally
2026-01-12 17:13:17,923 - cmt.websocket - INFO - disconnect:62 - WebSocket disconnected. Total: 3
2026-01-12 17:13:20,922 - cmt.websocket - INFO - websocket_devices:188 - WebSocket client disconnected normally
2026-01-12 17:13:20,923 - cmt.websocket - INFO - disconnect:62 - WebSocket disconnected. Total: 2
2026-01-12 17:13:20,923 - cmt.websocket - INFO - connect:49 - WebSocket connected (user_id=None). Total: 3
2026-01-12 17:13:23,927 - cmt.websocket - INFO - connect:49 - WebSocket connected (user_id=None). Total: 4
2026-01-12 17:13:23,928 - cmt.websocket - INFO - websocket_devices:188 - WebSocket client disconnected normally
2026-01-12 17:13:23,928 - cmt.websocket - INFO - disconnect:62 - WebSocket disconnected. Total: 3
2026-01-12 17:13:26,929 - cmt.websocket - INFO - connect:49 - WebSocket connected (user_id=None). Total: 4
2026-01-12 17:13:26,930 - cmt.websocket - INFO - websocket_devices:188 - WebSocket client disconnected normally
2026-01-12 17:13:26,930 - cmt.websocket - INFO - disconnect:62 - WebSocket disconnected. Total: 3
2026-01-12 17:13:29,933 - cmt.websocket - INFO - connect:49 - WebSocket connected (user_id=None). Total: 4
2026-01-12 17:13:29,935 - cmt.websocket - INFO - websocket_devices:188 - WebSocket client disconnected normally
2026-01-12 17:13:29,936 - cmt.websocket - INFO - disconnect:62 - WebSocket disconnected. Total: 3
2026-01-12 17:13:32,935 - cmt.websocket - INFO - connect:49 - WebSocket connected (user_id=None). Total: 4
2026-01-12 17:13:32,936 - cmt.websocket - INFO - websocket_devices:188 - WebSocket client disconnected normally
2026-01-12 17:13:32,936 - cmt.websocket - INFO - disconnect:62 - WebSocket disconnected. Total: 3
2026-01-12 17:13:35,945 - cmt.websocket - INFO - connect:49 - WebSocket connected (user_id=None). Total: 4
2026-01-12 17:13:35,948 - cmt.websocket - INFO - websocket_devices:188 - WebSocket client disconnected normally
2026-01-12 17:13:35,948 - cmt.websocket - INFO - disconnect:62 - WebSocket disconnected. Total: 3
2026-01-12 17:13:38,943 - cmt.websocket - INFO - connect:49 - WebSocket connected (user_id=None). Total: 4
2026-01-12 17:13:38,944 - cmt.websocket - INFO - websocket_devices:188 - WebSocket client disconnected normally
2026-01-12 17:13:38,945 - cmt.websocket - INFO - disconnect:62 - WebSocket disconnected. Total: 3
2026-01-12 17:13:41,945 - cmt.websocket - INFO - websocket_devices:188 - WebSocket client disconnected normally
2026-01-12 17:13:41,946 - cmt.websocket - INFO - disconnect:62 - WebSocket disconnected. Total: 2
2026-01-12 17:13:41,946 - cmt.websocket - INFO - connect:49 - WebSocket connected (user_id=None). Total: 3
2026-01-12 17:13:44,956 - cmt.websocket - INFO - connect:49 - WebSocket connected (user_id=None). Total: 4
2026-01-12 17:13:44,959 - cmt.websocket - INFO - websocket_devices:188 - WebSocket client disconnected normally
2026-01-12 17:13:44,960 - cmt.websocket - INFO - disconnect:62 - WebSocket disconnected. Total: 3
2026-01-12 17:13:47,956 - cmt.websocket - INFO - connect:49 - WebSocket connected (user_id=None). Total: 4
2026-01-12 17:13:47,958 - cmt.websocket - INFO - websocket_devices:188 - WebSocket client disconnected normally
2026-01-12 17:13:47,958 - cmt.websocket - INFO - disconnect:62 - WebSocket disconnected. Total: 3
2026-01-12 17:13:50,958 - cmt.websocket - INFO - websocket_devices:188 - WebSocket client disconnected normally
2026-01-12 17:13:50,960 - cmt.websocket - INFO - disconnect:62 - WebSocket disconnected. Total: 2
2026-01-12 17:13:50,962 - cmt.websocket - INFO - connect:49 - WebSocket connected (user_id=None). Total: 3
2026-01-12 17:13:53,962 - cmt.websocket - INFO - connect:49 - WebSocket connected (user_id=None). Total: 4
2026-01-12 17:13:53,963 - cmt.websocket - INFO - websocket_devices:188 - WebSocket client disconnected normally
2026-01-12 17:13:53,963 - cmt.websocket - INFO - disconnect:62 - WebSocket disconnected. Total: 3
2026-01-12 17:13:56,964 - cmt.websocket - INFO - connect:49 - WebSocket connected (user_id=None). Total: 4
2026-01-12 17:13:56,965 - cmt.websocket - INFO - websocket_devices:188 - WebSocket client disconnected normally
2026-01-12 17:13:56,966 - cmt.websocket - INFO - disconnect:62 - WebSocket disconnected. Total: 3
2026-01-12 17:13:59,970 - cmt.websocket - INFO - websocket_devices:188 - WebSocket client disconnected normally
2026-01-12 17:13:59,971 - cmt.websocket - INFO - disconnect:62 - WebSocket disconnected. Total: 2
2026-01-12 17:13:59,973 - cmt.websocket - INFO - connect:49 - WebSocket connected (user_id=None). Total: 3
2026-01-12 17:14:02,973 - cmt.websocket - INFO - connect:49 - WebSocket connected (user_id=None). Total: 4
2026-01-12 17:14:02,974 - cmt.websocket - INFO - websocket_devices:188 - WebSocket client disconnected normally
2026-01-12 17:14:02,975 - cmt.websocket - INFO - disconnect:62 - WebSocket disconnected. Total: 3
2026-01-12 17:14:05,978 - cmt.websocket - INFO - connect:49 - WebSocket connected (user_id=None). Total: 4
2026-01-12 17:14:05,979 - cmt.websocket - INFO - websocket_devices:188 - WebSocket client disconnected normally
2026-01-12 17:14:05,979 - cmt.websocket - INFO - disconnect:62 - WebSocket disconnected. Total: 3
2026-01-12 17:14:07,960 - cmt.f5 - INFO - _connect_to_f5:348 - Successfully connected to F5: 10.119.35.50
2026-01-12 17:14:07,961 - cmt.f5 - INFO - _perform_scan:412 - Scanning certificates on F5 device audc10-fab1-lb-001.network.axadmin.net (10.119.35.50)
2026-01-12 17:14:08,982 - cmt.websocket - INFO - connect:49 - WebSocket connected (user_id=None). Total: 4
2026-01-12 17:14:08,984 - cmt.websocket - INFO - websocket_devices:188 - WebSocket client disconnected normally
2026-01-12 17:14:08,984 - cmt.websocket - INFO - disconnect:62 - WebSocket disconnected. Total: 3
2026-01-12 17:14:09,316 - cmt.f5 - INFO - _perform_scan:419 - Facts updated for audc10-fab1-lb-001.network.axadmin.net: ['version', 'ha_state', 'sync_status']
2026-01-12 17:14:11,987 - cmt.websocket - INFO - connect:49 - WebSocket connected (user_id=None). Total: 4
2026-01-12 17:14:11,992 - cmt.websocket - INFO - websocket_devices:188 - WebSocket client disconnected normally
2026-01-12 17:14:11,993 - cmt.websocket - INFO - disconnect:62 - WebSocket disconnected. Total: 3
2026-01-12 17:14:15,002 - cmt.websocket - INFO - connect:49 - WebSocket connected (user_id=None). Total: 4
2026-01-12 17:14:15,008 - cmt.websocket - INFO - websocket_devices:188 - WebSocket client disconnected normally
2026-01-12 17:14:15,008 - cmt.websocket - INFO - disconnect:62 - WebSocket disconnected. Total: 3
2026-01-12 17:14:16,197 - cmt.f5 - INFO - _perform_scan:535 - Database commit successful for audc10-fab1-lb-001.network.axadmin.net
2026-01-12 17:14:16,198 - cmt.f5 - INFO - _perform_scan:537 - Scan complete for audc10-fab1-lb-001.network.axadmin.net. Certs - New: 24, Updated: 0, Removed: 0. Facts refreshed: 3 field(s).
2026-01-12 17:14:17,995 - cmt.websocket - INFO - connect:49 - WebSocket connected (user_id=None). Total: 4
2026-01-12 17:14:17,995 - cmt.websocket - INFO - websocket_devices:188 - WebSocket client disconnected normally
2026-01-12 17:14:17,996 - cmt.websocket - INFO - disconnect:62 - WebSocket disconnected. Total: 3
2026-01-12 17:14:20,997 - cmt.websocket - INFO - connect:49 - WebSocket connected (user_id=None). Total: 4
2026-01-12 17:14:20,999 - cmt.websocket - INFO - websocket_devices:188 - WebSocket client disconnected normally
2026-01-12 17:14:20,999 - cmt.websocket - INFO - disconnect:62 - WebSocket disconnected. Total: 3
2026-01-12 17:14:24,003 - cmt.websocket - INFO - websocket_devices:188 - WebSocket client disconnected normally
2026-01-12 17:14:24,015 - cmt.websocket - INFO - disconnect:62 - WebSocket disconnected. Total: 2
2026-01-12 17:14:24,017 - cmt.websocket - INFO - connect:49 - WebSocket connected (user_id=None). Total: 3
2026-01-12 17:14:27,008 - cmt.websocket - INFO - websocket_devices:188 - WebSocket client disconnected normally
2026-01-12 17:14:27,009 - cmt.websocket - INFO - disconnect:62 - WebSocket disconnected. Total: 2
2026-01-12 17:14:27,012 - cmt.websocket - INFO - connect:49 - WebSocket connected (user_id=None). Total: 3
2026-01-12 17:14:30,044 - cmt.websocket - INFO - connect:49 - WebSocket connected (user_id=None). Total: 4
2026-01-12 17:14:30,051 - cmt.websocket - INFO - websocket_devices:188 - WebSocket client disconnected normally
2026-01-12 17:14:30,051 - cmt.websocket - INFO - disconnect:62 - WebSocket disconnected. Total: 3
2026-01-12 17:14:33,043 - cmt.websocket - INFO - websocket_devices:188 - WebSocket client disconnected normally
2026-01-12 17:14:33,043 - cmt.websocket - INFO - disconnect:62 - WebSocket disconnected. Total: 2
2026-01-12 17:14:33,044 - cmt.websocket - INFO - connect:49 - WebSocket connected (user_id=None). Total: 3
2026-01-12 17:14:36,047 - cmt.websocket - INFO - connect:49 - WebSocket connected (user_id=None). Total: 4
2026-01-12 17:14:36,048 - cmt.websocket - INFO - websocket_devices:188 - WebSocket client disconnected normally
2026-01-12 17:14:36,048 - cmt.websocket - INFO - disconnect:62 - WebSocket disconnected. Total: 3
2026-01-12 17:14:39,051 - cmt.websocket - INFO - connect:49 - WebSocket connected (user_id=None). Total: 4
2026-01-12 17:14:39,052 - cmt.websocket - INFO - websocket_devices:188 - WebSocket client disconnected normally
2026-01-12 17:14:39,053 - cmt.websocket - INFO - disconnect:62 - WebSocket disconnected. Total: 3
2026-01-12 17:14:42,053 - cmt.websocket - INFO - connect:49 - WebSocket connected (user_id=None). Total: 4
2026-01-12 17:14:42,054 - cmt.websocket - INFO - websocket_devices:188 - WebSocket client disconnected normally
2026-01-12 17:14:42,054 - cmt.websocket - INFO - disconnect:62 - WebSocket disconnected. Total: 3
2026-01-12 17:14:45,062 - cmt.websocket - INFO - connect:49 - WebSocket connected (user_id=None). Total: 4
2026-01-12 17:14:45,063 - cmt.websocket - INFO - websocket_devices:188 - WebSocket client disconnected normally
2026-01-12 17:14:45,064 - cmt.websocket - INFO - disconnect:62 - WebSocket disconnected. Total: 3
2026-01-12 17:14:48,061 - cmt.websocket - INFO - connect:49 - WebSocket connected (user_id=None). Total: 4
2026-01-12 17:14:48,063 - cmt.websocket - INFO - websocket_devices:188 - WebSocket client disconnected normally
2026-01-12 17:14:48,063 - cmt.websocket - INFO - disconnect:62 - WebSocket disconnected. Total: 3
2026-01-12 17:14:51,065 - cmt.websocket - INFO - connect:49 - WebSocket connected (user_id=None). Total: 4
2026-01-12 17:14:51,066 - cmt.websocket - INFO - websocket_devices:188 - WebSocket client disconnected normally
2026-01-12 17:14:51,066 - cmt.websocket - INFO - disconnect:62 - WebSocket disconnected. Total: 3
2026-01-12 17:14:51,900 - cmt.websocket - INFO - websocket_notifications:276 - Notification WebSocket disconnected (user_id=1)
2026-01-12 17:14:51,901 - cmt.websocket - INFO - disconnect:62 - WebSocket disconnected. Total: 2
2026-01-12 17:14:51,902 - cmt.websocket - INFO - websocket_notifications:276 - Notification WebSocket disconnected (user_id=1)
2026-01-12 17:14:51,902 - cmt.websocket - INFO - disconnect:62 - WebSocket disconnected. Total: 1
2026-01-12 17:14:51,903 - cmt.websocket - INFO - websocket_devices:188 - WebSocket client disconnected normally
2026-01-12 17:14:51,903 - cmt.websocket - INFO - disconnect:62 - WebSocket disconnected. Total: 0
2026-01-12 17:14:52,867 - cmt.websocket - INFO - connect:49 - WebSocket connected (user_id=1). Total: 1
2026-01-12 17:14:52,883 - cmt.websocket - INFO - connect:49 - WebSocket connected (user_id=None). Total: 2
2026-01-12 17:14:52,903 - cmt.websocket - INFO - connect:49 - WebSocket connected (user_id=1). Total: 3
2026-01-12 17:14:52,906 - cmt.websocket - INFO - websocket_notifications:276 - Notification WebSocket disconnected (user_id=1)
2026-01-12 17:14:52,906 - cmt.websocket - INFO - disconnect:62 - WebSocket disconnected. Total: 2
2026-01-12 17:14:52,914 - cmt.websocket - INFO - websocket_devices:188 - WebSocket client disconnected normally
2026-01-12 17:14:52,914 - cmt.websocket - INFO - disconnect:62 - WebSocket disconnected. Total: 1
2026-01-12 17:14:52,922 - cmt.websocket - INFO - connect:49 - WebSocket connected (user_id=None). Total: 2
2026-01-12 17:14:55,913 - cmt.websocket - INFO - connect:49 - WebSocket connected (user_id=1). Total: 3
2026-01-12 17:14:55,915 - cmt.websocket - INFO - websocket_devices:188 - WebSocket client disconnected normally
2026-01-12 17:14:55,916 - cmt.websocket - INFO - disconnect:62 - WebSocket disconnected. Total: 2
2026-01-12 17:14:55,929 - cmt.websocket - INFO - connect:49 - WebSocket connected (user_id=None). Total: 3
2026-01-12 17:14:58,912 - cmt.websocket - INFO - connect:49 - WebSocket connected (user_id=None). Total: 4
2026-01-12 17:14:58,914 - cmt.websocket - INFO - websocket_devices:188 - WebSocket client disconnected normally
2026-01-12 17:14:58,914 - cmt.websocket - INFO - disconnect:62 - WebSocket disconnected. Total: 3
2026-01-12 17:15:01,915 - cmt.websocket - INFO - websocket_devices:188 - WebSocket client disconnected normally
2026-01-12 17:15:01,917 - cmt.websocket - INFO - disconnect:62 - WebSocket disconnected. Total: 2
2026-01-12 17:15:01,918 - cmt.websocket - INFO - connect:49 - WebSocket connected (user_id=None). Total: 3
2026-01-12 17:15:05,912 - cmt.websocket - INFO - connect:49 - WebSocket connected (user_id=None). Total: 4
2026-01-12 17:15:05,914 - cmt.websocket - INFO - websocket_devices:188 - WebSocket client disconnected normally
2026-01-12 17:15:05,914 - cmt.websocket - INFO - disconnect:62 - WebSocket disconnected. Total: 3
2026-01-12 17:15:09,915 - cmt.websocket - INFO - connect:49 - WebSocket connected (user_id=None). Total: 4
2026-01-12 17:15:09,917 - cmt.websocket - INFO - websocket_devices:188 - WebSocket client disconnected normally
2026-01-12 17:15:09,917 - cmt.websocket - INFO - disconnect:62 - WebSocket disconnected. Total: 3
2026-01-12 17:15:13,913 - cmt.websocket - INFO - connect:49 - WebSocket connected (user_id=None). Total: 4
2026-01-12 17:15:13,915 - cmt.websocket - INFO - websocket_devices:188 - WebSocket client disconnected normally
2026-01-12 17:15:13,915 - cmt.websocket - INFO - disconnect:62 - WebSocket disconnected. Total: 3
2026-01-12 17:15:17,916 - cmt.websocket - INFO - connect:49 - WebSocket connected (user_id=None). Total: 4
2026-01-12 17:15:17,918 - cmt.websocket - INFO - websocket_devices:188 - WebSocket client disconnected normally
2026-01-12 17:15:17,919 - cmt.websocket - INFO - disconnect:62 - WebSocket disconnected. Total: 3
2026-01-12 17:15:21,925 - cmt.websocket - INFO - websocket_devices:188 - WebSocket client disconnected normally
2026-01-12 17:15:21,926 - cmt.websocket - INFO - disconnect:62 - WebSocket disconnected. Total: 2
2026-01-12 17:15:21,927 - cmt.websocket - INFO - connect:49 - WebSocket connected (user_id=None). Total: 3
2026-01-12 17:15:25,913 - cmt.websocket - INFO - connect:49 - WebSocket connected (user_id=None). Total: 4
2026-01-12 17:15:25,913 - cmt.websocket - INFO - websocket_devices:188 - WebSocket client disconnected normally
2026-01-12 17:15:25,913 - cmt.websocket - INFO - disconnect:62 - WebSocket disconnected. Total: 3
2026-01-12 17:15:29,913 - cmt.websocket - INFO - websocket_devices:188 - WebSocket client disconnected normally
2026-01-12 17:15:29,914 - cmt.websocket - INFO - disconnect:62 - WebSocket disconnected. Total: 2
2026-01-12 17:15:29,915 - cmt.websocket - INFO - connect:49 - WebSocket connected (user_id=None). Total: 3
2026-01-12 17:15:33,007 - cmt.websocket - INFO - connect:49 - WebSocket connected (user_id=None). Total: 4
2026-01-12 17:15:33,009 - cmt.websocket - INFO - websocket_devices:188 - WebSocket client disconnected normally
2026-01-12 17:15:33,009 - cmt.websocket - INFO - disconnect:62 - WebSocket disconnected. Total: 3
2026-01-12 17:15:36,914 - cmt.websocket - INFO - connect:49 - WebSocket connected (user_id=None). Total: 4
2026-01-12 17:15:36,916 - cmt.websocket - INFO - websocket_devices:188 - WebSocket client disconnected normally
2026-01-12 17:15:36,917 - cmt.websocket - INFO - disconnect:62 - WebSocket disconnected. Total: 3
2026-01-12 17:15:40,914 - cmt.websocket - INFO - connect:49 - WebSocket connected (user_id=None). Total: 4
2026-01-12 17:15:40,916 - cmt.websocket - INFO - websocket_devices:188 - WebSocket client disconnected normally
2026-01-12 17:15:40,916 - cmt.websocket - INFO - disconnect:62 - WebSocket disconnected. Total: 3
2026-01-12 17:15:44,929 - cmt.websocket - INFO - connect:49 - WebSocket connected (user_id=None). Total: 4
2026-01-12 17:15:44,934 - cmt.websocket - INFO - websocket_devices:188 - WebSocket client disconnected normally
2026-01-12 17:15:44,934 - cmt.websocket - INFO - disconnect:62 - WebSocket disconnected. Total: 3
2026-01-12 17:15:47,922 - cmt.websocket - INFO - connect:49 - WebSocket connected (user_id=None). Total: 4
2026-01-12 17:15:47,924 - cmt.websocket - INFO - websocket_devices:188 - WebSocket client disconnected normally
2026-01-12 17:15:47,925 - cmt.websocket - INFO - disconnect:62 - WebSocket disconnected. Total: 3
2026-01-12 17:15:50,927 - cmt.websocket - INFO - connect:49 - WebSocket connected (user_id=None). Total: 4
2026-01-12 17:15:50,929 - cmt.websocket - INFO - websocket_devices:188 - WebSocket client disconnected normally
2026-01-12 17:15:50,930 - cmt.websocket - INFO - disconnect:62 - WebSocket disconnected. Total: 3
2026-01-12 17:15:53,935 - cmt.websocket - INFO - connect:49 - WebSocket connected (user_id=None). Total: 4
2026-01-12 17:15:53,937 - cmt.websocket - INFO - websocket_devices:188 - WebSocket client disconnected normally
2026-01-12 17:15:53,937 - cmt.websocket - INFO - disconnect:62 - WebSocket disconnected. Total: 3
2026-01-12 17:15:56,933 - cmt.websocket - INFO - connect:49 - WebSocket connected (user_id=None). Total: 4
2026-01-12 17:15:56,936 - cmt.websocket - INFO - websocket_devices:188 - WebSocket client disconnected normally
2026-01-12 17:15:56,937 - cmt.websocket - INFO - disconnect:62 - WebSocket disconnected. Total: 3
2026-01-12 17:15:59,938 - cmt.websocket - INFO - connect:49 - WebSocket connected (user_id=None). Total: 4
2026-01-12 17:15:59,940 - cmt.websocket - INFO - websocket_devices:188 - WebSocket client disconnected normally
2026-01-12 17:15:59,940 - cmt.websocket - INFO - disconnect:62 - WebSocket disconnected. Total: 3
2026-01-12 17:16:02,145 - cmt.f5 - INFO - _connect_to_f5:348 - Successfully connected to F5: 10.119.35.51
2026-01-12 17:16:02,147 - cmt.f5 - INFO - _perform_scan:412 - Scanning certificates on F5 device audc10-fab1-lb-002.network.axadmin.net (10.119.35.51)
2026-01-12 17:16:02,941 - cmt.websocket - INFO - connect:49 - WebSocket connected (user_id=None). Total: 4
2026-01-12 17:16:02,944 - cmt.websocket - INFO - websocket_devices:188 - WebSocket client disconnected normally
2026-01-12 17:16:02,944 - cmt.websocket - INFO - disconnect:62 - WebSocket disconnected. Total: 3
2026-01-12 17:16:03,361 - cmt.f5 - INFO - _perform_scan:419 - Facts updated for audc10-fab1-lb-002.network.axadmin.net: ['version', 'ha_state', 'sync_status']
2026-01-12 17:16:05,955 - cmt.websocket - INFO - connect:49 - WebSocket connected (user_id=None). Total: 4
2026-01-12 17:16:05,960 - cmt.websocket - INFO - websocket_devices:188 - WebSocket client disconnected normally
2026-01-12 17:16:05,961 - cmt.websocket - INFO - disconnect:62 - WebSocket disconnected. Total: 3
2026-01-12 17:16:08,952 - cmt.websocket - INFO - connect:49 - WebSocket connected (user_id=None). Total: 4
2026-01-12 17:16:08,953 - cmt.websocket - INFO - websocket_devices:188 - WebSocket client disconnected normally
2026-01-12 17:16:08,953 - cmt.websocket - INFO - disconnect:62 - WebSocket disconnected. Total: 3
2026-01-12 17:16:10,025 - cmt.f5 - INFO - _perform_scan:535 - Database commit successful for audc10-fab1-lb-002.network.axadmin.net
2026-01-12 17:16:10,026 - cmt.f5 - INFO - _perform_scan:537 - Scan complete for audc10-fab1-lb-002.network.axadmin.net. Certs - New: 24, Updated: 0, Removed: 0. Facts refreshed: 3 field(s).
2026-01-12 17:16:11,959 - cmt.websocket - INFO - connect:49 - WebSocket connected (user_id=None). Total: 4
2026-01-12 17:16:11,967 - cmt.websocket - INFO - websocket_devices:188 - WebSocket client disconnected normally
2026-01-12 17:16:11,970 - cmt.websocket - INFO - disconnect:62 - WebSocket disconnected. Total: 3
2026-01-12 17:16:14,963 - cmt.websocket - INFO - websocket_devices:188 - WebSocket client disconnected normally
2026-01-12 17:16:14,964 - cmt.websocket - INFO - disconnect:62 - WebSocket disconnected. Total: 2
2026-01-12 17:16:14,978 - cmt.websocket - INFO - connect:49 - WebSocket connected (user_id=None). Total: 3
2026-01-12 17:16:17,966 - cmt.websocket - INFO - connect:49 - WebSocket connected (user_id=None). Total: 4
2026-01-12 17:16:17,968 - cmt.websocket - INFO - websocket_devices:188 - WebSocket client disconnected normally
2026-01-12 17:16:17,970 - cmt.websocket - INFO - disconnect:62 - WebSocket disconnected. Total: 3
2026-01-12 17:16:20,968 - cmt.websocket - INFO - websocket_devices:188 - WebSocket client disconnected normally
2026-01-12 17:16:20,968 - cmt.websocket - INFO - disconnect:62 - WebSocket disconnected. Total: 2
2026-01-12 17:16:20,968 - cmt.websocket - INFO - connect:49 - WebSocket connected (user_id=None). Total: 3
2026-01-12 17:16:21,613 - cmt.retry - WARNING - wrapper:58 - _connect_to_f5 attempt 1/3 failed: HTTPSConnectionPool(host='172.20.188.52', port=443): Max retries exceeded with url: /mgmt/shared/authn/login (Caused by ConnectTimeoutError(<urllib3.connection.HTTPSConnection object at 0xffffb7fa3a90>, 'Connection to 172.20.188.52 timed out. (connect timeout=None)')). Retrying in 2.0s...
2026-01-12 17:16:23,974 - cmt.websocket - INFO - connect:49 - WebSocket connected (user_id=None). Total: 4
2026-01-12 17:16:23,975 - cmt.websocket - INFO - websocket_devices:188 - WebSocket client disconnected normally
2026-01-12 17:16:23,975 - cmt.websocket - INFO - disconnect:62 - WebSocket disconnected. Total: 3
2026-01-12 17:16:26,981 - cmt.websocket - INFO - websocket_devices:188 - WebSocket client disconnected normally
2026-01-12 17:16:26,984 - cmt.websocket - INFO - disconnect:62 - WebSocket disconnected. Total: 2
2026-01-12 17:16:26,985 - cmt.websocket - INFO - connect:49 - WebSocket connected (user_id=None). Total: 3
2026-01-12 17:16:29,983 - cmt.websocket - INFO - connect:49 - WebSocket connected (user_id=None). Total: 4
2026-01-12 17:16:29,983 - cmt.websocket - INFO - websocket_devices:188 - WebSocket client disconnected normally
2026-01-12 17:16:29,984 - cmt.websocket - INFO - disconnect:62 - WebSocket disconnected. Total: 3
2026-01-12 17:16:32,985 - cmt.websocket - INFO - websocket_devices:188 - WebSocket client disconnected normally
2026-01-12 17:16:32,986 - cmt.websocket - INFO - disconnect:62 - WebSocket disconnected. Total: 2
2026-01-12 17:16:32,987 - cmt.websocket - INFO - connect:49 - WebSocket connected (user_id=None). Total: 3
2026-01-12 17:16:35,992 - cmt.websocket - INFO - connect:49 - WebSocket connected (user_id=None). Total: 4
2026-01-12 17:16:35,994 - cmt.websocket - INFO - websocket_devices:188 - WebSocket client disconnected normally
2026-01-12 17:16:35,995 - cmt.websocket - INFO - disconnect:62 - WebSocket disconnected. Total: 3
2026-01-12 17:16:38,994 - cmt.websocket - INFO - connect:49 - WebSocket connected (user_id=None). Total: 4
2026-01-12 17:16:38,996 - cmt.websocket - INFO - websocket_devices:188 - WebSocket client disconnected normally
2026-01-12 17:16:38,996 - cmt.websocket - INFO - disconnect:62 - WebSocket disconnected. Total: 3
2026-01-12 17:16:41,998 - cmt.websocket - INFO - connect:49 - WebSocket connected (user_id=None). Total: 4
2026-01-12 17:16:41,999 - cmt.websocket - INFO - websocket_devices:188 - WebSocket client disconnected normally
2026-01-12 17:16:42,000 - cmt.websocket - INFO - disconnect:62 - WebSocket disconnected. Total: 3
2026-01-12 17:16:45,001 - cmt.websocket - INFO - websocket_devices:188 - WebSocket client disconnected normally
2026-01-12 17:16:45,001 - cmt.websocket - INFO - disconnect:62 - WebSocket disconnected. Total: 2
2026-01-12 17:16:45,002 - cmt.websocket - INFO - connect:49 - WebSocket connected (user_id=None). Total: 3
2026-01-12 17:16:48,005 - cmt.websocket - INFO - connect:49 - WebSocket connected (user_id=None). Total: 4
2026-01-12 17:16:48,006 - cmt.websocket - INFO - websocket_devices:188 - WebSocket client disconnected normally
2026-01-12 17:16:48,006 - cmt.websocket - INFO - disconnect:62 - WebSocket disconnected. Total: 3
2026-01-12 17:16:51,009 - cmt.websocket - INFO - connect:49 - WebSocket connected (user_id=None). Total: 4
2026-01-12 17:16:51,010 - cmt.websocket - INFO - websocket_devices:188 - WebSocket client disconnected normally
2026-01-12 17:16:51,011 - cmt.websocket - INFO - disconnect:62 - WebSocket disconnected. Total: 3
2026-01-12 17:16:54,011 - cmt.websocket - INFO - websocket_devices:188 - WebSocket client disconnected normally
2026-01-12 17:16:54,011 - cmt.websocket - INFO - disconnect:62 - WebSocket disconnected. Total: 2
2026-01-12 17:16:54,012 - cmt.websocket - INFO - connect:49 - WebSocket connected (user_id=None). Total: 3
2026-01-12 17:16:57,015 - cmt.websocket - INFO - connect:49 - WebSocket connected (user_id=None). Total: 4
2026-01-12 17:16:57,018 - cmt.websocket - INFO - websocket_devices:188 - WebSocket client disconnected normally
2026-01-12 17:16:57,018 - cmt.websocket - INFO - disconnect:62 - WebSocket disconnected. Total: 3
2026-01-12 17:17:00,018 - cmt.websocket - INFO - connect:49 - WebSocket connected (user_id=None). Total: 4
2026-01-12 17:17:00,019 - cmt.websocket - INFO - websocket_devices:188 - WebSocket client disconnected normally
2026-01-12 17:17:00,019 - cmt.websocket - INFO - disconnect:62 - WebSocket disconnected. Total: 3
2026-01-12 17:17:03,028 - cmt.websocket - INFO - connect:49 - WebSocket connected (user_id=None). Total: 4
2026-01-12 17:17:03,033 - cmt.websocket - INFO - websocket_devices:188 - WebSocket client disconnected normally
2026-01-12 17:17:03,033 - cmt.websocket - INFO - disconnect:62 - WebSocket disconnected. Total: 3
2026-01-12 17:17:06,030 - cmt.websocket - INFO - connect:49 - WebSocket connected (user_id=None). Total: 4
2026-01-12 17:17:06,033 - cmt.websocket - INFO - websocket_devices:188 - WebSocket client disconnected normally
2026-01-12 17:17:06,034 - cmt.websocket - INFO - disconnect:62 - WebSocket disconnected. Total: 3
2026-01-12 17:17:09,038 - cmt.websocket - INFO - connect:49 - WebSocket connected (user_id=None). Total: 4
2026-01-12 17:17:09,040 - cmt.websocket - INFO - websocket_devices:188 - WebSocket client disconnected normally
2026-01-12 17:17:09,041 - cmt.websocket - INFO - disconnect:62 - WebSocket disconnected. Total: 3
2026-01-12 17:17:12,038 - cmt.websocket - INFO - websocket_devices:188 - WebSocket client disconnected normally
2026-01-12 17:17:12,040 - cmt.websocket - INFO - disconnect:62 - WebSocket disconnected. Total: 2
2026-01-12 17:17:12,053 - cmt.websocket - INFO - connect:49 - WebSocket connected (user_id=None). Total: 3
2026-01-12 17:17:15,045 - cmt.websocket - INFO - connect:49 - WebSocket connected (user_id=None). Total: 4
2026-01-12 17:17:15,047 - cmt.websocket - INFO - websocket_devices:188 - WebSocket client disconnected normally
2026-01-12 17:17:15,048 - cmt.websocket - INFO - disconnect:62 - WebSocket disconnected. Total: 3
2026-01-12 17:17:18,051 - cmt.websocket - INFO - connect:49 - WebSocket connected (user_id=None). Total: 4
2026-01-12 17:17:18,054 - cmt.websocket - INFO - websocket_devices:188 - WebSocket client disconnected normally
2026-01-12 17:17:18,055 - cmt.websocket - INFO - disconnect:62 - WebSocket disconnected. Total: 3
2026-01-12 17:17:21,058 - cmt.websocket - INFO - connect:49 - WebSocket connected (user_id=None). Total: 4
2026-01-12 17:17:21,060 - cmt.websocket - INFO - websocket_devices:188 - WebSocket client disconnected normally
2026-01-12 17:17:21,060 - cmt.websocket - INFO - disconnect:62 - WebSocket disconnected. Total: 3
2026-01-12 17:17:24,059 - cmt.websocket - INFO - websocket_devices:188 - WebSocket client disconnected normally
2026-01-12 17:17:24,059 - cmt.websocket - INFO - disconnect:62 - WebSocket disconnected. Total: 2
2026-01-12 17:17:24,060 - cmt.websocket - INFO - connect:49 - WebSocket connected (user_id=None). Total: 3
2026-01-12 17:17:27,061 - cmt.websocket - INFO - websocket_devices:188 - WebSocket client disconnected normally
2026-01-12 17:17:27,061 - cmt.websocket - INFO - disconnect:62 - WebSocket disconnected. Total: 2
2026-01-12 17:17:27,062 - cmt.websocket - INFO - connect:49 - WebSocket connected (user_id=None). Total: 3
2026-01-12 17:17:30,065 - cmt.websocket - INFO - connect:49 - WebSocket connected (user_id=None). Total: 4
2026-01-12 17:17:30,066 - cmt.websocket - INFO - websocket_devices:188 - WebSocket client disconnected normally
2026-01-12 17:17:30,066 - cmt.websocket - INFO - disconnect:62 - WebSocket disconnected. Total: 3
2026-01-12 17:17:33,067 - cmt.websocket - INFO - connect:49 - WebSocket connected (user_id=None). Total: 4
2026-01-12 17:17:33,068 - cmt.websocket - INFO - websocket_devices:188 - WebSocket client disconnected normally
2026-01-12 17:17:33,068 - cmt.websocket - INFO - disconnect:62 - WebSocket disconnected. Total: 3
2026-01-12 17:17:36,071 - cmt.websocket - INFO - connect:49 - WebSocket connected (user_id=None). Total: 4
2026-01-12 17:17:36,071 - cmt.websocket - INFO - websocket_devices:188 - WebSocket client disconnected normally
2026-01-12 17:17:36,072 - cmt.websocket - INFO - disconnect:62 - WebSocket disconnected. Total: 3
2026-01-12 17:17:39,079 - cmt.websocket - INFO - connect:49 - WebSocket connected (user_id=None). Total: 4
2026-01-12 17:17:39,082 - cmt.websocket - INFO - websocket_devices:188 - WebSocket client disconnected normally
2026-01-12 17:17:39,082 - cmt.websocket - INFO - disconnect:62 - WebSocket disconnected. Total: 3
2026-01-12 17:17:42,082 - cmt.websocket - INFO - websocket_devices:188 - WebSocket client disconnected normally
2026-01-12 17:17:42,082 - cmt.websocket - INFO - disconnect:62 - WebSocket disconnected. Total: 2
2026-01-12 17:17:42,083 - cmt.websocket - INFO - connect:49 - WebSocket connected (user_id=None). Total: 3
2026-01-12 17:17:45,915 - cmt.websocket - INFO - websocket_devices:188 - WebSocket client disconnected normally
2026-01-12 17:17:45,916 - cmt.websocket - INFO - disconnect:62 - WebSocket disconnected. Total: 2
2026-01-12 17:17:45,918 - cmt.websocket - INFO - connect:49 - WebSocket connected (user_id=None). Total: 3
2026-01-12 17:17:49,911 - cmt.websocket - INFO - connect:49 - WebSocket connected (user_id=None). Total: 4
2026-01-12 17:17:49,912 - cmt.websocket - INFO - websocket_devices:188 - WebSocket client disconnected normally
2026-01-12 17:17:49,913 - cmt.websocket - INFO - disconnect:62 - WebSocket disconnected. Total: 3
2026-01-12 17:17:52,972 - cmt.websocket - INFO - connect:49 - WebSocket connected (user_id=None). Total: 4
2026-01-12 17:17:52,973 - cmt.websocket - INFO - websocket_devices:188 - WebSocket client disconnected normally
2026-01-12 17:17:52,973 - cmt.websocket - INFO - disconnect:62 - WebSocket disconnected. Total: 3
2026-01-12 17:17:56,912 - cmt.websocket - INFO - connect:49 - WebSocket connected (user_id=None). Total: 4
2026-01-12 17:17:56,913 - cmt.websocket - INFO - websocket_devices:188 - WebSocket client disconnected normally
2026-01-12 17:17:56,913 - cmt.websocket - INFO - disconnect:62 - WebSocket disconnected. Total: 3
2026-01-12 17:17:59,914 - cmt.websocket - INFO - websocket_devices:188 - WebSocket client disconnected normally
2026-01-12 17:17:59,915 - cmt.websocket - INFO - disconnect:62 - WebSocket disconnected. Total: 2
2026-01-12 17:17:59,916 - cmt.websocket - INFO - connect:49 - WebSocket connected (user_id=None). Total: 3
2026-01-12 17:18:03,911 - cmt.websocket - INFO - connect:49 - WebSocket connected (user_id=None). Total: 4
2026-01-12 17:18:03,913 - cmt.websocket - INFO - websocket_devices:188 - WebSocket client disconnected normally
2026-01-12 17:18:03,913 - cmt.websocket - INFO - disconnect:62 - WebSocket disconnected. Total: 3
2026-01-12 17:18:07,914 - cmt.websocket - INFO - connect:49 - WebSocket connected (user_id=None). Total: 4
2026-01-12 17:18:07,915 - cmt.websocket - INFO - websocket_devices:188 - WebSocket client disconnected normally
2026-01-12 17:18:07,916 - cmt.websocket - INFO - disconnect:62 - WebSocket disconnected. Total: 3
2026-01-12 17:18:11,927 - cmt.websocket - INFO - connect:49 - WebSocket connected (user_id=None). Total: 4
2026-01-12 17:18:11,931 - cmt.websocket - INFO - websocket_devices:188 - WebSocket client disconnected normally
2026-01-12 17:18:11,931 - cmt.websocket - INFO - disconnect:62 - WebSocket disconnected. Total: 3
2026-01-12 17:18:15,914 - cmt.websocket - INFO - connect:49 - WebSocket connected (user_id=None). Total: 4
2026-01-12 17:18:15,915 - cmt.websocket - INFO - websocket_devices:188 - WebSocket client disconnected normally
2026-01-12 17:18:15,916 - cmt.websocket - INFO - disconnect:62 - WebSocket disconnected. Total: 3
2026-01-12 17:18:18,916 - cmt.websocket - INFO - connect:49 - WebSocket connected (user_id=None). Total: 4
2026-01-12 17:18:18,918 - cmt.websocket - INFO - websocket_devices:188 - WebSocket client disconnected normally
2026-01-12 17:18:18,919 - cmt.websocket - INFO - disconnect:62 - WebSocket disconnected. Total: 3
2026-01-12 17:18:21,917 - cmt.websocket - INFO - websocket_devices:188 - WebSocket client disconnected normally
2026-01-12 17:18:21,918 - cmt.websocket - INFO - disconnect:62 - WebSocket disconnected. Total: 2
2026-01-12 17:18:21,919 - cmt.websocket - INFO - connect:49 - WebSocket connected (user_id=None). Total: 3
2026-01-12 17:18:24,924 - cmt.websocket - INFO - connect:49 - WebSocket connected (user_id=None). Total: 4
2026-01-12 17:18:24,926 - cmt.websocket - INFO - websocket_devices:188 - WebSocket client disconnected normally
2026-01-12 17:18:24,926 - cmt.websocket - INFO - disconnect:62 - WebSocket disconnected. Total: 3
2026-01-12 17:18:27,929 - cmt.websocket - INFO - connect:49 - WebSocket connected (user_id=None). Total: 4
2026-01-12 17:18:27,932 - cmt.websocket - INFO - websocket_devices:188 - WebSocket client disconnected normally
2026-01-12 17:18:27,933 - cmt.websocket - INFO - disconnect:62 - WebSocket disconnected. Total: 3
2026-01-12 17:18:30,934 - cmt.websocket - INFO - connect:49 - WebSocket connected (user_id=None). Total: 4
2026-01-12 17:18:30,938 - cmt.websocket - INFO - websocket_devices:188 - WebSocket client disconnected normally
2026-01-12 17:18:30,940 - cmt.websocket - INFO - disconnect:62 - WebSocket disconnected. Total: 3
2026-01-12 17:18:33,938 - cmt.websocket - INFO - connect:49 - WebSocket connected (user_id=None). Total: 4
2026-01-12 17:18:33,942 - cmt.websocket - INFO - websocket_devices:188 - WebSocket client disconnected normally
2026-01-12 17:18:33,943 - cmt.websocket - INFO - disconnect:62 - WebSocket disconnected. Total: 3
2026-01-12 17:18:36,778 - cmt.retry - WARNING - wrapper:58 - _connect_to_f5 attempt 2/3 failed: HTTPSConnectionPool(host='172.20.188.52', port=443): Max retries exceeded with url: /mgmt/shared/authn/login (Caused by ConnectTimeoutError(<urllib3.connection.HTTPSConnection object at 0xffffb7e32190>, 'Connection to 172.20.188.52 timed out. (connect timeout=None)')). Retrying in 4.0s...
2026-01-12 17:18:36,940 - cmt.websocket - INFO - connect:49 - WebSocket connected (user_id=None). Total: 4
2026-01-12 17:18:36,942 - cmt.websocket - INFO - websocket_devices:188 - WebSocket client disconnected normally
2026-01-12 17:18:36,942 - cmt.websocket - INFO - disconnect:62 - WebSocket disconnected. Total: 3
2026-01-12 17:18:39,226 - cmt.websocket - INFO - websocket_devices:188 - WebSocket client disconnected normally
2026-01-12 17:18:39,226 - cmt.websocket - INFO - disconnect:62 - WebSocket disconnected. Total: 2
2026-01-12 17:20:39,073 - cmt.f5 - INFO - _connect_to_f5:348 - Successfully connected to F5: 10.119.36.50
2026-01-12 17:20:39,075 - cmt.f5 - INFO - get_expired_certificates_with_profiles:1878 - Building SSL profile mapping for 10.119.36.50...
2026-01-12 17:20:40,195 - cmt.f5 - INFO - get_expired_certificates_with_profiles:1880 - Found 13 certificates with SSL profiles
2026-01-12 17:20:46,761 - cmt.f5 - INFO - get_expired_certificates_with_profiles:1929 - Found 15 expired certificates on 10.119.36.50
2026-01-12 17:20:56,011 - cmt.retry - ERROR - wrapper:47 - _connect_to_f5 failed after 3 attempts: HTTPSConnectionPool(host='172.20.188.52', port=443): Max retries exceeded with url: /mgmt/shared/authn/login (Caused by ConnectTimeoutError(<urllib3.connection.HTTPSConnection object at 0xffffb7fd9e50>, 'Connection to 172.20.188.52 timed out. (connect timeout=None)'))
2026-01-12 17:20:56,018 - cmt.f5 - ERROR - _perform_scan:570 - [TIMEOUT] Connection timed out for axrudc10lb150.network.axadmin.net (172.20.188.52). Device may be unreachable or overloaded.
Traceback (most recent call last):
  File "/usr/local/lib/python3.11/site-packages/urllib3/connection.py", line 174, in _new_conn
    conn = connection.create_connection(
           ^^^^^^^^^^^^^^^^^^^^^^^^^^^^^
  File "/usr/local/lib/python3.11/site-packages/urllib3/util/connection.py", line 95, in create_connection
    raise err
  File "/usr/local/lib/python3.11/site-packages/urllib3/util/connection.py", line 85, in create_connection
    sock.connect(sa)
TimeoutError: [Errno 110] Connection timed out

During handling of the above exception, another exception occurred:

Traceback (most recent call last):
  File "/usr/local/lib/python3.11/site-packages/urllib3/connectionpool.py", line 715, in urlopen
    httplib_response = self._make_request(
                       ^^^^^^^^^^^^^^^^^^^
  File "/usr/local/lib/python3.11/site-packages/urllib3/connectionpool.py", line 404, in _make_request
    self._validate_conn(conn)
  File "/usr/local/lib/python3.11/site-packages/urllib3/connectionpool.py", line 1058, in _validate_conn
    conn.connect()
  File "/usr/local/lib/python3.11/site-packages/urllib3/connection.py", line 363, in connect
    self.sock = conn = self._new_conn()
                       ^^^^^^^^^^^^^^^^
  File "/usr/local/lib/python3.11/site-packages/urllib3/connection.py", line 179, in _new_conn
    raise ConnectTimeoutError(
urllib3.exceptions.ConnectTimeoutError: (<urllib3.connection.HTTPSConnection object at 0xffffb7fd9e50>, 'Connection to 172.20.188.52 timed out. (connect timeout=None)')

During handling of the above exception, another exception occurred:

Traceback (most recent call last):
  File "/usr/local/lib/python3.11/site-packages/requests/adapters.py", line 486, in send
    resp = conn.urlopen(
           ^^^^^^^^^^^^^
  File "/usr/local/lib/python3.11/site-packages/urllib3/connectionpool.py", line 799, in urlopen
    retries = retries.increment(
              ^^^^^^^^^^^^^^^^^^
  File "/usr/local/lib/python3.11/site-packages/urllib3/util/retry.py", line 592, in increment
    raise MaxRetryError(_pool, url, error or ResponseError(cause))
urllib3.exceptions.MaxRetryError: HTTPSConnectionPool(host='172.20.188.52', port=443): Max retries exceeded with url: /mgmt/shared/authn/login (Caused by ConnectTimeoutError(<urllib3.connection.HTTPSConnection object at 0xffffb7fd9e50>, 'Connection to 172.20.188.52 timed out. (connect timeout=None)'))

During handling of the above exception, another exception occurred:

Traceback (most recent call last):
  File "/app/services/f5_service_logic.py", line 411, in _perform_scan
    mgmt = _connect_to_f5(device.ip_address, username, password)
           ^^^^^^^^^^^^^^^^^^^^^^^^^^^^^^^^^^^^^^^^^^^^^^^^^^^^^
  File "/app/core/retry.py", line 42, in wrapper
    return func(*args, **kwargs)
           ^^^^^^^^^^^^^^^^^^^^^
  File "/app/services/f5_service_logic.py", line 347, in _connect_to_f5
    mgmt = ManagementRoot(hostname, username, password, token=True)
           ^^^^^^^^^^^^^^^^^^^^^^^^^^^^^^^^^^^^^^^^^^^^^^^^^^^^^^^^
  File "/usr/local/lib/python3.11/site-packages/f5/bigip/__init__.py", line 183, in __init__
    self.post_configuration_setup()
  File "/usr/local/lib/python3.11/site-packages/f5/bigip/__init__.py", line 119, in post_configuration_setup
    self._get_tmos_version()
  File "/usr/local/lib/python3.11/site-packages/f5/bigip/__init__.py", line 138, in _get_tmos_version
    response = connect.get(base_uri)
               ^^^^^^^^^^^^^^^^^^^^^
  File "/usr/local/lib/python3.11/site-packages/icontrol/session.py", line 281, in wrapper
    response = method(self, REST_uri, **kwargs)
               ^^^^^^^^^^^^^^^^^^^^^^^^^^^^^^^^
  File "/usr/local/lib/python3.11/site-packages/icontrol/session.py", line 524, in get
    prepared = self.session.prepare_request(req)
               ^^^^^^^^^^^^^^^^^^^^^^^^^^^^^^^^^
  File "/usr/local/lib/python3.11/site-packages/requests/sessions.py", line 486, in prepare_request
    p.prepare(
  File "/usr/local/lib/python3.11/site-packages/requests/models.py", line 372, in prepare
    self.prepare_auth(auth, url)
  File "/usr/local/lib/python3.11/site-packages/requests/models.py", line 603, in prepare_auth
    r = auth(self)
        ^^^^^^^^^^
  File "/usr/local/lib/python3.11/site-packages/icontrol/authtoken.py", line 254, in __call__
    self.get_new_token(netloc)
  File "/usr/local/lib/python3.11/site-packages/icontrol/authtoken.py", line 146, in get_new_token
    response = requests.post(
               ^^^^^^^^^^^^^^
  File "/usr/local/lib/python3.11/site-packages/requests/api.py", line 115, in post
    return request("post", url, data=data, json=json, **kwargs)
           ^^^^^^^^^^^^^^^^^^^^^^^^^^^^^^^^^^^^^^^^^^^^^^^^^^^^
  File "/usr/local/lib/python3.11/site-packages/requests/api.py", line 59, in request
    return session.request(method=method, url=url, **kwargs)
           ^^^^^^^^^^^^^^^^^^^^^^^^^^^^^^^^^^^^^^^^^^^^^^^^^
  File "/usr/local/lib/python3.11/site-packages/requests/sessions.py", line 589, in request
    resp = self.send(prep, **send_kwargs)
           ^^^^^^^^^^^^^^^^^^^^^^^^^^^^^^
  File "/usr/local/lib/python3.11/site-packages/requests/sessions.py", line 703, in send
    r = adapter.send(request, **kwargs)
        ^^^^^^^^^^^^^^^^^^^^^^^^^^^^^^^
  File "/usr/local/lib/python3.11/site-packages/requests/adapters.py", line 507, in send
    raise ConnectTimeout(e, request=request)
requests.exceptions.ConnectTimeout: HTTPSConnectionPool(host='172.20.188.52', port=443): Max retries exceeded with url: /mgmt/shared/authn/login (Caused by ConnectTimeoutError(<urllib3.connection.HTTPSConnection object at 0xffffb7fd9e50>, 'Connection to 172.20.188.52 timed out. (connect timeout=None)'))

2026-01-12 17:22:29,363 - cmt.api - WARNING - direct_cleanup_certificates:508 - Could not create snapshot for www.audanet.by_crt_29072020.crt: No module named 'services.credential_service'
2026-01-12 17:22:31,811 - cmt.f5 - INFO - _connect_to_f5:348 - Successfully connected to F5: 10.119.36.50
2026-01-12 17:22:34,529 - cmt.f5 - INFO - _connect_to_f5:348 - Successfully connected to F5: 10.119.36.50
2026-01-12 17:22:35,604 - cmt.f5 - INFO - delete_certificate_from_f5:820 - Deleted certificate 'www.audanet.by_crt_29072020.crt' from 10.119.36.50
2026-01-12 17:22:35,952 - cmt.f5 - INFO - delete_certificate_from_f5:840 - Key 'www.audanet.by_crt_29072020' not found on 10.119.36.50 (this is OK - may be shared or not exist)
2026-01-12 17:22:35,975 - cmt.api - INFO - direct_cleanup_certificates:665 - Deleted certificate www.audanet.by_crt_29072020.crt from local database
2026-01-12 17:22:35,980 - cmt.api - ERROR - direct_cleanup_certificates:691 - Failed to delete www.audanet.by_crt_29072020.crt: (psycopg2.errors.InvalidTextRepresentation) invalid input value for enum auditaction: "cleanup_delete"
LINE 1: ...01-12T17:22:35.976315'::timestamp, 'admin', NULL, 'cleanup_d...
                                                             ^

[SQL: INSERT INTO audit_logs (timestamp, username, user_id, action, result, resource_type, resource_id, resource_name, device_id, device_hostname, description, details, error_message, ip_address, user_agent) VALUES (%(timestamp)s, %(username)s, %(user_id)s, %(action)s, %(result)s, %(resource_type)s, %(resource_id)s, %(resource_name)s, %(device_id)s, %(device_hostname)s, %(description)s, %(details)s, %(error_message)s, %(ip_address)s, %(user_agent)s) RETURNING audit_logs.id]
[parameters: {'timestamp': datetime.datetime(2026, 1, 12, 17, 22, 35, 976315), 'username': 'admin', 'user_id': None, 'action': 'cleanup_delete', 'result': 'success', 'resource_type': 'certificate', 'resource_id': 3976, 'resource_name': 'www.audanet.by_crt_29072020.crt', 'device_id': None, 'device_hostname': 'rudc10-lb-001.network.axadmin.net', 'description': 'Deleted certificate www.audanet.by_crt_29072020.crt from F5 and local DB via cleanup tool', 'details': None, 'error_message': None, 'ip_address': None, 'user_agent': None}]
(Background on this error at: https://sqlalche.me/e/20/9h9h)
2026-01-12 17:22:40,838 - cmt.f5 - INFO - _connect_to_f5:348 - Successfully connected to F5: 10.119.36.50
2026-01-12 17:22:40,838 - cmt.f5 - INFO - get_expired_certificates_with_profiles:1878 - Building SSL profile mapping for 10.119.36.50...
2026-01-12 17:22:41,894 - cmt.f5 - INFO - get_expired_certificates_with_profiles:1880 - Found 13 certificates with SSL profiles
2026-01-12 17:22:48,029 - cmt.f5 - INFO - get_expired_certificates_with_profiles:1929 - Found 14 expired certificates on 10.119.36.50
2026-01-12 17:24:19,926 - cmt.websocket - INFO - connect:49 - WebSocket connected (user_id=1). Total: 3
2026-01-12 17:24:19,952 - cmt.websocket - INFO - websocket_notifications:276 - Notification WebSocket disconnected (user_id=1)
2026-01-12 17:24:19,953 - cmt.websocket - INFO - disconnect:62 - WebSocket disconnected. Total: 2
2026-01-12 17:24:19,957 - cmt.websocket - INFO - connect:49 - WebSocket connected (user_id=1). Total: 3
2026-01-12 17:24:21,222 - cmt.websocket - INFO - connect:49 - WebSocket connected (user_id=None). Total: 4
2026-01-12 17:24:21,238 - cmt.websocket - INFO - connect:49 - WebSocket connected (user_id=None). Total: 5
2026-01-12 17:24:21,297 - cmt.websocket - INFO - websocket_devices:188 - WebSocket client disconnected normally
2026-01-12 17:24:21,298 - cmt.websocket - INFO - disconnect:62 - WebSocket disconnected. Total: 4
2026-01-12 17:24:22,898 - cmt.websocket - INFO - connect:49 - WebSocket connected (user_id=1). Total: 5
2026-01-12 17:24:24,299 - cmt.websocket - INFO - websocket_devices:188 - WebSocket client disconnected normally
2026-01-12 17:24:24,299 - cmt.websocket - INFO - disconnect:62 - WebSocket disconnected. Total: 4
2026-01-12 17:24:24,299 - cmt.websocket - INFO - connect:49 - WebSocket connected (user_id=None). Total: 5
2026-01-12 17:24:27,358 - cmt.websocket - INFO - websocket_devices:188 - WebSocket client disconnected normally
2026-01-12 17:24:27,359 - cmt.websocket - INFO - disconnect:62 - WebSocket disconnected. Total: 4
2026-01-12 17:24:27,361 - cmt.websocket - INFO - connect:49 - WebSocket connected (user_id=None). Total: 5
2026-01-12 17:24:30,387 - cmt.websocket - INFO - connect:49 - WebSocket connected (user_id=None). Total: 6
2026-01-12 17:24:30,389 - cmt.websocket - INFO - websocket_devices:188 - WebSocket client disconnected normally
2026-01-12 17:24:30,390 - cmt.websocket - INFO - disconnect:62 - WebSocket disconnected. Total: 5
2026-01-12 17:24:33,876 - cmt.websocket - INFO - websocket_devices:188 - WebSocket client disconnected normally
2026-01-12 17:24:33,877 - cmt.websocket - INFO - disconnect:62 - WebSocket disconnected. Total: 4
2026-01-12 17:24:33,878 - cmt.websocket - INFO - connect:49 - WebSocket connected (user_id=None). Total: 5
2026-01-12 17:24:37,875 - cmt.websocket - INFO - connect:49 - WebSocket connected (user_id=None). Total: 6
2026-01-12 17:24:37,876 - cmt.websocket - INFO - websocket_devices:188 - WebSocket client disconnected normally
2026-01-12 17:24:37,876 - cmt.websocket - INFO - disconnect:62 - WebSocket disconnected. Total: 5
2026-01-12 17:24:41,875 - cmt.websocket - INFO - websocket_devices:188 - WebSocket client disconnected normally
2026-01-12 17:24:41,875 - cmt.websocket - INFO - disconnect:62 - WebSocket disconnected. Total: 4
2026-01-12 17:24:41,876 - cmt.websocket - INFO - connect:49 - WebSocket connected (user_id=None). Total: 5
2026-01-12 17:24:45,876 - cmt.websocket - INFO - connect:49 - WebSocket connected (user_id=None). Total: 6
2026-01-12 17:24:45,877 - cmt.websocket - INFO - websocket_devices:188 - WebSocket client disconnected normally
2026-01-12 17:24:45,878 - cmt.websocket - INFO - disconnect:62 - WebSocket disconnected. Total: 5
2026-01-12 17:24:49,888 - cmt.websocket - INFO - connect:49 - WebSocket connected (user_id=None). Total: 6
2026-01-12 17:24:49,889 - cmt.websocket - INFO - websocket_devices:188 - WebSocket client disconnected normally
2026-01-12 17:24:49,890 - cmt.websocket - INFO - disconnect:62 - WebSocket disconnected. Total: 5
2026-01-12 17:24:53,873 - cmt.websocket - INFO - connect:49 - WebSocket connected (user_id=None). Total: 6
2026-01-12 17:24:53,874 - cmt.websocket - INFO - websocket_devices:188 - WebSocket client disconnected normally
2026-01-12 17:24:53,875 - cmt.websocket - INFO - disconnect:62 - WebSocket disconnected. Total: 5
2026-01-12 17:24:57,875 - cmt.websocket - INFO - connect:49 - WebSocket connected (user_id=None). Total: 6
2026-01-12 17:24:57,877 - cmt.websocket - INFO - websocket_devices:188 - WebSocket client disconnected normally
2026-01-12 17:24:57,877 - cmt.websocket - INFO - disconnect:62 - WebSocket disconnected. Total: 5
2026-01-12 17:25:01,876 - cmt.websocket - INFO - connect:49 - WebSocket connected (user_id=None). Total: 6
2026-01-12 17:25:01,880 - cmt.websocket - INFO - websocket_devices:188 - WebSocket client disconnected normally
2026-01-12 17:25:01,882 - cmt.websocket - INFO - disconnect:62 - WebSocket disconnected. Total: 5
2026-01-12 17:25:05,875 - cmt.websocket - INFO - connect:49 - WebSocket connected (user_id=None). Total: 6
2026-01-12 17:25:05,879 - cmt.websocket - INFO - websocket_devices:188 - WebSocket client disconnected normally
2026-01-12 17:25:05,881 - cmt.websocket - INFO - disconnect:62 - WebSocket disconnected. Total: 5
2026-01-12 17:25:09,876 - cmt.websocket - INFO - connect:49 - WebSocket connected (user_id=None). Total: 6
2026-01-12 17:25:09,878 - cmt.websocket - INFO - websocket_devices:188 - WebSocket client disconnected normally
2026-01-12 17:25:09,879 - cmt.websocket - INFO - disconnect:62 - WebSocket disconnected. Total: 5
2026-01-12 17:25:13,876 - cmt.websocket - INFO - connect:49 - WebSocket connected (user_id=None). Total: 6
2026-01-12 17:25:13,885 - cmt.websocket - INFO - websocket_devices:188 - WebSocket client disconnected normally
2026-01-12 17:25:13,885 - cmt.websocket - INFO - disconnect:62 - WebSocket disconnected. Total: 5
2026-01-12 17:25:17,873 - cmt.websocket - INFO - connect:49 - WebSocket connected (user_id=None). Total: 6
2026-01-12 17:25:17,874 - cmt.websocket - INFO - websocket_devices:188 - WebSocket client disconnected normally
2026-01-12 17:25:17,874 - cmt.websocket - INFO - disconnect:62 - WebSocket disconnected. Total: 5
2026-01-12 17:25:21,872 - cmt.websocket - INFO - connect:49 - WebSocket connected (user_id=None). Total: 6
2026-01-12 17:25:21,874 - cmt.websocket - INFO - websocket_devices:188 - WebSocket client disconnected normally
2026-01-12 17:25:21,874 - cmt.websocket - INFO - disconnect:62 - WebSocket disconnected. Total: 5
2026-01-12 17:25:25,874 - cmt.websocket - INFO - connect:49 - WebSocket connected (user_id=None). Total: 6
2026-01-12 17:25:25,876 - cmt.websocket - INFO - websocket_devices:188 - WebSocket client disconnected normally
2026-01-12 17:25:25,876 - cmt.websocket - INFO - disconnect:62 - WebSocket disconnected. Total: 5
2026-01-12 17:25:29,875 - cmt.websocket - INFO - connect:49 - WebSocket connected (user_id=None). Total: 6
2026-01-12 17:25:29,877 - cmt.websocket - INFO - websocket_devices:188 - WebSocket client disconnected normally
2026-01-12 17:25:29,878 - cmt.websocket - INFO - disconnect:62 - WebSocket disconnected. Total: 5
2026-01-12 17:25:33,876 - cmt.websocket - INFO - connect:49 - WebSocket connected (user_id=None). Total: 6
2026-01-12 17:25:33,880 - cmt.websocket - INFO - websocket_devices:188 - WebSocket client disconnected normally
2026-01-12 17:25:33,881 - cmt.websocket - INFO - disconnect:62 - WebSocket disconnected. Total: 5
2026-01-12 17:25:37,883 - cmt.websocket - INFO - connect:49 - WebSocket connected (user_id=None). Total: 6
2026-01-12 17:25:37,887 - cmt.websocket - INFO - websocket_devices:188 - WebSocket client disconnected normally
2026-01-12 17:25:37,887 - cmt.websocket - INFO - disconnect:62 - WebSocket disconnected. Total: 5
2026-01-12 17:25:41,876 - cmt.websocket - INFO - connect:49 - WebSocket connected (user_id=None). Total: 6
2026-01-12 17:25:41,878 - cmt.websocket - INFO - websocket_devices:188 - WebSocket client disconnected normally
2026-01-12 17:25:41,878 - cmt.websocket - INFO - disconnect:62 - WebSocket disconnected. Total: 5
2026-01-12 17:25:45,874 - cmt.websocket - INFO - websocket_devices:188 - WebSocket client disconnected normally
2026-01-12 17:25:45,875 - cmt.websocket - INFO - disconnect:62 - WebSocket disconnected. Total: 4
2026-01-12 17:25:45,877 - cmt.websocket - INFO - connect:49 - WebSocket connected (user_id=None). Total: 5
2026-01-12 17:25:49,873 - cmt.websocket - INFO - connect:49 - WebSocket connected (user_id=None). Total: 6
2026-01-12 17:25:49,875 - cmt.websocket - INFO - websocket_devices:188 - WebSocket client disconnected normally
2026-01-12 17:25:49,876 - cmt.websocket - INFO - disconnect:62 - WebSocket disconnected. Total: 5
2026-01-12 17:25:52,903 - cmt.websocket - INFO - connect:49 - WebSocket connected (user_id=None). Total: 6
2026-01-12 17:25:52,904 - cmt.websocket - INFO - websocket_devices:188 - WebSocket client disconnected normally
2026-01-12 17:25:52,905 - cmt.websocket - INFO - disconnect:62 - WebSocket disconnected. Total: 5
2026-01-12 17:25:56,874 - cmt.websocket - INFO - connect:49 - WebSocket connected (user_id=None). Total: 6
2026-01-12 17:25:56,875 - cmt.websocket - INFO - websocket_devices:188 - WebSocket client disconnected normally
2026-01-12 17:25:56,875 - cmt.websocket - INFO - disconnect:62 - WebSocket disconnected. Total: 5
2026-01-12 17:26:00,872 - cmt.websocket - INFO - connect:49 - WebSocket connected (user_id=None). Total: 6
2026-01-12 17:26:00,873 - cmt.websocket - INFO - websocket_devices:188 - WebSocket client disconnected normally
2026-01-12 17:26:00,874 - cmt.websocket - INFO - disconnect:62 - WebSocket disconnected. Total: 5
2026-01-12 17:26:04,872 - cmt.websocket - INFO - connect:49 - WebSocket connected (user_id=None). Total: 6
2026-01-12 17:26:04,874 - cmt.websocket - INFO - websocket_devices:188 - WebSocket client disconnected normally
2026-01-12 17:26:04,874 - cmt.websocket - INFO - disconnect:62 - WebSocket disconnected. Total: 5
2026-01-12 17:26:08,872 - cmt.websocket - INFO - connect:49 - WebSocket connected (user_id=None). Total: 6
2026-01-12 17:26:08,874 - cmt.websocket - INFO - websocket_devices:188 - WebSocket client disconnected normally
2026-01-12 17:26:08,874 - cmt.websocket - INFO - disconnect:62 - WebSocket disconnected. Total: 5
2026-01-12 17:26:12,876 - cmt.websocket - INFO - connect:49 - WebSocket connected (user_id=None). Total: 6
2026-01-12 17:26:12,879 - cmt.websocket - INFO - websocket_devices:188 - WebSocket client disconnected normally
2026-01-12 17:26:12,880 - cmt.websocket - INFO - disconnect:62 - WebSocket disconnected. Total: 5
2026-01-12 17:26:16,872 - cmt.websocket - INFO - connect:49 - WebSocket connected (user_id=None). Total: 6
2026-01-12 17:26:16,873 - cmt.websocket - INFO - websocket_devices:188 - WebSocket client disconnected normally
2026-01-12 17:26:16,874 - cmt.websocket - INFO - disconnect:62 - WebSocket disconnected. Total: 5
2026-01-12 17:26:19,882 - cmt.websocket - INFO - connect:49 - WebSocket connected (user_id=None). Total: 6
2026-01-12 17:26:19,883 - cmt.websocket - INFO - websocket_devices:188 - WebSocket client disconnected normally
2026-01-12 17:26:19,884 - cmt.websocket - INFO - disconnect:62 - WebSocket disconnected. Total: 5
2026-01-12 17:26:23,875 - cmt.websocket - INFO - connect:49 - WebSocket connected (user_id=None). Total: 6
2026-01-12 17:26:23,876 - cmt.websocket - INFO - websocket_devices:188 - WebSocket client disconnected normally
2026-01-12 17:26:23,877 - cmt.websocket - INFO - disconnect:62 - WebSocket disconnected. Total: 5
2026-01-12 17:26:27,874 - cmt.websocket - INFO - connect:49 - WebSocket connected (user_id=None). Total: 6
2026-01-12 17:26:27,878 - cmt.websocket - INFO - websocket_devices:188 - WebSocket client disconnected normally
2026-01-12 17:26:27,879 - cmt.websocket - INFO - disconnect:62 - WebSocket disconnected. Total: 5
2026-01-12 17:26:31,878 - cmt.websocket - INFO - connect:49 - WebSocket connected (user_id=None). Total: 6
2026-01-12 17:26:31,880 - cmt.websocket - INFO - websocket_devices:188 - WebSocket client disconnected normally
2026-01-12 17:26:31,881 - cmt.websocket - INFO - disconnect:62 - WebSocket disconnected. Total: 5
2026-01-12 17:26:35,879 - cmt.websocket - INFO - connect:49 - WebSocket connected (user_id=None). Total: 6
2026-01-12 17:26:35,883 - cmt.websocket - INFO - websocket_devices:188 - WebSocket client disconnected normally
2026-01-12 17:26:35,884 - cmt.websocket - INFO - disconnect:62 - WebSocket disconnected. Total: 5
2026-01-12 17:26:39,878 - cmt.websocket - INFO - websocket_devices:188 - WebSocket client disconnected normally
2026-01-12 17:26:39,880 - cmt.websocket - INFO - disconnect:62 - WebSocket disconnected. Total: 4
2026-01-12 17:26:39,882 - cmt.websocket - INFO - connect:49 - WebSocket connected (user_id=None). Total: 5
2026-01-12 17:26:43,892 - cmt.websocket - INFO - connect:49 - WebSocket connected (user_id=None). Total: 6
2026-01-12 17:26:43,892 - cmt.websocket - INFO - websocket_devices:188 - WebSocket client disconnected normally
2026-01-12 17:26:43,893 - cmt.websocket - INFO - disconnect:62 - WebSocket disconnected. Total: 5
2026-01-12 17:26:47,873 - cmt.websocket - INFO - connect:49 - WebSocket connected (user_id=None). Total: 6
2026-01-12 17:26:47,874 - cmt.websocket - INFO - websocket_devices:188 - WebSocket client disconnected normally
2026-01-12 17:26:47,874 - cmt.websocket - INFO - disconnect:62 - WebSocket disconnected. Total: 5
2026-01-12 17:26:51,872 - cmt.websocket - INFO - websocket_devices:188 - WebSocket client disconnected normally
2026-01-12 17:26:51,873 - cmt.websocket - INFO - disconnect:62 - WebSocket disconnected. Total: 4
2026-01-12 17:26:51,874 - cmt.websocket - INFO - connect:49 - WebSocket connected (user_id=None). Total: 5
2026-01-12 17:26:55,871 - cmt.websocket - INFO - connect:49 - WebSocket connected (user_id=None). Total: 6
2026-01-12 17:26:55,872 - cmt.websocket - INFO - websocket_devices:188 - WebSocket client disconnected normally
2026-01-12 17:26:55,873 - cmt.websocket - INFO - disconnect:62 - WebSocket disconnected. Total: 5
2026-01-12 17:26:59,873 - cmt.websocket - INFO - connect:49 - WebSocket connected (user_id=None). Total: 6
2026-01-12 17:26:59,875 - cmt.websocket - INFO - websocket_devices:188 - WebSocket client disconnected normally
2026-01-12 17:26:59,875 - cmt.websocket - INFO - disconnect:62 - WebSocket disconnected. Total: 5
2026-01-12 17:27:03,871 - cmt.websocket - INFO - connect:49 - WebSocket connected (user_id=None). Total: 6
2026-01-12 17:27:03,872 - cmt.websocket - INFO - websocket_devices:188 - WebSocket client disconnected normally
2026-01-12 17:27:03,873 - cmt.websocket - INFO - disconnect:62 - WebSocket disconnected. Total: 5
2026-01-12 17:27:07,900 - cmt.websocket - INFO - connect:49 - WebSocket connected (user_id=None). Total: 6
2026-01-12 17:27:07,903 - cmt.websocket - INFO - websocket_devices:188 - WebSocket client disconnected normally
2026-01-12 17:27:07,904 - cmt.websocket - INFO - disconnect:62 - WebSocket disconnected. Total: 5
2026-01-12 17:27:11,875 - cmt.websocket - INFO - websocket_devices:188 - WebSocket client disconnected normally
2026-01-12 17:27:11,877 - cmt.websocket - INFO - disconnect:62 - WebSocket disconnected. Total: 4
2026-01-12 17:27:11,879 - cmt.websocket - INFO - connect:49 - WebSocket connected (user_id=None). Total: 5
2026-01-12 17:27:15,874 - cmt.websocket - INFO - connect:49 - WebSocket connected (user_id=None). Total: 6
2026-01-12 17:27:15,878 - cmt.websocket - INFO - websocket_devices:188 - WebSocket client disconnected normally
2026-01-12 17:27:15,878 - cmt.websocket - INFO - disconnect:62 - WebSocket disconnected. Total: 5
2026-01-12 17:27:19,882 - cmt.websocket - INFO - connect:49 - WebSocket connected (user_id=None). Total: 6
2026-01-12 17:27:19,887 - cmt.websocket - INFO - websocket_devices:188 - WebSocket client disconnected normally
2026-01-12 17:27:19,888 - cmt.websocket - INFO - disconnect:62 - WebSocket disconnected. Total: 5
2026-01-12 17:27:23,869 - cmt.websocket - INFO - websocket_devices:188 - WebSocket client disconnected normally
2026-01-12 17:27:23,870 - cmt.websocket - INFO - disconnect:62 - WebSocket disconnected. Total: 4
2026-01-12 17:27:23,871 - cmt.websocket - INFO - connect:49 - WebSocket connected (user_id=None). Total: 5
2026-01-12 17:27:27,869 - cmt.websocket - INFO - websocket_devices:188 - WebSocket client disconnected normally
2026-01-12 17:27:27,870 - cmt.websocket - INFO - disconnect:62 - WebSocket disconnected. Total: 4
2026-01-12 17:27:27,870 - cmt.websocket - INFO - connect:49 - WebSocket connected (user_id=None). Total: 5
2026-01-12 17:27:31,874 - cmt.websocket - INFO - connect:49 - WebSocket connected (user_id=None). Total: 6
2026-01-12 17:27:31,876 - cmt.websocket - INFO - websocket_devices:188 - WebSocket client disconnected normally
2026-01-12 17:27:31,877 - cmt.websocket - INFO - disconnect:62 - WebSocket disconnected. Total: 5
2026-01-12 17:27:35,878 - cmt.websocket - INFO - connect:49 - WebSocket connected (user_id=None). Total: 6
2026-01-12 17:27:35,883 - cmt.websocket - INFO - websocket_devices:188 - WebSocket client disconnected normally
2026-01-12 17:27:35,884 - cmt.websocket - INFO - disconnect:62 - WebSocket disconnected. Total: 5
2026-01-12 17:27:39,876 - cmt.websocket - INFO - connect:49 - WebSocket connected (user_id=None). Total: 6
2026-01-12 17:27:39,877 - cmt.websocket - INFO - websocket_devices:188 - WebSocket client disconnected normally
2026-01-12 17:27:39,878 - cmt.websocket - INFO - disconnect:62 - WebSocket disconnected. Total: 5
2026-01-12 17:27:43,871 - cmt.websocket - INFO - websocket_devices:188 - WebSocket client disconnected normally
2026-01-12 17:27:43,872 - cmt.websocket - INFO - disconnect:62 - WebSocket disconnected. Total: 4
2026-01-12 17:27:43,873 - cmt.websocket - INFO - connect:49 - WebSocket connected (user_id=None). Total: 5
2026-01-12 17:27:46,413 - cmt.api - WARNING - direct_cleanup_certificates:508 - Could not create snapshot for www.audanet.kz_crt_29072020.crt: No module named 'services.credential_service'
2026-01-12 17:27:47,871 - cmt.websocket - INFO - connect:49 - WebSocket connected (user_id=None). Total: 6
2026-01-12 17:27:47,874 - cmt.websocket - INFO - websocket_devices:188 - WebSocket client disconnected normally
2026-01-12 17:27:47,874 - cmt.websocket - INFO - disconnect:62 - WebSocket disconnected. Total: 5
2026-01-12 17:27:48,859 - cmt.f5 - INFO - _connect_to_f5:348 - Successfully connected to F5: 10.119.36.50
2026-01-12 17:27:51,791 - cmt.f5 - INFO - _connect_to_f5:348 - Successfully connected to F5: 10.119.36.50
2026-01-12 17:27:51,869 - cmt.websocket - INFO - connect:49 - WebSocket connected (user_id=None). Total: 6
2026-01-12 17:27:51,870 - cmt.websocket - INFO - websocket_devices:188 - WebSocket client disconnected normally
2026-01-12 17:27:51,871 - cmt.websocket - INFO - disconnect:62 - WebSocket disconnected. Total: 5
2026-01-12 17:27:52,517 - cmt.f5 - INFO - delete_certificate_from_f5:820 - Deleted certificate 'www.audanet.kz_crt_29072020.crt' from 10.119.36.50
2026-01-12 17:27:52,721 - cmt.f5 - INFO - delete_certificate_from_f5:840 - Key 'www.audanet.kz_crt_29072020' not found on 10.119.36.50 (this is OK - may be shared or not exist)
2026-01-12 17:27:52,737 - cmt.api - INFO - direct_cleanup_certificates:665 - Deleted certificate www.audanet.kz_crt_29072020.crt from local database
2026-01-12 17:27:52,741 - cmt.api - ERROR - direct_cleanup_certificates:691 - Failed to delete www.audanet.kz_crt_29072020.crt: (psycopg2.errors.InvalidTextRepresentation) invalid input value for enum auditaction: "cleanup_delete"
LINE 1: ...01-12T17:27:52.738476'::timestamp, 'admin', NULL, 'cleanup_d...
                                                             ^

[SQL: INSERT INTO audit_logs (timestamp, username, user_id, action, result, resource_type, resource_id, resource_name, device_id, device_hostname, description, details, error_message, ip_address, user_agent) VALUES (%(timestamp)s, %(username)s, %(user_id)s, %(action)s, %(result)s, %(resource_type)s, %(resource_id)s, %(resource_name)s, %(device_id)s, %(device_hostname)s, %(description)s, %(details)s, %(error_message)s, %(ip_address)s, %(user_agent)s) RETURNING audit_logs.id]
[parameters: {'timestamp': datetime.datetime(2026, 1, 12, 17, 27, 52, 738476), 'username': 'admin', 'user_id': None, 'action': 'cleanup_delete', 'result': 'success', 'resource_type': 'certificate', 'resource_id': 3978, 'resource_name': 'www.audanet.kz_crt_29072020.crt', 'device_id': None, 'device_hostname': 'rudc10-lb-001.network.axadmin.net', 'description': 'Deleted certificate www.audanet.kz_crt_29072020.crt from F5 and local DB via cleanup tool', 'details': None, 'error_message': None, 'ip_address': None, 'user_agent': None}]
(Background on this error at: https://sqlalche.me/e/20/9h9h)
2026-01-12 17:27:55,871 - cmt.websocket - INFO - connect:49 - WebSocket connected (user_id=None). Total: 6
2026-01-12 17:27:55,874 - cmt.websocket - INFO - websocket_devices:188 - WebSocket client disconnected normally
2026-01-12 17:27:55,875 - cmt.websocket - INFO - disconnect:62 - WebSocket disconnected. Total: 5
2026-01-12 17:27:57,526 - cmt.f5 - INFO - _connect_to_f5:348 - Successfully connected to F5: 10.119.36.50
2026-01-12 17:27:57,527 - cmt.f5 - INFO - get_expired_certificates_with_profiles:1878 - Building SSL profile mapping for 10.119.36.50...
2026-01-12 17:27:58,822 - cmt.f5 - INFO - get_expired_certificates_with_profiles:1880 - Found 13 certificates with SSL profiles
2026-01-12 17:27:59,872 - cmt.websocket - INFO - connect:49 - WebSocket connected (user_id=None). Total: 6
2026-01-12 17:27:59,874 - cmt.websocket - INFO - websocket_devices:188 - WebSocket client disconnected normally
2026-01-12 17:27:59,875 - cmt.websocket - INFO - disconnect:62 - WebSocket disconnected. Total: 5
2026-01-12 17:28:03,882 - cmt.websocket - INFO - connect:49 - WebSocket connected (user_id=None). Total: 6
2026-01-12 17:28:03,885 - cmt.websocket - INFO - websocket_devices:188 - WebSocket client disconnected normally
2026-01-12 17:28:03,886 - cmt.websocket - INFO - disconnect:62 - WebSocket disconnected. Total: 5
2026-01-12 17:28:06,845 - cmt.f5 - INFO - get_expired_certificates_with_profiles:1929 - Found 13 expired certificates on 10.119.36.50
2026-01-12 17:28:07,870 - cmt.websocket - INFO - connect:49 - WebSocket connected (user_id=None). Total: 6
2026-01-12 17:28:07,872 - cmt.websocket - INFO - websocket_devices:188 - WebSocket client disconnected normally
2026-01-12 17:28:07,872 - cmt.websocket - INFO - disconnect:62 - WebSocket disconnected. Total: 5
2026-01-12 17:28:11,873 - cmt.websocket - INFO - connect:49 - WebSocket connected (user_id=None). Total: 6
2026-01-12 17:28:11,874 - cmt.websocket - INFO - websocket_devices:188 - WebSocket client disconnected normally
2026-01-12 17:28:11,875 - cmt.websocket - INFO - disconnect:62 - WebSocket disconnected. Total: 5
2026-01-12 17:28:15,875 - cmt.websocket - INFO - connect:49 - WebSocket connected (user_id=None). Total: 6
2026-01-12 17:28:15,878 - cmt.websocket - INFO - websocket_devices:188 - WebSocket client disconnected normally
2026-01-12 17:28:15,878 - cmt.websocket - INFO - disconnect:62 - WebSocket disconnected. Total: 5
2026-01-12 17:28:19,874 - cmt.websocket - INFO - websocket_devices:188 - WebSocket client disconnected normally
2026-01-12 17:28:19,876 - cmt.websocket - INFO - disconnect:62 - WebSocket disconnected. Total: 4
2026-01-12 17:28:19,880 - cmt.websocket - INFO - connect:49 - WebSocket connected (user_id=None). Total: 5
2026-01-12 17:28:22,880 - cmt.websocket - INFO - connect:49 - WebSocket connected (user_id=None). Total: 6
2026-01-12 17:28:22,882 - cmt.websocket - INFO - websocket_devices:188 - WebSocket client disconnected normally
2026-01-12 17:28:22,882 - cmt.websocket - INFO - disconnect:62 - WebSocket disconnected. Total: 5
2026-01-12 17:28:26,871 - cmt.websocket - INFO - connect:49 - WebSocket connected (user_id=None). Total: 6
2026-01-12 17:28:26,873 - cmt.websocket - INFO - websocket_devices:188 - WebSocket client disconnected normally
2026-01-12 17:28:26,874 - cmt.websocket - INFO - disconnect:62 - WebSocket disconnected. Total: 5
2026-01-12 17:28:30,869 - cmt.websocket - INFO - connect:49 - WebSocket connected (user_id=None). Total: 6
2026-01-12 17:28:30,870 - cmt.websocket - INFO - websocket_devices:188 - WebSocket client disconnected normally
2026-01-12 17:28:30,871 - cmt.websocket - INFO - disconnect:62 - WebSocket disconnected. Total: 5
2026-01-12 17:28:34,873 - cmt.websocket - INFO - connect:49 - WebSocket connected (user_id=None). Total: 6
2026-01-12 17:28:34,875 - cmt.websocket - INFO - websocket_devices:188 - WebSocket client disconnected normally
2026-01-12 17:28:34,876 - cmt.websocket - INFO - disconnect:62 - WebSocket disconnected. Total: 5
2026-01-12 17:28:38,872 - cmt.websocket - INFO - connect:49 - WebSocket connected (user_id=None). Total: 6
2026-01-12 17:28:38,875 - cmt.websocket - INFO - websocket_devices:188 - WebSocket client disconnected normally
2026-01-12 17:28:38,877 - cmt.websocket - INFO - disconnect:62 - WebSocket disconnected. Total: 5
2026-01-12 17:28:42,869 - cmt.websocket - INFO - connect:49 - WebSocket connected (user_id=None). Total: 6
2026-01-12 17:28:42,871 - cmt.websocket - INFO - websocket_devices:188 - WebSocket client disconnected normally
2026-01-12 17:28:42,872 - cmt.websocket - INFO - disconnect:62 - WebSocket disconnected. Total: 5
2026-01-12 17:28:46,873 - cmt.websocket - INFO - connect:49 - WebSocket connected (user_id=None). Total: 6
2026-01-12 17:28:46,874 - cmt.websocket - INFO - websocket_devices:188 - WebSocket client disconnected normally
2026-01-12 17:28:46,874 - cmt.websocket - INFO - disconnect:62 - WebSocket disconnected. Total: 5
2026-01-12 17:28:50,041 - cmt.websocket - INFO - websocket_devices:188 - WebSocket client disconnected normally
2026-01-12 17:28:50,046 - cmt.websocket - INFO - disconnect:62 - WebSocket disconnected. Total: 4
2026-01-12 17:28:50,057 - cmt.websocket - INFO - connect:49 - WebSocket connected (user_id=None). Total: 5
2026-01-12 17:28:53,874 - cmt.websocket - INFO - connect:49 - WebSocket connected (user_id=None). Total: 6
2026-01-12 17:28:53,884 - cmt.websocket - INFO - websocket_devices:188 - WebSocket client disconnected normally
2026-01-12 17:28:53,885 - cmt.websocket - INFO - disconnect:62 - WebSocket disconnected. Total: 5
2026-01-12 17:28:57,869 - cmt.websocket - INFO - websocket_devices:188 - WebSocket client disconnected normally
2026-01-12 17:28:57,869 - cmt.websocket - INFO - disconnect:62 - WebSocket disconnected. Total: 4
2026-01-12 17:28:57,872 - cmt.websocket - INFO - connect:49 - WebSocket connected (user_id=None). Total: 5
2026-01-12 17:29:01,871 - cmt.websocket - INFO - connect:49 - WebSocket connected (user_id=None). Total: 6
2026-01-12 17:29:01,873 - cmt.websocket - INFO - websocket_devices:188 - WebSocket client disconnected normally
2026-01-12 17:29:01,873 - cmt.websocket - INFO - disconnect:62 - WebSocket disconnected. Total: 5
2026-01-12 17:29:05,873 - cmt.websocket - INFO - connect:49 - WebSocket connected (user_id=None). Total: 6
2026-01-12 17:29:05,875 - cmt.websocket - INFO - websocket_devices:188 - WebSocket client disconnected normally
2026-01-12 17:29:05,875 - cmt.websocket - INFO - disconnect:62 - WebSocket disconnected. Total: 5
2026-01-12 17:29:09,874 - cmt.websocket - INFO - connect:49 - WebSocket connected (user_id=None). Total: 6
2026-01-12 17:29:09,875 - cmt.websocket - INFO - websocket_devices:188 - WebSocket client disconnected normally
2026-01-12 17:29:09,876 - cmt.websocket - INFO - disconnect:62 - WebSocket disconnected. Total: 5
2026-01-12 17:29:13,872 - cmt.websocket - INFO - connect:49 - WebSocket connected (user_id=None). Total: 6
2026-01-12 17:29:13,875 - cmt.websocket - INFO - websocket_devices:188 - WebSocket client disconnected normally
2026-01-12 17:29:13,876 - cmt.websocket - INFO - disconnect:62 - WebSocket disconnected. Total: 5
2026-01-12 17:29:15,029 - cmt.api - WARNING - direct_cleanup_certificates:508 - Could not create snapshot for 2021-multi.audtex.ru.crt: No module named 'services.credential_service'
2026-01-12 17:29:16,858 - cmt.f5 - INFO - _connect_to_f5:348 - Successfully connected to F5: 10.119.36.50
2026-01-12 17:29:17,870 - cmt.websocket - INFO - connect:49 - WebSocket connected (user_id=None). Total: 6
2026-01-12 17:29:17,870 - cmt.websocket - INFO - websocket_devices:188 - WebSocket client disconnected normally
2026-01-12 17:29:17,871 - cmt.websocket - INFO - disconnect:62 - WebSocket disconnected. Total: 5
2026-01-12 17:29:19,715 - cmt.f5 - INFO - _connect_to_f5:348 - Successfully connected to F5: 10.119.36.50
2026-01-12 17:29:20,387 - cmt.f5 - INFO - delete_certificate_from_f5:820 - Deleted certificate '2021-multi.audtex.ru.crt' from 10.119.36.50
2026-01-12 17:29:20,594 - cmt.f5 - INFO - delete_certificate_from_f5:840 - Key '2021-multi.audtex.ru' not found on 10.119.36.50 (this is OK - may be shared or not exist)
2026-01-12 17:29:20,606 - cmt.api - INFO - direct_cleanup_certificates:665 - Deleted certificate 2021-multi.audtex.ru.crt from local database
2026-01-12 17:29:20,611 - cmt.api - ERROR - direct_cleanup_certificates:691 - Failed to delete 2021-multi.audtex.ru.crt: (psycopg2.errors.InvalidTextRepresentation) invalid input value for enum auditaction: "cleanup_delete"
LINE 1: ...01-12T17:29:20.607460'::timestamp, 'admin', NULL, 'cleanup_d...
                                                             ^

[SQL: INSERT INTO audit_logs (timestamp, username, user_id, action, result, resource_type, resource_id, resource_name, device_id, device_hostname, description, details, error_message, ip_address, user_agent) VALUES (%(timestamp)s, %(username)s, %(user_id)s, %(action)s, %(result)s, %(resource_type)s, %(resource_id)s, %(resource_name)s, %(device_id)s, %(device_hostname)s, %(description)s, %(details)s, %(error_message)s, %(ip_address)s, %(user_agent)s) RETURNING audit_logs.id]
[parameters: {'timestamp': datetime.datetime(2026, 1, 12, 17, 29, 20, 607460), 'username': 'admin', 'user_id': None, 'action': 'cleanup_delete', 'result': 'success', 'resource_type': 'certificate', 'resource_id': 3955, 'resource_name': '2021-multi.audtex.ru.crt', 'device_id': None, 'device_hostname': 'rudc10-lb-001.network.axadmin.net', 'description': 'Deleted certificate 2021-multi.audtex.ru.crt from F5 and local DB via cleanup tool', 'details': None, 'error_message': None, 'ip_address': None, 'user_agent': None}]
(Background on this error at: https://sqlalche.me/e/20/9h9h)
2026-01-12 17:29:20,872 - cmt.websocket - INFO - connect:49 - WebSocket connected (user_id=None). Total: 6
2026-01-12 17:29:20,876 - cmt.websocket - INFO - websocket_devices:188 - WebSocket client disconnected normally
2026-01-12 17:29:20,876 - cmt.websocket - INFO - disconnect:62 - WebSocket disconnected. Total: 5
2026-01-12 17:29:24,876 - cmt.websocket - INFO - connect:49 - WebSocket connected (user_id=None). Total: 6
2026-01-12 17:29:24,879 - cmt.websocket - INFO - websocket_devices:188 - WebSocket client disconnected normally
2026-01-12 17:29:24,881 - cmt.websocket - INFO - disconnect:62 - WebSocket disconnected. Total: 5
2026-01-12 17:29:25,416 - cmt.f5 - INFO - _connect_to_f5:348 - Successfully connected to F5: 10.119.36.50
2026-01-12 17:29:25,417 - cmt.f5 - INFO - get_expired_certificates_with_profiles:1878 - Building SSL profile mapping for 10.119.36.50...
2026-01-12 17:29:26,433 - cmt.f5 - INFO - get_expired_certificates_with_profiles:1880 - Found 13 certificates with SSL profiles
2026-01-12 17:29:28,873 - cmt.websocket - INFO - connect:49 - WebSocket connected (user_id=None). Total: 6
2026-01-12 17:29:28,876 - cmt.websocket - INFO - websocket_devices:188 - WebSocket client disconnected normally
2026-01-12 17:29:28,877 - cmt.websocket - INFO - disconnect:62 - WebSocket disconnected. Total: 5
2026-01-12 17:29:31,986 - cmt.f5 - INFO - get_expired_certificates_with_profiles:1929 - Found 12 expired certificates on 10.119.36.50
2026-01-12 17:29:32,872 - cmt.websocket - INFO - connect:49 - WebSocket connected (user_id=None). Total: 6
2026-01-12 17:29:32,873 - cmt.websocket - INFO - websocket_devices:188 - WebSocket client disconnected normally
2026-01-12 17:29:32,874 - cmt.websocket - INFO - disconnect:62 - WebSocket disconnected. Total: 5
2026-01-12 17:29:36,870 - cmt.websocket - INFO - connect:49 - WebSocket connected (user_id=None). Total: 6
2026-01-12 17:29:36,872 - cmt.websocket - INFO - websocket_devices:188 - WebSocket client disconnected normally
2026-01-12 17:29:36,872 - cmt.websocket - INFO - disconnect:62 - WebSocket disconnected. Total: 5
2026-01-12 17:29:40,871 - cmt.websocket - INFO - connect:49 - WebSocket connected (user_id=None). Total: 6
2026-01-12 17:29:40,873 - cmt.websocket - INFO - websocket_devices:188 - WebSocket client disconnected normally
2026-01-12 17:29:40,874 - cmt.websocket - INFO - disconnect:62 - WebSocket disconnected. Total: 5
2026-01-12 17:29:44,871 - cmt.websocket - INFO - connect:49 - WebSocket connected (user_id=None). Total: 6
2026-01-12 17:29:44,873 - cmt.websocket - INFO - websocket_devices:188 - WebSocket client disconnected normally
2026-01-12 17:29:44,874 - cmt.websocket - INFO - disconnect:62 - WebSocket disconnected. Total: 5
2026-01-12 17:29:48,869 - cmt.websocket - INFO - connect:49 - WebSocket connected (user_id=None). Total: 6
2026-01-12 17:29:48,869 - cmt.websocket - INFO - websocket_devices:188 - WebSocket client disconnected normally
2026-01-12 17:29:48,870 - cmt.websocket - INFO - disconnect:62 - WebSocket disconnected. Total: 5
2026-01-12 17:29:52,871 - cmt.websocket - INFO - websocket_devices:188 - WebSocket client disconnected normally
2026-01-12 17:29:52,871 - cmt.websocket - INFO - disconnect:62 - WebSocket disconnected. Total: 4
2026-01-12 17:29:52,873 - cmt.websocket - INFO - connect:49 - WebSocket connected (user_id=None). Total: 5
2026-01-12 17:29:56,868 - cmt.websocket - INFO - websocket_devices:188 - WebSocket client disconnected normally
2026-01-12 17:29:56,869 - cmt.websocket - INFO - disconnect:62 - WebSocket disconnected. Total: 4
2026-01-12 17:29:56,870 - cmt.websocket - INFO - connect:49 - WebSocket connected (user_id=None). Total: 5
2026-01-12 17:30:00,871 - cmt.websocket - INFO - connect:49 - WebSocket connected (user_id=None). Total: 6
2026-01-12 17:30:00,873 - cmt.websocket - INFO - websocket_devices:188 - WebSocket client disconnected normally
2026-01-12 17:30:00,874 - cmt.websocket - INFO - disconnect:62 - WebSocket disconnected. Total: 5
2026-01-12 17:30:04,870 - cmt.websocket - INFO - connect:49 - WebSocket connected (user_id=None). Total: 6
2026-01-12 17:30:04,872 - cmt.websocket - INFO - websocket_devices:188 - WebSocket client disconnected normally
2026-01-12 17:30:04,872 - cmt.websocket - INFO - disconnect:62 - WebSocket disconnected. Total: 5
2026-01-12 17:30:08,869 - cmt.websocket - INFO - connect:49 - WebSocket connected (user_id=None). Total: 6
2026-01-12 17:30:08,869 - cmt.websocket - INFO - websocket_devices:188 - WebSocket client disconnected normally
2026-01-12 17:30:08,870 - cmt.websocket - INFO - disconnect:62 - WebSocket disconnected. Total: 5
2026-01-12 17:30:12,889 - cmt.websocket - INFO - connect:49 - WebSocket connected (user_id=None). Total: 6
2026-01-12 17:30:12,892 - cmt.websocket - INFO - websocket_devices:188 - WebSocket client disconnected normally
2026-01-12 17:30:12,893 - cmt.websocket - INFO - disconnect:62 - WebSocket disconnected. Total: 5
2026-01-12 17:30:16,870 - cmt.websocket - INFO - connect:49 - WebSocket connected (user_id=None). Total: 6
2026-01-12 17:30:16,871 - cmt.websocket - INFO - websocket_devices:188 - WebSocket client disconnected normally
2026-01-12 17:30:16,872 - cmt.websocket - INFO - disconnect:62 - WebSocket disconnected. Total: 5
2026-01-12 17:30:20,889 - cmt.websocket - INFO - connect:49 - WebSocket connected (user_id=None). Total: 6
2026-01-12 17:30:20,892 - cmt.websocket - INFO - websocket_devices:188 - WebSocket client disconnected normally
2026-01-12 17:30:20,893 - cmt.websocket - INFO - disconnect:62 - WebSocket disconnected. Total: 5
2026-01-12 17:30:24,870 - cmt.websocket - INFO - connect:49 - WebSocket connected (user_id=None). Total: 6
2026-01-12 17:30:24,872 - cmt.websocket - INFO - websocket_devices:188 - WebSocket client disconnected normally
2026-01-12 17:30:24,873 - cmt.websocket - INFO - disconnect:62 - WebSocket disconnected. Total: 5
2026-01-12 17:30:28,871 - cmt.websocket - INFO - connect:49 - WebSocket connected (user_id=None). Total: 6
2026-01-12 17:30:28,873 - cmt.websocket - INFO - websocket_devices:188 - WebSocket client disconnected normally
2026-01-12 17:30:28,874 - cmt.websocket - INFO - disconnect:62 - WebSocket disconnected. Total: 5
2026-01-12 17:30:32,888 - cmt.websocket - INFO - connect:49 - WebSocket connected (user_id=None). Total: 6
2026-01-12 17:30:32,905 - cmt.websocket - INFO - websocket_devices:188 - WebSocket client disconnected normally
2026-01-12 17:30:32,907 - cmt.websocket - INFO - disconnect:62 - WebSocket disconnected. Total: 5
2026-01-12 17:30:36,759 - cmt.websocket - INFO - connect:49 - WebSocket connected (user_id=None). Total: 6
2026-01-12 17:30:36,761 - cmt.websocket - INFO - websocket_devices:188 - WebSocket client disconnected normally
2026-01-12 17:30:36,761 - cmt.websocket - INFO - disconnect:62 - WebSocket disconnected. Total: 5
2026-01-12 17:30:39,879 - cmt.websocket - INFO - connect:49 - WebSocket connected (user_id=None). Total: 6
2026-01-12 17:30:39,881 - cmt.websocket - INFO - websocket_devices:188 - WebSocket client disconnected normally
2026-01-12 17:30:39,882 - cmt.websocket - INFO - disconnect:62 - WebSocket disconnected. Total: 5
2026-01-12 17:30:42,875 - cmt.websocket - INFO - connect:49 - WebSocket connected (user_id=None). Total: 6
2026-01-12 17:30:42,879 - cmt.websocket - INFO - websocket_devices:188 - WebSocket client disconnected normally
2026-01-12 17:30:42,881 - cmt.websocket - INFO - disconnect:62 - WebSocket disconnected. Total: 5
2026-01-12 17:30:46,870 - cmt.websocket - INFO - connect:49 - WebSocket connected (user_id=None). Total: 6
2026-01-12 17:30:46,871 - cmt.websocket - INFO - websocket_devices:188 - WebSocket client disconnected normally
2026-01-12 17:30:46,871 - cmt.websocket - INFO - disconnect:62 - WebSocket disconnected. Total: 5
2026-01-12 17:30:50,867 - cmt.websocket - INFO - websocket_devices:188 - WebSocket client disconnected normally
2026-01-12 17:30:50,868 - cmt.websocket - INFO - disconnect:62 - WebSocket disconnected. Total: 4
2026-01-12 17:30:50,869 - cmt.websocket - INFO - connect:49 - WebSocket connected (user_id=None). Total: 5
2026-01-12 17:30:54,868 - cmt.websocket - INFO - connect:49 - WebSocket connected (user_id=None). Total: 6
2026-01-12 17:30:54,869 - cmt.websocket - INFO - websocket_devices:188 - WebSocket client disconnected normally
2026-01-12 17:30:54,870 - cmt.websocket - INFO - disconnect:62 - WebSocket disconnected. Total: 5
2026-01-12 17:30:58,872 - cmt.websocket - INFO - connect:49 - WebSocket connected (user_id=None). Total: 6
2026-01-12 17:30:58,875 - cmt.websocket - INFO - websocket_devices:188 - WebSocket client disconnected normally
2026-01-12 17:30:58,876 - cmt.websocket - INFO - disconnect:62 - WebSocket disconnected. Total: 5
2026-01-12 17:31:02,868 - cmt.websocket - INFO - connect:49 - WebSocket connected (user_id=None). Total: 6
2026-01-12 17:31:02,869 - cmt.websocket - INFO - websocket_devices:188 - WebSocket client disconnected normally
2026-01-12 17:31:02,870 - cmt.websocket - INFO - disconnect:62 - WebSocket disconnected. Total: 5
2026-01-12 17:31:06,870 - cmt.websocket - INFO - connect:49 - WebSocket connected (user_id=None). Total: 6
2026-01-12 17:31:06,873 - cmt.websocket - INFO - websocket_devices:188 - WebSocket client disconnected normally
2026-01-12 17:31:06,874 - cmt.websocket - INFO - disconnect:62 - WebSocket disconnected. Total: 5
2026-01-12 17:31:10,873 - cmt.websocket - INFO - connect:49 - WebSocket connected (user_id=None). Total: 6
2026-01-12 17:31:10,876 - cmt.websocket - INFO - websocket_devices:188 - WebSocket client disconnected normally
2026-01-12 17:31:10,876 - cmt.websocket - INFO - disconnect:62 - WebSocket disconnected. Total: 5
2026-01-12 17:31:14,870 - cmt.websocket - INFO - connect:49 - WebSocket connected (user_id=None). Total: 6
2026-01-12 17:31:14,872 - cmt.websocket - INFO - websocket_devices:188 - WebSocket client disconnected normally
2026-01-12 17:31:14,872 - cmt.websocket - INFO - disconnect:62 - WebSocket disconnected. Total: 5
2026-01-12 17:31:18,866 - cmt.websocket - INFO - websocket_devices:188 - WebSocket client disconnected normally
2026-01-12 17:31:18,871 - cmt.websocket - INFO - disconnect:62 - WebSocket disconnected. Total: 4
2026-01-12 17:31:18,874 - cmt.websocket - INFO - connect:49 - WebSocket connected (user_id=None). Total: 5
2026-01-12 17:31:22,867 - cmt.websocket - INFO - connect:49 - WebSocket connected (user_id=None). Total: 6
2026-01-12 17:31:22,869 - cmt.websocket - INFO - websocket_devices:188 - WebSocket client disconnected normally
2026-01-12 17:31:22,870 - cmt.websocket - INFO - disconnect:62 - WebSocket disconnected. Total: 5
2026-01-12 17:31:26,871 - cmt.websocket - INFO - connect:49 - WebSocket connected (user_id=None). Total: 6
2026-01-12 17:31:26,874 - cmt.websocket - INFO - websocket_devices:188 - WebSocket client disconnected normally
2026-01-12 17:31:26,875 - cmt.websocket - INFO - disconnect:62 - WebSocket disconnected. Total: 5
2026-01-12 17:31:30,872 - cmt.websocket - INFO - connect:49 - WebSocket connected (user_id=None). Total: 6
2026-01-12 17:31:30,876 - cmt.websocket - INFO - websocket_devices:188 - WebSocket client disconnected normally
2026-01-12 17:31:30,877 - cmt.websocket - INFO - disconnect:62 - WebSocket disconnected. Total: 5
2026-01-12 17:31:34,871 - cmt.websocket - INFO - connect:49 - WebSocket connected (user_id=None). Total: 6
2026-01-12 17:31:34,873 - cmt.websocket - INFO - websocket_devices:188 - WebSocket client disconnected normally
2026-01-12 17:31:34,874 - cmt.websocket - INFO - disconnect:62 - WebSocket disconnected. Total: 5
2026-01-12 17:31:38,868 - cmt.websocket - INFO - connect:49 - WebSocket connected (user_id=None). Total: 6
2026-01-12 17:31:38,870 - cmt.websocket - INFO - websocket_devices:188 - WebSocket client disconnected normally
2026-01-12 17:31:38,871 - cmt.websocket - INFO - disconnect:62 - WebSocket disconnected. Total: 5
2026-01-12 17:31:42,872 - cmt.websocket - INFO - connect:49 - WebSocket connected (user_id=None). Total: 6
2026-01-12 17:31:42,874 - cmt.websocket - INFO - websocket_devices:188 - WebSocket client disconnected normally
2026-01-12 17:31:42,875 - cmt.websocket - INFO - disconnect:62 - WebSocket disconnected. Total: 5
2026-01-12 17:31:46,871 - cmt.websocket - INFO - connect:49 - WebSocket connected (user_id=None). Total: 6
2026-01-12 17:31:46,873 - cmt.websocket - INFO - websocket_devices:188 - WebSocket client disconnected normally
2026-01-12 17:31:46,873 - cmt.websocket - INFO - disconnect:62 - WebSocket disconnected. Total: 5
2026-01-12 17:31:50,889 - cmt.websocket - INFO - connect:49 - WebSocket connected (user_id=None). Total: 6
2026-01-12 17:31:50,891 - cmt.websocket - INFO - websocket_devices:188 - WebSocket client disconnected normally
2026-01-12 17:31:50,891 - cmt.websocket - INFO - disconnect:62 - WebSocket disconnected. Total: 5
2026-01-12 17:31:54,867 - cmt.websocket - INFO - connect:49 - WebSocket connected (user_id=None). Total: 6
2026-01-12 17:31:54,869 - cmt.websocket - INFO - websocket_devices:188 - WebSocket client disconnected normally
2026-01-12 17:31:54,869 - cmt.websocket - INFO - disconnect:62 - WebSocket disconnected. Total: 5
2026-01-12 17:31:58,870 - cmt.websocket - INFO - connect:49 - WebSocket connected (user_id=None). Total: 6
2026-01-12 17:31:58,874 - cmt.websocket - INFO - websocket_devices:188 - WebSocket client disconnected normally
2026-01-12 17:31:58,876 - cmt.websocket - INFO - disconnect:62 - WebSocket disconnected. Total: 5
2026-01-12 17:32:02,869 - cmt.websocket - INFO - websocket_devices:188 - WebSocket client disconnected normally
2026-01-12 17:32:02,870 - cmt.websocket - INFO - disconnect:62 - WebSocket disconnected. Total: 4
2026-01-12 17:32:02,872 - cmt.websocket - INFO - connect:49 - WebSocket connected (user_id=None). Total: 5
2026-01-12 17:32:06,873 - cmt.websocket - INFO - connect:49 - WebSocket connected (user_id=None). Total: 6
2026-01-12 17:32:06,877 - cmt.websocket - INFO - websocket_devices:188 - WebSocket client disconnected normally
2026-01-12 17:32:06,879 - cmt.websocket - INFO - disconnect:62 - WebSocket disconnected. Total: 5
2026-01-12 17:32:10,873 - cmt.websocket - INFO - connect:49 - WebSocket connected (user_id=None). Total: 6
2026-01-12 17:32:10,877 - cmt.websocket - INFO - websocket_devices:188 - WebSocket client disconnected normally
2026-01-12 17:32:10,877 - cmt.websocket - INFO - disconnect:62 - WebSocket disconnected. Total: 5
2026-01-12 17:32:14,868 - cmt.websocket - INFO - connect:49 - WebSocket connected (user_id=None). Total: 6
2026-01-12 17:32:14,870 - cmt.websocket - INFO - websocket_devices:188 - WebSocket client disconnected normally
2026-01-12 17:32:14,870 - cmt.websocket - INFO - disconnect:62 - WebSocket disconnected. Total: 5
2026-01-12 17:32:18,876 - cmt.websocket - INFO - connect:49 - WebSocket connected (user_id=None). Total: 6
2026-01-12 17:32:18,881 - cmt.websocket - INFO - websocket_devices:188 - WebSocket client disconnected normally
2026-01-12 17:32:18,882 - cmt.websocket - INFO - disconnect:62 - WebSocket disconnected. Total: 5
2026-01-12 17:32:22,867 - cmt.websocket - INFO - websocket_devices:188 - WebSocket client disconnected normally
2026-01-12 17:32:22,867 - cmt.websocket - INFO - disconnect:62 - WebSocket disconnected. Total: 4
2026-01-12 17:32:22,868 - cmt.websocket - INFO - connect:49 - WebSocket connected (user_id=None). Total: 5
2026-01-12 17:32:26,867 - cmt.websocket - INFO - connect:49 - WebSocket connected (user_id=None). Total: 6
2026-01-12 17:32:26,869 - cmt.websocket - INFO - websocket_devices:188 - WebSocket client disconnected normally
2026-01-12 17:32:26,870 - cmt.websocket - INFO - disconnect:62 - WebSocket disconnected. Total: 5
2026-01-12 17:32:30,866 - cmt.websocket - INFO - connect:49 - WebSocket connected (user_id=None). Total: 6
2026-01-12 17:32:30,867 - cmt.websocket - INFO - websocket_devices:188 - WebSocket client disconnected normally
2026-01-12 17:32:30,868 - cmt.websocket - INFO - disconnect:62 - WebSocket disconnected. Total: 5
2026-01-12 17:32:32,068 - cmt.api - WARNING - direct_cleanup_certificates:508 - Could not create snapshot for 2020_www.audanet.kz.crt: No module named 'services.credential_service'
2026-01-12 17:32:34,149 - cmt.f5 - INFO - _connect_to_f5:348 - Successfully connected to F5: 10.119.36.50
2026-01-12 17:32:34,873 - cmt.websocket - INFO - connect:49 - WebSocket connected (user_id=None). Total: 6
2026-01-12 17:32:34,874 - cmt.websocket - INFO - websocket_devices:188 - WebSocket client disconnected normally
2026-01-12 17:32:34,874 - cmt.websocket - INFO - disconnect:62 - WebSocket disconnected. Total: 5
2026-01-12 17:32:37,328 - cmt.f5 - INFO - _connect_to_f5:348 - Successfully connected to F5: 10.119.36.50
2026-01-12 17:32:38,227 - cmt.f5 - INFO - delete_certificate_from_f5:820 - Deleted certificate '2020_www.audanet.kz.crt' from 10.119.36.50
2026-01-12 17:32:38,482 - cmt.f5 - INFO - delete_certificate_from_f5:840 - Key '2020_www.audanet.kz' not found on 10.119.36.50 (this is OK - may be shared or not exist)
2026-01-12 17:32:38,500 - cmt.api - INFO - direct_cleanup_certificates:665 - Deleted certificate 2020_www.audanet.kz.crt from local database
2026-01-12 17:32:38,503 - cmt.api - ERROR - direct_cleanup_certificates:691 - Failed to delete 2020_www.audanet.kz.crt: (psycopg2.errors.InvalidTextRepresentation) invalid input value for enum auditaction: "cleanup_delete"
LINE 1: ...01-12T17:32:38.500999'::timestamp, 'admin', NULL, 'cleanup_d...
                                                             ^

[SQL: INSERT INTO audit_logs (timestamp, username, user_id, action, result, resource_type, resource_id, resource_name, device_id, device_hostname, description, details, error_message, ip_address, user_agent) VALUES (%(timestamp)s, %(username)s, %(user_id)s, %(action)s, %(result)s, %(resource_type)s, %(resource_id)s, %(resource_name)s, %(device_id)s, %(device_hostname)s, %(description)s, %(details)s, %(error_message)s, %(ip_address)s, %(user_agent)s) RETURNING audit_logs.id]
[parameters: {'timestamp': datetime.datetime(2026, 1, 12, 17, 32, 38, 500999), 'username': 'admin', 'user_id': None, 'action': 'cleanup_delete', 'result': 'success', 'resource_type': 'certificate', 'resource_id': 3954, 'resource_name': '2020_www.audanet.kz.crt', 'device_id': None, 'device_hostname': 'rudc10-lb-001.network.axadmin.net', 'description': 'Deleted certificate 2020_www.audanet.kz.crt from F5 and local DB via cleanup tool', 'details': None, 'error_message': None, 'ip_address': None, 'user_agent': None}]
(Background on this error at: https://sqlalche.me/e/20/9h9h)
2026-01-12 17:32:38,871 - cmt.websocket - INFO - connect:49 - WebSocket connected (user_id=None). Total: 6
2026-01-12 17:32:38,872 - cmt.websocket - INFO - websocket_devices:188 - WebSocket client disconnected normally
2026-01-12 17:32:38,873 - cmt.websocket - INFO - disconnect:62 - WebSocket disconnected. Total: 5
2026-01-12 17:32:42,874 - cmt.websocket - INFO - connect:49 - WebSocket connected (user_id=None). Total: 6
2026-01-12 17:32:42,877 - cmt.websocket - INFO - websocket_devices:188 - WebSocket client disconnected normally
2026-01-12 17:32:42,877 - cmt.websocket - INFO - disconnect:62 - WebSocket disconnected. Total: 5
2026-01-12 17:32:43,704 - cmt.f5 - INFO - _connect_to_f5:348 - Successfully connected to F5: 10.119.36.50
2026-01-12 17:32:43,704 - cmt.f5 - INFO - get_expired_certificates_with_profiles:1878 - Building SSL profile mapping for 10.119.36.50...
2026-01-12 17:32:44,867 - cmt.f5 - INFO - get_expired_certificates_with_profiles:1880 - Found 13 certificates with SSL profiles
2026-01-12 17:32:46,868 - cmt.websocket - INFO - connect:49 - WebSocket connected (user_id=None). Total: 6
2026-01-12 17:32:46,873 - cmt.websocket - INFO - websocket_devices:188 - WebSocket client disconnected normally
2026-01-12 17:32:46,874 - cmt.websocket - INFO - disconnect:62 - WebSocket disconnected. Total: 5
2026-01-12 17:32:50,514 - cmt.f5 - INFO - get_expired_certificates_with_profiles:1929 - Found 11 expired certificates on 10.119.36.50
2026-01-12 17:32:50,865 - cmt.websocket - INFO - connect:49 - WebSocket connected (user_id=None). Total: 6
2026-01-12 17:32:50,867 - cmt.websocket - INFO - websocket_devices:188 - WebSocket client disconnected normally
2026-01-12 17:32:50,867 - cmt.websocket - INFO - disconnect:62 - WebSocket disconnected. Total: 5
2026-01-12 17:32:54,867 - cmt.websocket - INFO - connect:49 - WebSocket connected (user_id=None). Total: 6
2026-01-12 17:32:54,869 - cmt.websocket - INFO - websocket_devices:188 - WebSocket client disconnected normally
2026-01-12 17:32:54,869 - cmt.websocket - INFO - disconnect:62 - WebSocket disconnected. Total: 5
2026-01-12 17:32:58,875 - cmt.websocket - INFO - connect:49 - WebSocket connected (user_id=None). Total: 6
2026-01-12 17:32:58,880 - cmt.websocket - INFO - websocket_devices:188 - WebSocket client disconnected normally
2026-01-12 17:32:58,880 - cmt.websocket - INFO - disconnect:62 - WebSocket disconnected. Total: 5
2026-01-12 17:33:02,866 - cmt.websocket - INFO - connect:49 - WebSocket connected (user_id=None). Total: 6
2026-01-12 17:33:02,867 - cmt.websocket - INFO - websocket_devices:188 - WebSocket client disconnected normally
2026-01-12 17:33:02,867 - cmt.websocket - INFO - disconnect:62 - WebSocket disconnected. Total: 5
2026-01-12 17:33:06,868 - cmt.websocket - INFO - connect:49 - WebSocket connected (user_id=None). Total: 6
2026-01-12 17:33:06,870 - cmt.websocket - INFO - websocket_devices:188 - WebSocket client disconnected normally
2026-01-12 17:33:06,871 - cmt.websocket - INFO - disconnect:62 - WebSocket disconnected. Total: 5
2026-01-12 17:33:10,870 - cmt.websocket - INFO - connect:49 - WebSocket connected (user_id=None). Total: 6
2026-01-12 17:33:10,872 - cmt.websocket - INFO - websocket_devices:188 - WebSocket client disconnected normally
2026-01-12 17:33:10,873 - cmt.websocket - INFO - disconnect:62 - WebSocket disconnected. Total: 5
2026-01-12 17:33:14,870 - cmt.websocket - INFO - connect:49 - WebSocket connected (user_id=None). Total: 6
2026-01-12 17:33:14,873 - cmt.websocket - INFO - websocket_devices:188 - WebSocket client disconnected normally
2026-01-12 17:33:14,874 - cmt.websocket - INFO - disconnect:62 - WebSocket disconnected. Total: 5
2026-01-12 17:33:18,865 - cmt.websocket - INFO - connect:49 - WebSocket connected (user_id=None). Total: 6
2026-01-12 17:33:18,867 - cmt.websocket - INFO - websocket_devices:188 - WebSocket client disconnected normally
2026-01-12 17:33:18,868 - cmt.websocket - INFO - disconnect:62 - WebSocket disconnected. Total: 5
2026-01-12 17:33:22,868 - cmt.websocket - INFO - connect:49 - WebSocket connected (user_id=None). Total: 6
2026-01-12 17:33:22,870 - cmt.websocket - INFO - websocket_devices:188 - WebSocket client disconnected normally
2026-01-12 17:33:22,871 - cmt.websocket - INFO - disconnect:62 - WebSocket disconnected. Total: 5
2026-01-12 17:33:26,868 - cmt.websocket - INFO - connect:49 - WebSocket connected (user_id=None). Total: 6
2026-01-12 17:33:26,870 - cmt.websocket - INFO - websocket_devices:188 - WebSocket client disconnected normally
2026-01-12 17:33:26,870 - cmt.websocket - INFO - disconnect:62 - WebSocket disconnected. Total: 5
2026-01-12 17:33:30,872 - cmt.websocket - INFO - connect:49 - WebSocket connected (user_id=None). Total: 6
2026-01-12 17:33:30,875 - cmt.websocket - INFO - websocket_devices:188 - WebSocket client disconnected normally
2026-01-12 17:33:30,876 - cmt.websocket - INFO - disconnect:62 - WebSocket disconnected. Total: 5
2026-01-12 17:33:34,865 - cmt.websocket - INFO - connect:49 - WebSocket connected (user_id=None). Total: 6
2026-01-12 17:33:34,867 - cmt.websocket - INFO - websocket_devices:188 - WebSocket client disconnected normally
2026-01-12 17:33:34,867 - cmt.websocket - INFO - disconnect:62 - WebSocket disconnected. Total: 5
2026-01-12 17:33:38,865 - cmt.websocket - INFO - connect:49 - WebSocket connected (user_id=None). Total: 6
2026-01-12 17:33:38,867 - cmt.websocket - INFO - websocket_devices:188 - WebSocket client disconnected normally
2026-01-12 17:33:38,867 - cmt.websocket - INFO - disconnect:62 - WebSocket disconnected. Total: 5
2026-01-12 17:33:42,868 - cmt.websocket - INFO - connect:49 - WebSocket connected (user_id=None). Total: 6
2026-01-12 17:33:42,872 - cmt.websocket - INFO - websocket_devices:188 - WebSocket client disconnected normally
2026-01-12 17:33:42,873 - cmt.websocket - INFO - disconnect:62 - WebSocket disconnected. Total: 5
2026-01-12 17:33:46,866 - cmt.websocket - INFO - websocket_devices:188 - WebSocket client disconnected normally
2026-01-12 17:33:46,867 - cmt.websocket - INFO - disconnect:62 - WebSocket disconnected. Total: 4
2026-01-12 17:33:46,868 - cmt.websocket - INFO - connect:49 - WebSocket connected (user_id=None). Total: 5
2026-01-12 17:33:50,867 - cmt.websocket - INFO - connect:49 - WebSocket connected (user_id=None). Total: 6
2026-01-12 17:33:50,869 - cmt.websocket - INFO - websocket_devices:188 - WebSocket client disconnected normally
2026-01-12 17:33:50,870 - cmt.websocket - INFO - disconnect:62 - WebSocket disconnected. Total: 5
2026-01-12 17:33:54,866 - cmt.websocket - INFO - connect:49 - WebSocket connected (user_id=None). Total: 6
2026-01-12 17:33:54,867 - cmt.websocket - INFO - websocket_devices:188 - WebSocket client disconnected normally
2026-01-12 17:33:54,867 - cmt.websocket - INFO - disconnect:62 - WebSocket disconnected. Total: 5
2026-01-12 17:33:58,865 - cmt.websocket - INFO - connect:49 - WebSocket connected (user_id=None). Total: 6
2026-01-12 17:33:58,866 - cmt.websocket - INFO - websocket_devices:188 - WebSocket client disconnected normally
2026-01-12 17:33:58,867 - cmt.websocket - INFO - disconnect:62 - WebSocket disconnected. Total: 5
2026-01-12 17:34:02,868 - cmt.websocket - INFO - connect:49 - WebSocket connected (user_id=None). Total: 6
2026-01-12 17:34:02,870 - cmt.websocket - INFO - websocket_devices:188 - WebSocket client disconnected normally
2026-01-12 17:34:02,871 - cmt.websocket - INFO - disconnect:62 - WebSocket disconnected. Total: 5
2026-01-12 17:34:06,865 - cmt.websocket - INFO - connect:49 - WebSocket connected (user_id=None). Total: 6
2026-01-12 17:34:06,866 - cmt.websocket - INFO - websocket_devices:188 - WebSocket client disconnected normally
2026-01-12 17:34:06,866 - cmt.websocket - INFO - disconnect:62 - WebSocket disconnected. Total: 5
2026-01-12 17:34:10,864 - cmt.websocket - INFO - connect:49 - WebSocket connected (user_id=None). Total: 6
2026-01-12 17:34:10,865 - cmt.websocket - INFO - websocket_devices:188 - WebSocket client disconnected normally
2026-01-12 17:34:10,866 - cmt.websocket - INFO - disconnect:62 - WebSocket disconnected. Total: 5
2026-01-12 17:34:14,883 - cmt.websocket - INFO - connect:49 - WebSocket connected (user_id=None). Total: 6
2026-01-12 17:34:14,885 - cmt.websocket - INFO - websocket_devices:188 - WebSocket client disconnected normally
2026-01-12 17:34:14,885 - cmt.websocket - INFO - disconnect:62 - WebSocket disconnected. Total: 5
2026-01-12 17:34:18,868 - cmt.websocket - INFO - websocket_devices:188 - WebSocket client disconnected normally
2026-01-12 17:34:18,869 - cmt.websocket - INFO - disconnect:62 - WebSocket disconnected. Total: 4
2026-01-12 17:34:18,870 - cmt.websocket - INFO - connect:49 - WebSocket connected (user_id=None). Total: 5
2026-01-12 17:34:22,864 - cmt.websocket - INFO - connect:49 - WebSocket connected (user_id=None). Total: 6
2026-01-12 17:34:22,865 - cmt.websocket - INFO - websocket_devices:188 - WebSocket client disconnected normally
2026-01-12 17:34:22,866 - cmt.websocket - INFO - disconnect:62 - WebSocket disconnected. Total: 5
2026-01-12 17:34:26,865 - cmt.websocket - INFO - connect:49 - WebSocket connected (user_id=None). Total: 6
2026-01-12 17:34:26,865 - cmt.websocket - INFO - websocket_devices:188 - WebSocket client disconnected normally
2026-01-12 17:34:26,866 - cmt.websocket - INFO - disconnect:62 - WebSocket disconnected. Total: 5
2026-01-12 17:34:30,876 - cmt.websocket - INFO - connect:49 - WebSocket connected (user_id=None). Total: 6
2026-01-12 17:34:30,881 - cmt.websocket - INFO - websocket_devices:188 - WebSocket client disconnected normally
2026-01-12 17:34:30,881 - cmt.websocket - INFO - disconnect:62 - WebSocket disconnected. Total: 5
2026-01-12 17:34:34,862 - cmt.websocket - INFO - websocket_devices:188 - WebSocket client disconnected normally
2026-01-12 17:34:34,863 - cmt.websocket - INFO - disconnect:62 - WebSocket disconnected. Total: 4
2026-01-12 17:34:34,865 - cmt.websocket - INFO - connect:49 - WebSocket connected (user_id=None). Total: 5
2026-01-12 17:34:38,864 - cmt.websocket - INFO - connect:49 - WebSocket connected (user_id=None). Total: 6
2026-01-12 17:34:38,864 - cmt.websocket - INFO - websocket_devices:188 - WebSocket client disconnected normally
2026-01-12 17:34:38,864 - cmt.websocket - INFO - disconnect:62 - WebSocket disconnected. Total: 5
2026-01-12 17:34:42,866 - cmt.websocket - INFO - connect:49 - WebSocket connected (user_id=None). Total: 6
2026-01-12 17:34:42,866 - cmt.websocket - INFO - websocket_devices:188 - WebSocket client disconnected normally
2026-01-12 17:34:42,867 - cmt.websocket - INFO - disconnect:62 - WebSocket disconnected. Total: 5
2026-01-12 17:34:46,863 - cmt.websocket - INFO - websocket_devices:188 - WebSocket client disconnected normally
2026-01-12 17:34:46,863 - cmt.websocket - INFO - disconnect:62 - WebSocket disconnected. Total: 4
2026-01-12 17:34:46,865 - cmt.websocket - INFO - connect:49 - WebSocket connected (user_id=None). Total: 5
2026-01-12 17:34:50,933 - cmt.websocket - INFO - connect:49 - WebSocket connected (user_id=None). Total: 6
2026-01-12 17:34:50,934 - cmt.websocket - INFO - websocket_devices:188 - WebSocket client disconnected normally
2026-01-12 17:34:50,934 - cmt.websocket - INFO - disconnect:62 - WebSocket disconnected. Total: 5
2026-01-12 17:34:54,933 - cmt.websocket - INFO - connect:49 - WebSocket connected (user_id=None). Total: 6
2026-01-12 17:34:54,934 - cmt.websocket - INFO - websocket_devices:188 - WebSocket client disconnected normally
2026-01-12 17:34:54,935 - cmt.websocket - INFO - disconnect:62 - WebSocket disconnected. Total: 5
2026-01-12 17:34:58,943 - cmt.websocket - INFO - connect:49 - WebSocket connected (user_id=None). Total: 6
2026-01-12 17:34:58,952 - cmt.websocket - INFO - websocket_devices:188 - WebSocket client disconnected normally
2026-01-12 17:34:58,953 - cmt.websocket - INFO - disconnect:62 - WebSocket disconnected. Total: 5
2026-01-12 17:35:02,938 - cmt.websocket - INFO - websocket_devices:188 - WebSocket client disconnected normally
2026-01-12 17:35:02,939 - cmt.websocket - INFO - disconnect:62 - WebSocket disconnected. Total: 4
2026-01-12 17:35:02,940 - cmt.websocket - INFO - connect:49 - WebSocket connected (user_id=None). Total: 5
2026-01-12 17:35:06,934 - cmt.websocket - INFO - connect:49 - WebSocket connected (user_id=None). Total: 6
2026-01-12 17:35:06,936 - cmt.websocket - INFO - websocket_devices:188 - WebSocket client disconnected normally
2026-01-12 17:35:06,936 - cmt.websocket - INFO - disconnect:62 - WebSocket disconnected. Total: 5
2026-01-12 17:35:10,944 - cmt.websocket - INFO - connect:49 - WebSocket connected (user_id=None). Total: 6
2026-01-12 17:35:10,950 - cmt.websocket - INFO - websocket_devices:188 - WebSocket client disconnected normally
2026-01-12 17:35:10,950 - cmt.websocket - INFO - disconnect:62 - WebSocket disconnected. Total: 5
2026-01-12 17:35:14,936 - cmt.websocket - INFO - connect:49 - WebSocket connected (user_id=None). Total: 6
2026-01-12 17:35:14,938 - cmt.websocket - INFO - websocket_devices:188 - WebSocket client disconnected normally
2026-01-12 17:35:14,938 - cmt.websocket - INFO - disconnect:62 - WebSocket disconnected. Total: 5
2026-01-12 17:35:18,940 - cmt.websocket - INFO - connect:49 - WebSocket connected (user_id=None). Total: 6
2026-01-12 17:35:18,945 - cmt.websocket - INFO - websocket_devices:188 - WebSocket client disconnected normally
2026-01-12 17:35:18,947 - cmt.websocket - INFO - disconnect:62 - WebSocket disconnected. Total: 5
2026-01-12 17:35:22,857 - cmt.websocket - INFO - websocket_devices:188 - WebSocket client disconnected normally
2026-01-12 17:35:22,858 - cmt.websocket - INFO - disconnect:62 - WebSocket disconnected. Total: 4
2026-01-12 17:35:22,880 - cmt.websocket - INFO - connect:49 - WebSocket connected (user_id=None). Total: 5
2026-01-12 17:35:24,828 - cmt.websocket - INFO - websocket_devices:188 - WebSocket client disconnected normally
2026-01-12 17:35:24,831 - cmt.websocket - INFO - disconnect:62 - WebSocket disconnected. Total: 4
2026-01-12 17:38:12,271 - cmt.websocket - INFO - websocket_notifications:276 - Notification WebSocket disconnected (user_id=1)
2026-01-12 17:38:12,273 - cmt.websocket - INFO - disconnect:62 - WebSocket disconnected. Total: 3
2026-01-12 17:38:12,279 - cmt.websocket - INFO - websocket_notifications:276 - Notification WebSocket disconnected (user_id=1)
2026-01-12 17:38:12,280 - cmt.websocket - INFO - disconnect:62 - WebSocket disconnected. Total: 2
2026-01-12 17:38:12,281 - cmt.websocket - INFO - websocket_notifications:276 - Notification WebSocket disconnected (user_id=1)
2026-01-12 17:38:12,281 - cmt.websocket - INFO - disconnect:62 - WebSocket disconnected. Total: 1
2026-01-12 17:38:12,281 - cmt.websocket - INFO - websocket_notifications:276 - Notification WebSocket disconnected (user_id=1)
2026-01-12 17:38:12,281 - cmt.websocket - INFO - disconnect:62 - WebSocket disconnected. Total: 0
2026-01-12 17:38:14,540 - cmt.main - INFO - <module>:102 - Password hashing self-test passed
2026-01-12 17:38:15,969 - cmt.websocket - INFO - connect:49 - WebSocket connected (user_id=1). Total: 1
2026-01-12 17:38:15,970 - cmt.websocket - INFO - websocket_notifications:276 - Notification WebSocket disconnected (user_id=1)
2026-01-12 17:38:15,970 - cmt.websocket - INFO - disconnect:62 - WebSocket disconnected. Total: 0
2026-01-12 17:38:15,972 - cmt.websocket - INFO - connect:49 - WebSocket connected (user_id=1). Total: 1
2026-01-12 17:38:15,988 - cmt.websocket - INFO - connect:49 - WebSocket connected (user_id=1). Total: 2
2026-01-12 17:38:19,960 - cmt.websocket - INFO - connect:49 - WebSocket connected (user_id=1). Total: 3
2026-01-12 17:38:19,976 - cmt.websocket - INFO - connect:49 - WebSocket connected (user_id=1). Total: 4
2026-01-12 17:38:27,025 - cmt.websocket - INFO - websocket_notifications:276 - Notification WebSocket disconnected (user_id=1)
2026-01-12 17:38:27,027 - cmt.websocket - INFO - disconnect:62 - WebSocket disconnected. Total: 3
2026-01-12 17:38:27,027 - cmt.websocket - INFO - websocket_notifications:276 - Notification WebSocket disconnected (user_id=1)
2026-01-12 17:38:27,028 - cmt.websocket - INFO - disconnect:62 - WebSocket disconnected. Total: 2
2026-01-12 17:38:27,028 - cmt.websocket - INFO - websocket_notifications:276 - Notification WebSocket disconnected (user_id=1)
2026-01-12 17:38:27,028 - cmt.websocket - INFO - disconnect:62 - WebSocket disconnected. Total: 1
2026-01-12 17:38:27,029 - cmt.websocket - INFO - websocket_notifications:276 - Notification WebSocket disconnected (user_id=1)
2026-01-12 17:38:27,029 - cmt.websocket - INFO - disconnect:62 - WebSocket disconnected. Total: 0
2026-01-12 17:38:28,754 - cmt.main - INFO - <module>:102 - Password hashing self-test passed
2026-01-12 17:38:30,978 - cmt.websocket - INFO - connect:49 - WebSocket connected (user_id=1). Total: 1
2026-01-12 17:38:30,978 - cmt.websocket - INFO - websocket_notifications:276 - Notification WebSocket disconnected (user_id=1)
2026-01-12 17:38:30,979 - cmt.websocket - INFO - disconnect:62 - WebSocket disconnected. Total: 0
2026-01-12 17:38:30,980 - cmt.websocket - INFO - connect:49 - WebSocket connected (user_id=1). Total: 1
2026-01-12 17:38:30,998 - cmt.websocket - INFO - connect:49 - WebSocket connected (user_id=1). Total: 2
2026-01-12 17:38:35,012 - cmt.websocket - INFO - connect:49 - WebSocket connected (user_id=1). Total: 3
2026-01-12 17:38:35,034 - cmt.websocket - INFO - connect:49 - WebSocket connected (user_id=1). Total: 4
2026-01-12 17:38:41,745 - cmt.websocket - INFO - websocket_notifications:276 - Notification WebSocket disconnected (user_id=1)
2026-01-12 17:38:41,824 - cmt.websocket - INFO - disconnect:62 - WebSocket disconnected. Total: 3
2026-01-12 17:38:41,827 - cmt.websocket - INFO - websocket_notifications:276 - Notification WebSocket disconnected (user_id=1)
2026-01-12 17:38:41,827 - cmt.websocket - INFO - disconnect:62 - WebSocket disconnected. Total: 2
2026-01-12 17:38:41,828 - cmt.websocket - INFO - websocket_notifications:276 - Notification WebSocket disconnected (user_id=1)
2026-01-12 17:38:41,829 - cmt.websocket - INFO - disconnect:62 - WebSocket disconnected. Total: 1
2026-01-12 17:38:41,830 - cmt.websocket - INFO - websocket_notifications:276 - Notification WebSocket disconnected (user_id=1)
2026-01-12 17:38:41,832 - cmt.websocket - INFO - disconnect:62 - WebSocket disconnected. Total: 0
2026-01-12 17:38:43,819 - cmt.main - INFO - <module>:102 - Password hashing self-test passed
2026-01-12 17:38:45,422 - cmt.main - INFO - <module>:102 - Password hashing self-test passed
2026-01-12 17:38:45,459 - cmt.websocket - INFO - connect:49 - WebSocket connected (user_id=1). Total: 1
2026-01-12 17:38:45,461 - cmt.websocket - INFO - websocket_notifications:276 - Notification WebSocket disconnected (user_id=1)
2026-01-12 17:38:45,461 - cmt.websocket - INFO - disconnect:62 - WebSocket disconnected. Total: 0
2026-01-12 17:38:45,462 - cmt.websocket - INFO - connect:49 - WebSocket connected (user_id=1). Total: 1
2026-01-12 17:38:45,464 - cmt.websocket - INFO - connect:49 - WebSocket connected (user_id=1). Total: 2
2026-01-12 17:38:48,973 - cmt.websocket - INFO - connect:49 - WebSocket connected (user_id=1). Total: 3
2026-01-12 17:38:48,991 - cmt.websocket - INFO - connect:49 - WebSocket connected (user_id=1). Total: 4
2026-01-12 17:41:30,314 - cmt.websocket - INFO - websocket_notifications:276 - Notification WebSocket disconnected (user_id=1)
2026-01-12 17:41:30,315 - cmt.websocket - INFO - disconnect:62 - WebSocket disconnected. Total: 3
2026-01-12 17:41:30,316 - cmt.websocket - INFO - websocket_notifications:276 - Notification WebSocket disconnected (user_id=1)
2026-01-12 17:41:30,316 - cmt.websocket - INFO - disconnect:62 - WebSocket disconnected. Total: 2
2026-01-12 17:41:30,316 - cmt.websocket - INFO - websocket_notifications:276 - Notification WebSocket disconnected (user_id=1)
2026-01-12 17:41:30,316 - cmt.websocket - INFO - disconnect:62 - WebSocket disconnected. Total: 1
2026-01-12 17:41:30,316 - cmt.websocket - INFO - websocket_notifications:276 - Notification WebSocket disconnected (user_id=1)
2026-01-12 17:41:30,316 - cmt.websocket - INFO - disconnect:62 - WebSocket disconnected. Total: 0
2026-01-12 17:41:32,428 - cmt.main - INFO - <module>:102 - Password hashing self-test passed
2026-01-12 17:41:33,369 - cmt.websocket - INFO - connect:49 - WebSocket connected (user_id=1). Total: 1
2026-01-12 17:41:33,370 - cmt.websocket - INFO - websocket_notifications:276 - Notification WebSocket disconnected (user_id=1)
2026-01-12 17:41:33,370 - cmt.websocket - INFO - disconnect:62 - WebSocket disconnected. Total: 0
2026-01-12 17:41:33,372 - cmt.websocket - INFO - connect:49 - WebSocket connected (user_id=1). Total: 1
2026-01-12 17:41:33,951 - cmt.websocket - INFO - connect:49 - WebSocket connected (user_id=1). Total: 2
2026-01-12 17:41:36,332 - cmt.websocket - INFO - connect:49 - WebSocket connected (user_id=1). Total: 3
2026-01-12 17:41:37,936 - cmt.websocket - INFO - connect:49 - WebSocket connected (user_id=1). Total: 4
2026-01-12 17:41:48,814 - cmt.websocket - INFO - websocket_notifications:276 - Notification WebSocket disconnected (user_id=1)
2026-01-12 17:41:48,815 - cmt.websocket - INFO - disconnect:62 - WebSocket disconnected. Total: 3
2026-01-12 17:41:48,816 - cmt.websocket - INFO - websocket_notifications:276 - Notification WebSocket disconnected (user_id=1)
2026-01-12 17:41:48,816 - cmt.websocket - INFO - disconnect:62 - WebSocket disconnected. Total: 2
2026-01-12 17:41:48,816 - cmt.websocket - INFO - websocket_notifications:276 - Notification WebSocket disconnected (user_id=1)
2026-01-12 17:41:48,816 - cmt.websocket - INFO - disconnect:62 - WebSocket disconnected. Total: 1
2026-01-12 17:41:48,816 - cmt.websocket - INFO - websocket_notifications:276 - Notification WebSocket disconnected (user_id=1)
2026-01-12 17:41:48,816 - cmt.websocket - INFO - disconnect:62 - WebSocket disconnected. Total: 0
2026-01-12 17:41:51,758 - cmt.main - INFO - <module>:102 - Password hashing self-test passed
2026-01-12 17:41:51,853 - cmt.websocket - INFO - connect:49 - WebSocket connected (user_id=1). Total: 1
2026-01-12 17:41:51,854 - cmt.websocket - INFO - websocket_notifications:276 - Notification WebSocket disconnected (user_id=1)
2026-01-12 17:41:51,855 - cmt.websocket - INFO - disconnect:62 - WebSocket disconnected. Total: 0
2026-01-12 17:41:51,857 - cmt.websocket - INFO - connect:49 - WebSocket connected (user_id=1). Total: 1
2026-01-12 17:41:51,946 - cmt.websocket - INFO - connect:49 - WebSocket connected (user_id=1). Total: 2
2026-01-12 17:41:54,835 - cmt.websocket - INFO - connect:49 - WebSocket connected (user_id=1). Total: 3
2026-01-12 17:41:55,938 - cmt.websocket - INFO - connect:49 - WebSocket connected (user_id=1). Total: 4
2026-01-12 17:42:16,107 - cmt.f5 - INFO - _connect_to_f5:348 - Successfully connected to F5: 10.119.36.50
2026-01-12 17:42:16,109 - cmt.f5 - INFO - get_expired_certificates_with_profiles:1951 - Building SSL profile mapping for 10.119.36.50...
2026-01-12 17:42:17,153 - cmt.f5 - INFO - get_expired_certificates_with_profiles:1953 - Found 13 certificates with SSL profiles
2026-01-12 17:42:22,541 - cmt.f5 - INFO - get_expired_certificates_with_profiles:2002 - Found 11 expired certificates on 10.119.36.50
2026-01-12 17:47:36,804 - cmt.api - WARNING - direct_cleanup_certificates:508 - Could not create snapshot for 2022-star.audatex.by.crt: No module named 'services.credential_service'
2026-01-12 17:47:38,812 - cmt.f5 - INFO - _connect_to_f5:348 - Successfully connected to F5: 10.119.36.50
2026-01-12 17:47:41,597 - cmt.f5 - INFO - _connect_to_f5:348 - Successfully connected to F5: 10.119.36.50
2026-01-12 17:47:41,597 - cmt.f5 - INFO - delete_certificate_from_f5:837 - [CLEANUP] Starting deletion of certificate '2022-star.audatex.by.crt' from 10.119.36.50
2026-01-12 17:47:41,598 - cmt.f5 - INFO - delete_certificate_from_f5:838 - [CLEANUP] Will try cert names: ['2022-star.audatex.by.crt', '2022-star.audatex.by']
2026-01-12 17:47:41,598 - cmt.f5 - INFO - delete_certificate_from_f5:839 - [CLEANUP] Will try key names: ['2022-star.audatex.by.key', '2022-star.audatex.by', '2022-star.audatex.by_key']
2026-01-12 17:47:42,489 - cmt.f5 - INFO - delete_certificate_from_f5:868 - [CLEANUP] ✓ Deleted certificate '2022-star.audatex.by.crt' from 10.119.36.50
2026-01-12 17:47:43,137 - cmt.f5 - WARNING - delete_certificate_from_f5:907 - [CLEANUP] Could not find/delete any associated key for '2022-star.audatex.by.crt'. Tried: ['2022-star.audatex.by.key', '2022-star.audatex.by', '2022-star.audatex.by_key']
2026-01-12 17:47:43,138 - cmt.f5 - INFO - delete_certificate_from_f5:911 - [CLEANUP] Deletion completed for 2022-star.audatex.by.crt. Cert: ✓, Key: ✗ (not found)
2026-01-12 17:47:43,171 - cmt.api - INFO - direct_cleanup_certificates:667 - Deleted certificate 2022-star.audatex.by.crt from local database
2026-01-12 17:47:43,177 - cmt.api - ERROR - direct_cleanup_certificates:698 - Failed to delete 2022-star.audatex.by.crt: (psycopg2.errors.InvalidTextRepresentation) invalid input value for enum auditaction: "cleanup_delete"
LINE 1: ...01-12T17:47:43.172077'::timestamp, 'admin', NULL, 'cleanup_d...
                                                             ^

[SQL: INSERT INTO audit_logs (timestamp, username, user_id, action, result, resource_type, resource_id, resource_name, device_id, device_hostname, description, details, error_message, ip_address, user_agent) VALUES (%(timestamp)s, %(username)s, %(user_id)s, %(action)s, %(result)s, %(resource_type)s, %(resource_id)s, %(resource_name)s, %(device_id)s, %(device_hostname)s, %(description)s, %(details)s, %(error_message)s, %(ip_address)s, %(user_agent)s) RETURNING audit_logs.id]
[parameters: {'timestamp': datetime.datetime(2026, 1, 12, 17, 47, 43, 172077), 'username': 'admin', 'user_id': None, 'action': 'cleanup_delete', 'result': 'success', 'resource_type': 'certificate', 'resource_id': 3958, 'resource_name': '2022-star.audatex.by.crt', 'device_id': None, 'device_hostname': 'rudc10-lb-001.network.axadmin.net', 'description': 'Deleted certificate 2022-star.audatex.by.crt from F5 (cert only (key not found)) and local DB via cleanup tool', 'details': None, 'error_message': None, 'ip_address': None, 'user_agent': None}]
(Background on this error at: https://sqlalche.me/e/20/9h9h)
2026-01-12 17:47:47,987 - cmt.f5 - INFO - _connect_to_f5:348 - Successfully connected to F5: 10.119.36.50
2026-01-12 17:47:47,990 - cmt.f5 - INFO - get_expired_certificates_with_profiles:1951 - Building SSL profile mapping for 10.119.36.50...
2026-01-12 17:47:49,013 - cmt.f5 - INFO - get_expired_certificates_with_profiles:1953 - Found 13 certificates with SSL profiles
2026-01-12 17:47:54,183 - cmt.f5 - INFO - get_expired_certificates_with_profiles:2002 - Found 10 expired certificates on 10.119.36.50
2026-01-12 17:51:08,300 - cmt.websocket - INFO - websocket_notifications:276 - Notification WebSocket disconnected (user_id=1)
2026-01-12 17:51:08,302 - cmt.websocket - INFO - disconnect:62 - WebSocket disconnected. Total: 3
2026-01-12 17:51:08,303 - cmt.websocket - INFO - websocket_notifications:276 - Notification WebSocket disconnected (user_id=1)
2026-01-12 17:51:08,303 - cmt.websocket - INFO - disconnect:62 - WebSocket disconnected. Total: 2
2026-01-12 17:51:08,303 - cmt.websocket - INFO - websocket_notifications:276 - Notification WebSocket disconnected (user_id=1)
2026-01-12 17:51:08,303 - cmt.websocket - INFO - disconnect:62 - WebSocket disconnected. Total: 1
2026-01-12 17:51:08,303 - cmt.websocket - INFO - websocket_notifications:276 - Notification WebSocket disconnected (user_id=1)
2026-01-12 17:51:08,304 - cmt.websocket - INFO - disconnect:62 - WebSocket disconnected. Total: 0
2026-01-12 17:51:11,129 - cmt.main - INFO - <module>:102 - Password hashing self-test passed
2026-01-12 17:51:11,404 - cmt.websocket - INFO - connect:49 - WebSocket connected (user_id=1). Total: 1
2026-01-12 17:51:11,406 - cmt.websocket - INFO - websocket_notifications:276 - Notification WebSocket disconnected (user_id=1)
2026-01-12 17:51:11,406 - cmt.websocket - INFO - disconnect:62 - WebSocket disconnected. Total: 0
2026-01-12 17:51:11,409 - cmt.websocket - INFO - connect:49 - WebSocket connected (user_id=1). Total: 1
2026-01-12 17:51:11,955 - cmt.websocket - INFO - connect:49 - WebSocket connected (user_id=1). Total: 2
2026-01-12 17:51:11,956 - cmt.websocket - INFO - websocket_notifications:276 - Notification WebSocket disconnected (user_id=1)
2026-01-12 17:51:11,956 - cmt.websocket - INFO - disconnect:62 - WebSocket disconnected. Total: 1
2026-01-12 17:51:11,965 - cmt.websocket - INFO - connect:49 - WebSocket connected (user_id=1). Total: 2
2026-01-12 17:51:14,337 - cmt.websocket - INFO - connect:49 - WebSocket connected (user_id=1). Total: 3
2026-01-12 17:51:15,954 - cmt.websocket - INFO - connect:49 - WebSocket connected (user_id=1). Total: 4
2026-01-12 17:51:32,681 - cmt.f5 - INFO - _connect_to_f5:348 - Successfully connected to F5: 10.119.36.50
2026-01-12 17:51:32,683 - cmt.f5 - INFO - get_expired_certificates_with_profiles:1951 - Building SSL profile mapping for 10.119.36.50...
2026-01-12 17:51:33,713 - cmt.f5 - INFO - get_expired_certificates_with_profiles:1953 - Found 13 certificates with SSL profiles
2026-01-12 17:51:39,034 - cmt.f5 - INFO - get_expired_certificates_with_profiles:2002 - Found 10 expired certificates on 10.119.36.50
2026-01-12 17:53:29,780 - cmt.api - WARNING - direct_cleanup_certificates:508 - Could not create snapshot for 2024-star.audatex.ru.crt: No module named 'services.credential_service'
2026-01-12 17:53:31,697 - cmt.f5 - INFO - _connect_to_f5:348 - Successfully connected to F5: 10.119.36.50
2026-01-12 17:53:35,155 - cmt.f5 - INFO - _connect_to_f5:348 - Successfully connected to F5: 10.119.36.50
2026-01-12 17:53:35,156 - cmt.f5 - INFO - delete_certificate_from_f5:837 - [CLEANUP] Starting deletion of certificate '2024-star.audatex.ru.crt' from 10.119.36.50
2026-01-12 17:53:35,156 - cmt.f5 - INFO - delete_certificate_from_f5:838 - [CLEANUP] Will try cert names: ['2024-star.audatex.ru.crt', '2024-star.audatex.ru']
2026-01-12 17:53:35,157 - cmt.f5 - INFO - delete_certificate_from_f5:839 - [CLEANUP] Will try key names: ['2024-star.audatex.ru.key', '2024-star.audatex.ru', '2024-star.audatex.ru_key']
2026-01-12 17:53:35,970 - cmt.f5 - INFO - delete_certificate_from_f5:868 - [CLEANUP] ✓ Deleted certificate '2024-star.audatex.ru.crt' from 10.119.36.50
2026-01-12 17:53:36,663 - cmt.f5 - WARNING - delete_certificate_from_f5:907 - [CLEANUP] Could not find/delete any associated key for '2024-star.audatex.ru.crt'. Tried: ['2024-star.audatex.ru.key', '2024-star.audatex.ru', '2024-star.audatex.ru_key']
2026-01-12 17:53:36,663 - cmt.f5 - INFO - delete_certificate_from_f5:911 - [CLEANUP] Deletion completed for 2024-star.audatex.ru.crt. Cert: ✓, Key: ✗ (not found)
2026-01-12 17:53:36,692 - cmt.api - INFO - direct_cleanup_certificates:667 - Deleted certificate 2024-star.audatex.ru.crt from local database
2026-01-12 17:53:40,971 - cmt.f5 - INFO - _connect_to_f5:348 - Successfully connected to F5: 10.119.36.50
2026-01-12 17:53:40,973 - cmt.f5 - INFO - get_expired_certificates_with_profiles:1951 - Building SSL profile mapping for 10.119.36.50...
2026-01-12 17:53:42,653 - cmt.f5 - INFO - get_expired_certificates_with_profiles:1953 - Found 13 certificates with SSL profiles
2026-01-12 17:53:47,829 - cmt.f5 - INFO - get_expired_certificates_with_profiles:2002 - Found 9 expired certificates on 10.119.36.50
2026-01-12 17:54:34,188 - cmt.api - WARNING - direct_cleanup_certificates:508 - Could not create snapshot for test_2024-audatex.ru.crt: No module named 'services.credential_service'
2026-01-12 17:54:36,892 - cmt.f5 - INFO - _connect_to_f5:348 - Successfully connected to F5: 10.119.36.50
2026-01-12 17:54:40,379 - cmt.f5 - INFO - _connect_to_f5:348 - Successfully connected to F5: 10.119.36.50
2026-01-12 17:54:40,380 - cmt.f5 - INFO - delete_certificate_from_f5:837 - [CLEANUP] Starting deletion of certificate 'test_2024-audatex.ru.crt' from 10.119.36.50
2026-01-12 17:54:40,380 - cmt.f5 - INFO - delete_certificate_from_f5:838 - [CLEANUP] Will try cert names: ['test_2024-audatex.ru.crt', 'test_2024-audatex.ru']
2026-01-12 17:54:40,381 - cmt.f5 - INFO - delete_certificate_from_f5:839 - [CLEANUP] Will try key names: ['test_2024-audatex.ru.key', 'test_2024-audatex.ru', 'test_2024-audatex.ru_key']
2026-01-12 17:54:41,089 - cmt.f5 - INFO - delete_certificate_from_f5:868 - [CLEANUP] ✓ Deleted certificate 'test_2024-audatex.ru.crt' from 10.119.36.50
2026-01-12 17:54:41,718 - cmt.f5 - WARNING - delete_certificate_from_f5:907 - [CLEANUP] Could not find/delete any associated key for 'test_2024-audatex.ru.crt'. Tried: ['test_2024-audatex.ru.key', 'test_2024-audatex.ru', 'test_2024-audatex.ru_key']
2026-01-12 17:54:41,718 - cmt.f5 - INFO - delete_certificate_from_f5:911 - [CLEANUP] Deletion completed for test_2024-audatex.ru.crt. Cert: ✓, Key: ✗ (not found)
2026-01-12 17:54:41,732 - cmt.api - INFO - direct_cleanup_certificates:667 - Deleted certificate test_2024-audatex.ru.crt from local database
2026-01-12 17:54:46,042 - cmt.f5 - INFO - _connect_to_f5:348 - Successfully connected to F5: 10.119.36.50
2026-01-12 17:54:46,043 - cmt.f5 - INFO - get_expired_certificates_with_profiles:1951 - Building SSL profile mapping for 10.119.36.50...
2026-01-12 17:54:47,799 - cmt.f5 - INFO - get_expired_certificates_with_profiles:1953 - Found 13 certificates with SSL profiles
2026-01-12 17:54:52,730 - cmt.f5 - INFO - get_expired_certificates_with_profiles:2002 - Found 8 expired certificates on 10.119.36.50
2026-01-12 17:56:04,899 - cmt.websocket - INFO - connect:49 - WebSocket connected (user_id=None). Total: 5
2026-01-12 17:56:04,919 - cmt.websocket - INFO - connect:49 - WebSocket connected (user_id=None). Total: 6
2026-01-12 17:56:04,966 - cmt.websocket - INFO - websocket_devices:188 - WebSocket client disconnected normally
2026-01-12 17:56:04,974 - cmt.websocket - INFO - disconnect:62 - WebSocket disconnected. Total: 5
2026-01-12 17:56:07,965 - cmt.websocket - INFO - connect:49 - WebSocket connected (user_id=None). Total: 6
2026-01-12 17:56:07,967 - cmt.websocket - INFO - websocket_devices:188 - WebSocket client disconnected normally
2026-01-12 17:56:07,968 - cmt.websocket - INFO - disconnect:62 - WebSocket disconnected. Total: 5
2026-01-12 17:56:10,974 - cmt.websocket - INFO - connect:49 - WebSocket connected (user_id=None). Total: 6
2026-01-12 17:56:10,979 - cmt.websocket - INFO - websocket_devices:188 - WebSocket client disconnected normally
2026-01-12 17:56:10,979 - cmt.websocket - INFO - disconnect:62 - WebSocket disconnected. Total: 5
2026-01-12 17:56:13,975 - cmt.websocket - INFO - websocket_devices:188 - WebSocket client disconnected normally
2026-01-12 17:56:13,975 - cmt.websocket - INFO - disconnect:62 - WebSocket disconnected. Total: 4
2026-01-12 17:56:13,976 - cmt.websocket - INFO - connect:49 - WebSocket connected (user_id=None). Total: 5
2026-01-12 17:56:16,981 - cmt.websocket - INFO - connect:49 - WebSocket connected (user_id=None). Total: 6
2026-01-12 17:56:16,983 - cmt.websocket - INFO - websocket_devices:188 - WebSocket client disconnected normally
2026-01-12 17:56:16,984 - cmt.websocket - INFO - disconnect:62 - WebSocket disconnected. Total: 5
2026-01-12 17:56:19,987 - cmt.websocket - INFO - connect:49 - WebSocket connected (user_id=None). Total: 6
2026-01-12 17:56:19,989 - cmt.websocket - INFO - websocket_devices:188 - WebSocket client disconnected normally
2026-01-12 17:56:19,990 - cmt.websocket - INFO - disconnect:62 - WebSocket disconnected. Total: 5
2026-01-12 17:56:22,984 - cmt.websocket - INFO - websocket_devices:188 - WebSocket client disconnected normally
2026-01-12 17:56:22,984 - cmt.websocket - INFO - disconnect:62 - WebSocket disconnected. Total: 4
2026-01-12 17:56:22,985 - cmt.websocket - INFO - connect:49 - WebSocket connected (user_id=None). Total: 5
2026-01-12 17:56:25,992 - cmt.websocket - INFO - connect:49 - WebSocket connected (user_id=None). Total: 6
2026-01-12 17:56:25,993 - cmt.websocket - INFO - websocket_devices:188 - WebSocket client disconnected normally
2026-01-12 17:56:25,994 - cmt.websocket - INFO - disconnect:62 - WebSocket disconnected. Total: 5
2026-01-12 17:56:28,994 - cmt.websocket - INFO - connect:49 - WebSocket connected (user_id=None). Total: 6
2026-01-12 17:56:28,995 - cmt.websocket - INFO - websocket_devices:188 - WebSocket client disconnected normally
2026-01-12 17:56:28,995 - cmt.websocket - INFO - disconnect:62 - WebSocket disconnected. Total: 5
2026-01-12 17:56:31,997 - cmt.websocket - INFO - connect:49 - WebSocket connected (user_id=None). Total: 6
2026-01-12 17:56:31,999 - cmt.websocket - INFO - websocket_devices:188 - WebSocket client disconnected normally
2026-01-12 17:56:31,999 - cmt.websocket - INFO - disconnect:62 - WebSocket disconnected. Total: 5
2026-01-12 17:56:35,009 - cmt.websocket - INFO - connect:49 - WebSocket connected (user_id=None). Total: 6
2026-01-12 17:56:35,011 - cmt.websocket - INFO - websocket_devices:188 - WebSocket client disconnected normally
2026-01-12 17:56:35,011 - cmt.websocket - INFO - disconnect:62 - WebSocket disconnected. Total: 5
2026-01-12 17:56:38,013 - cmt.websocket - INFO - websocket_devices:188 - WebSocket client disconnected normally
2026-01-12 17:56:38,014 - cmt.websocket - INFO - disconnect:62 - WebSocket disconnected. Total: 4
2026-01-12 17:56:38,015 - cmt.websocket - INFO - connect:49 - WebSocket connected (user_id=None). Total: 5
2026-01-12 17:56:41,018 - cmt.websocket - INFO - connect:49 - WebSocket connected (user_id=None). Total: 6
2026-01-12 17:56:41,019 - cmt.websocket - INFO - websocket_devices:188 - WebSocket client disconnected normally
2026-01-12 17:56:41,020 - cmt.websocket - INFO - disconnect:62 - WebSocket disconnected. Total: 5
2026-01-12 17:56:44,032 - cmt.websocket - INFO - connect:49 - WebSocket connected (user_id=None). Total: 6
2026-01-12 17:56:44,036 - cmt.websocket - INFO - websocket_devices:188 - WebSocket client disconnected normally
2026-01-12 17:56:44,036 - cmt.websocket - INFO - disconnect:62 - WebSocket disconnected. Total: 5
2026-01-12 17:56:47,030 - cmt.websocket - INFO - connect:49 - WebSocket connected (user_id=None). Total: 6
2026-01-12 17:56:47,033 - cmt.websocket - INFO - websocket_devices:188 - WebSocket client disconnected normally
2026-01-12 17:56:47,033 - cmt.websocket - INFO - disconnect:62 - WebSocket disconnected. Total: 5
2026-01-12 17:56:50,034 - cmt.websocket - INFO - connect:49 - WebSocket connected (user_id=None). Total: 6
2026-01-12 17:56:50,036 - cmt.websocket - INFO - websocket_devices:188 - WebSocket client disconnected normally
2026-01-12 17:56:50,036 - cmt.websocket - INFO - disconnect:62 - WebSocket disconnected. Total: 5
2026-01-12 17:56:53,038 - cmt.websocket - INFO - websocket_devices:188 - WebSocket client disconnected normally
2026-01-12 17:56:53,038 - cmt.websocket - INFO - disconnect:62 - WebSocket disconnected. Total: 4
2026-01-12 17:56:53,040 - cmt.websocket - INFO - connect:49 - WebSocket connected (user_id=None). Total: 5
2026-01-12 17:56:53,729 - cmt.f5 - INFO - _connect_to_f5:348 - Successfully connected to F5: 10.119.36.50
2026-01-12 17:56:53,730 - cmt.f5 - INFO - _perform_scan:412 - Scanning certificates on F5 device rudc10-lb-001.network.axadmin.net (10.119.36.50)
2026-01-12 17:56:56,043 - cmt.websocket - INFO - websocket_devices:188 - WebSocket client disconnected normally
2026-01-12 17:56:56,043 - cmt.websocket - INFO - disconnect:62 - WebSocket disconnected. Total: 4
2026-01-12 17:56:56,045 - cmt.websocket - INFO - connect:49 - WebSocket connected (user_id=None). Total: 5
2026-01-12 17:56:59,045 - cmt.websocket - INFO - connect:49 - WebSocket connected (user_id=None). Total: 6
2026-01-12 17:56:59,047 - cmt.websocket - INFO - websocket_devices:188 - WebSocket client disconnected normally
2026-01-12 17:56:59,047 - cmt.websocket - INFO - disconnect:62 - WebSocket disconnected. Total: 5
2026-01-12 17:57:00,052 - cmt.f5 - INFO - _perform_scan:535 - Database commit successful for rudc10-lb-001.network.axadmin.net
2026-01-12 17:57:00,052 - cmt.f5 - INFO - _perform_scan:537 - Scan complete for rudc10-lb-001.network.axadmin.net. Certs - New: 0, Updated: 21, Removed: 0. Facts refreshed: 0 field(s).
2026-01-12 17:57:02,050 - cmt.websocket - INFO - connect:49 - WebSocket connected (user_id=None). Total: 6
2026-01-12 17:57:02,051 - cmt.websocket - INFO - websocket_devices:188 - WebSocket client disconnected normally
2026-01-12 17:57:02,051 - cmt.websocket - INFO - disconnect:62 - WebSocket disconnected. Total: 5
2026-01-12 17:57:05,052 - cmt.websocket - INFO - connect:49 - WebSocket connected (user_id=None). Total: 6
2026-01-12 17:57:05,053 - cmt.websocket - INFO - websocket_devices:188 - WebSocket client disconnected normally
2026-01-12 17:57:05,053 - cmt.websocket - INFO - disconnect:62 - WebSocket disconnected. Total: 5
2026-01-12 17:57:08,055 - cmt.websocket - INFO - connect:49 - WebSocket connected (user_id=None). Total: 6
2026-01-12 17:57:08,056 - cmt.websocket - INFO - websocket_devices:188 - WebSocket client disconnected normally
2026-01-12 17:57:08,057 - cmt.websocket - INFO - disconnect:62 - WebSocket disconnected. Total: 5
2026-01-12 17:57:11,058 - cmt.websocket - INFO - connect:49 - WebSocket connected (user_id=None). Total: 6
2026-01-12 17:57:11,059 - cmt.websocket - INFO - websocket_devices:188 - WebSocket client disconnected normally
2026-01-12 17:57:11,060 - cmt.websocket - INFO - disconnect:62 - WebSocket disconnected. Total: 5
2026-01-12 17:57:14,071 - cmt.websocket - INFO - websocket_devices:188 - WebSocket client disconnected normally
2026-01-12 17:57:14,073 - cmt.websocket - INFO - disconnect:62 - WebSocket disconnected. Total: 4
2026-01-12 17:57:14,079 - cmt.websocket - INFO - connect:49 - WebSocket connected (user_id=None). Total: 5
2026-01-12 17:57:17,070 - cmt.websocket - INFO - connect:49 - WebSocket connected (user_id=None). Total: 6
2026-01-12 17:57:17,070 - cmt.websocket - INFO - websocket_devices:188 - WebSocket client disconnected normally
2026-01-12 17:57:17,070 - cmt.websocket - INFO - disconnect:62 - WebSocket disconnected. Total: 5
2026-01-12 17:57:20,071 - cmt.websocket - INFO - connect:49 - WebSocket connected (user_id=None). Total: 6
2026-01-12 17:57:20,072 - cmt.websocket - INFO - websocket_devices:188 - WebSocket client disconnected normally
2026-01-12 17:57:20,073 - cmt.websocket - INFO - disconnect:62 - WebSocket disconnected. Total: 5
2026-01-12 17:57:23,079 - cmt.websocket - INFO - connect:49 - WebSocket connected (user_id=None). Total: 6
2026-01-12 17:57:23,081 - cmt.websocket - INFO - websocket_devices:188 - WebSocket client disconnected normally
2026-01-12 17:57:23,081 - cmt.websocket - INFO - disconnect:62 - WebSocket disconnected. Total: 5
2026-01-12 17:57:26,081 - cmt.websocket - INFO - connect:49 - WebSocket connected (user_id=None). Total: 6
2026-01-12 17:57:26,083 - cmt.websocket - INFO - websocket_devices:188 - WebSocket client disconnected normally
2026-01-12 17:57:26,084 - cmt.websocket - INFO - disconnect:62 - WebSocket disconnected. Total: 5
2026-01-12 17:57:29,086 - cmt.websocket - INFO - connect:49 - WebSocket connected (user_id=None). Total: 6
2026-01-12 17:57:29,087 - cmt.websocket - INFO - websocket_devices:188 - WebSocket client disconnected normally
2026-01-12 17:57:29,088 - cmt.websocket - INFO - disconnect:62 - WebSocket disconnected. Total: 5
2026-01-12 17:57:32,087 - cmt.websocket - INFO - connect:49 - WebSocket connected (user_id=None). Total: 6
2026-01-12 17:57:32,088 - cmt.websocket - INFO - websocket_devices:188 - WebSocket client disconnected normally
2026-01-12 17:57:32,088 - cmt.websocket - INFO - disconnect:62 - WebSocket disconnected. Total: 5
2026-01-12 17:57:35,091 - cmt.websocket - INFO - connect:49 - WebSocket connected (user_id=None). Total: 6
2026-01-12 17:57:35,094 - cmt.websocket - INFO - websocket_devices:188 - WebSocket client disconnected normally
2026-01-12 17:57:35,094 - cmt.websocket - INFO - disconnect:62 - WebSocket disconnected. Total: 5
2026-01-12 17:57:38,097 - cmt.websocket - INFO - connect:49 - WebSocket connected (user_id=None). Total: 6
2026-01-12 17:57:38,098 - cmt.websocket - INFO - websocket_devices:188 - WebSocket client disconnected normally
2026-01-12 17:57:38,098 - cmt.websocket - INFO - disconnect:62 - WebSocket disconnected. Total: 5
2026-01-12 17:57:40,435 - cmt.websocket - INFO - websocket_devices:188 - WebSocket client disconnected normally
2026-01-12 17:57:40,436 - cmt.websocket - INFO - disconnect:62 - WebSocket disconnected. Total: 4
2026-01-12 18:00:42,141 - cmt.websocket - INFO - websocket_notifications:276 - Notification WebSocket disconnected (user_id=1)
2026-01-12 18:00:42,143 - cmt.websocket - INFO - disconnect:62 - WebSocket disconnected. Total: 3
2026-01-12 18:00:42,146 - cmt.websocket - INFO - websocket_notifications:276 - Notification WebSocket disconnected (user_id=1)
2026-01-12 18:00:42,146 - cmt.websocket - INFO - disconnect:62 - WebSocket disconnected. Total: 2
2026-01-12 18:00:42,147 - cmt.websocket - INFO - websocket_notifications:276 - Notification WebSocket disconnected (user_id=1)
2026-01-12 18:00:42,147 - cmt.websocket - INFO - disconnect:62 - WebSocket disconnected. Total: 1
2026-01-12 18:00:42,147 - cmt.websocket - INFO - websocket_notifications:276 - Notification WebSocket disconnected (user_id=1)
2026-01-12 18:00:42,147 - cmt.websocket - INFO - disconnect:62 - WebSocket disconnected. Total: 0
2026-01-12 18:00:44,135 - cmt.main - INFO - <module>:102 - Password hashing self-test passed
2026-01-12 18:00:45,181 - cmt.websocket - INFO - connect:49 - WebSocket connected (user_id=1). Total: 1
2026-01-12 18:00:45,182 - cmt.websocket - INFO - websocket_notifications:276 - Notification WebSocket disconnected (user_id=1)
2026-01-12 18:00:45,182 - cmt.websocket - INFO - disconnect:62 - WebSocket disconnected. Total: 0
2026-01-12 18:00:45,184 - cmt.websocket - INFO - connect:49 - WebSocket connected (user_id=1). Total: 1
2026-01-12 18:00:45,974 - cmt.websocket - INFO - connect:49 - WebSocket connected (user_id=1). Total: 2
2026-01-12 18:00:48,160 - cmt.websocket - INFO - connect:49 - WebSocket connected (user_id=1). Total: 3
2026-01-12 18:00:49,959 - cmt.websocket - INFO - connect:49 - WebSocket connected (user_id=1). Total: 4
2026-01-12 18:01:03,313 - cmt.websocket - INFO - websocket_notifications:276 - Notification WebSocket disconnected (user_id=1)
2026-01-12 18:01:03,317 - cmt.websocket - INFO - disconnect:62 - WebSocket disconnected. Total: 3
2026-01-12 18:01:03,318 - cmt.websocket - INFO - websocket_notifications:276 - Notification WebSocket disconnected (user_id=1)
2026-01-12 18:01:03,319 - cmt.websocket - INFO - disconnect:62 - WebSocket disconnected. Total: 2
2026-01-12 18:01:03,319 - cmt.websocket - INFO - websocket_notifications:276 - Notification WebSocket disconnected (user_id=1)
2026-01-12 18:01:03,319 - cmt.websocket - INFO - disconnect:62 - WebSocket disconnected. Total: 1
2026-01-12 18:01:03,320 - cmt.websocket - INFO - websocket_notifications:276 - Notification WebSocket disconnected (user_id=1)
2026-01-12 18:01:03,320 - cmt.websocket - INFO - disconnect:62 - WebSocket disconnected. Total: 0
2026-01-12 18:01:05,183 - cmt.main - INFO - <module>:102 - Password hashing self-test passed
2026-01-12 18:01:06,361 - cmt.websocket - INFO - connect:49 - WebSocket connected (user_id=1). Total: 1
2026-01-12 18:01:06,362 - cmt.websocket - INFO - websocket_notifications:276 - Notification WebSocket disconnected (user_id=1)
2026-01-12 18:01:06,362 - cmt.websocket - INFO - disconnect:62 - WebSocket disconnected. Total: 0
2026-01-12 18:01:06,364 - cmt.websocket - INFO - connect:49 - WebSocket connected (user_id=1). Total: 1
2026-01-12 18:01:06,972 - cmt.websocket - INFO - connect:49 - WebSocket connected (user_id=1). Total: 2
2026-01-12 18:01:09,335 - cmt.websocket - INFO - connect:49 - WebSocket connected (user_id=1). Total: 3
2026-01-12 18:01:10,967 - cmt.websocket - INFO - connect:49 - WebSocket connected (user_id=1). Total: 4
2026-01-12 18:01:59,842 - cmt.websocket - INFO - websocket_notifications:276 - Notification WebSocket disconnected (user_id=1)
2026-01-12 18:01:59,842 - cmt.websocket - INFO - disconnect:62 - WebSocket disconnected. Total: 3
2026-01-12 18:01:59,843 - cmt.websocket - INFO - websocket_notifications:276 - Notification WebSocket disconnected (user_id=1)
2026-01-12 18:01:59,843 - cmt.websocket - INFO - disconnect:62 - WebSocket disconnected. Total: 2
2026-01-12 18:01:59,843 - cmt.websocket - INFO - websocket_notifications:276 - Notification WebSocket disconnected (user_id=1)
2026-01-12 18:01:59,843 - cmt.websocket - INFO - disconnect:62 - WebSocket disconnected. Total: 1
2026-01-12 18:01:59,843 - cmt.websocket - INFO - websocket_notifications:276 - Notification WebSocket disconnected (user_id=1)
2026-01-12 18:01:59,843 - cmt.websocket - INFO - disconnect:62 - WebSocket disconnected. Total: 0
2026-01-12 18:02:01,530 - cmt.main - INFO - <module>:102 - Password hashing self-test passed
2026-01-12 18:02:02,894 - cmt.websocket - INFO - connect:49 - WebSocket connected (user_id=1). Total: 1
2026-01-12 18:02:02,968 - cmt.websocket - INFO - connect:49 - WebSocket connected (user_id=1). Total: 2
2026-01-12 18:02:05,868 - cmt.websocket - INFO - connect:49 - WebSocket connected (user_id=1). Total: 3
2026-01-12 18:02:06,960 - cmt.websocket - INFO - connect:49 - WebSocket connected (user_id=1). Total: 4
2026-01-12 18:02:13,699 - cmt.websocket - INFO - websocket_notifications:276 - Notification WebSocket disconnected (user_id=1)
2026-01-12 18:02:13,700 - cmt.websocket - INFO - disconnect:62 - WebSocket disconnected. Total: 3
2026-01-12 18:02:13,701 - cmt.websocket - INFO - websocket_notifications:276 - Notification WebSocket disconnected (user_id=1)
2026-01-12 18:02:13,701 - cmt.websocket - INFO - disconnect:62 - WebSocket disconnected. Total: 2
2026-01-12 18:02:13,701 - cmt.websocket - INFO - websocket_notifications:276 - Notification WebSocket disconnected (user_id=1)
2026-01-12 18:02:13,701 - cmt.websocket - INFO - disconnect:62 - WebSocket disconnected. Total: 1
2026-01-12 18:02:13,701 - cmt.websocket - INFO - websocket_notifications:276 - Notification WebSocket disconnected (user_id=1)
2026-01-12 18:02:13,702 - cmt.websocket - INFO - disconnect:62 - WebSocket disconnected. Total: 0
2026-01-12 18:02:16,612 - cmt.main - INFO - <module>:102 - Password hashing self-test passed
2026-01-12 18:02:16,742 - cmt.websocket - INFO - connect:49 - WebSocket connected (user_id=1). Total: 1
2026-01-12 18:02:16,743 - cmt.websocket - INFO - websocket_notifications:276 - Notification WebSocket disconnected (user_id=1)
2026-01-12 18:02:16,743 - cmt.websocket - INFO - disconnect:62 - WebSocket disconnected. Total: 0
2026-01-12 18:02:16,744 - cmt.websocket - INFO - connect:49 - WebSocket connected (user_id=1). Total: 1
2026-01-12 18:02:16,977 - cmt.websocket - INFO - connect:49 - WebSocket connected (user_id=1). Total: 2
2026-01-12 18:02:19,728 - cmt.websocket - INFO - connect:49 - WebSocket connected (user_id=1). Total: 3
2026-01-12 18:02:20,958 - cmt.websocket - INFO - connect:49 - WebSocket connected (user_id=1). Total: 4
2026-01-12 18:03:13,477 - cmt.websocket - INFO - connect:49 - WebSocket connected (user_id=None). Total: 5
2026-01-12 18:03:13,506 - cmt.websocket - INFO - connect:49 - WebSocket connected (user_id=None). Total: 6
2026-01-12 18:03:13,520 - cmt.websocket - INFO - websocket_devices:188 - WebSocket client disconnected normally
2026-01-12 18:03:13,521 - cmt.websocket - INFO - disconnect:62 - WebSocket disconnected. Total: 5
2026-01-12 18:03:16,523 - cmt.websocket - INFO - connect:49 - WebSocket connected (user_id=None). Total: 6
2026-01-12 18:03:16,525 - cmt.websocket - INFO - websocket_devices:188 - WebSocket client disconnected normally
2026-01-12 18:03:16,525 - cmt.websocket - INFO - disconnect:62 - WebSocket disconnected. Total: 5
2026-01-12 18:03:19,527 - cmt.websocket - INFO - connect:49 - WebSocket connected (user_id=None). Total: 6
2026-01-12 18:03:19,530 - cmt.websocket - INFO - websocket_devices:188 - WebSocket client disconnected normally
2026-01-12 18:03:19,531 - cmt.websocket - INFO - disconnect:62 - WebSocket disconnected. Total: 5
2026-01-12 18:03:22,535 - cmt.websocket - INFO - connect:49 - WebSocket connected (user_id=None). Total: 6
2026-01-12 18:03:22,537 - cmt.websocket - INFO - websocket_devices:188 - WebSocket client disconnected normally
2026-01-12 18:03:22,538 - cmt.websocket - INFO - disconnect:62 - WebSocket disconnected. Total: 5
2026-01-12 18:03:22,916 - cmt.f5 - INFO - _connect_to_f5:348 - Successfully connected to F5: 10.119.36.50
2026-01-12 18:03:22,917 - cmt.f5 - INFO - _perform_scan:412 - Scanning certificates on F5 device rudc10-lb-001.network.axadmin.net (10.119.36.50)
2026-01-12 18:03:25,533 - cmt.websocket - INFO - websocket_devices:188 - WebSocket client disconnected normally
2026-01-12 18:03:25,537 - cmt.websocket - INFO - disconnect:62 - WebSocket disconnected. Total: 4
2026-01-12 18:03:25,538 - cmt.websocket - INFO - connect:49 - WebSocket connected (user_id=None). Total: 5
2026-01-12 18:03:28,537 - cmt.websocket - INFO - websocket_devices:188 - WebSocket client disconnected normally
2026-01-12 18:03:28,537 - cmt.websocket - INFO - disconnect:62 - WebSocket disconnected. Total: 4
2026-01-12 18:03:28,538 - cmt.websocket - INFO - connect:49 - WebSocket connected (user_id=None). Total: 5
2026-01-12 18:03:30,726 - cmt.f5 - INFO - _perform_scan:535 - Database commit successful for rudc10-lb-001.network.axadmin.net
2026-01-12 18:03:30,727 - cmt.f5 - INFO - _perform_scan:537 - Scan complete for rudc10-lb-001.network.axadmin.net. Certs - New: 0, Updated: 21, Removed: 0. Facts refreshed: 0 field(s).
2026-01-12 18:03:31,541 - cmt.websocket - INFO - connect:49 - WebSocket connected (user_id=None). Total: 6
2026-01-12 18:03:31,542 - cmt.websocket - INFO - websocket_devices:188 - WebSocket client disconnected normally
2026-01-12 18:03:31,543 - cmt.websocket - INFO - disconnect:62 - WebSocket disconnected. Total: 5
2026-01-12 18:03:34,543 - cmt.websocket - INFO - websocket_devices:188 - WebSocket client disconnected normally
2026-01-12 18:03:34,543 - cmt.websocket - INFO - disconnect:62 - WebSocket disconnected. Total: 4
2026-01-12 18:03:34,543 - cmt.websocket - INFO - connect:49 - WebSocket connected (user_id=None). Total: 5
2026-01-12 18:03:37,546 - cmt.websocket - INFO - websocket_devices:188 - WebSocket client disconnected normally
2026-01-12 18:03:37,547 - cmt.websocket - INFO - disconnect:62 - WebSocket disconnected. Total: 4
2026-01-12 18:03:37,548 - cmt.websocket - INFO - connect:49 - WebSocket connected (user_id=None). Total: 5
2026-01-12 18:03:40,551 - cmt.websocket - INFO - websocket_devices:188 - WebSocket client disconnected normally
2026-01-12 18:03:40,552 - cmt.websocket - INFO - disconnect:62 - WebSocket disconnected. Total: 4
2026-01-12 18:03:40,553 - cmt.websocket - INFO - connect:49 - WebSocket connected (user_id=None). Total: 5
2026-01-12 18:03:43,559 - cmt.websocket - INFO - connect:49 - WebSocket connected (user_id=None). Total: 6
2026-01-12 18:03:43,562 - cmt.websocket - INFO - websocket_devices:188 - WebSocket client disconnected normally
2026-01-12 18:03:43,563 - cmt.websocket - INFO - disconnect:62 - WebSocket disconnected. Total: 5
2026-01-12 18:03:46,577 - cmt.websocket - INFO - connect:49 - WebSocket connected (user_id=None). Total: 6
2026-01-12 18:03:46,579 - cmt.websocket - INFO - websocket_devices:188 - WebSocket client disconnected normally
2026-01-12 18:03:46,580 - cmt.websocket - INFO - disconnect:62 - WebSocket disconnected. Total: 5
2026-01-12 18:03:49,322 - cmt.websocket - INFO - websocket_devices:188 - WebSocket client disconnected normally
2026-01-12 18:03:49,324 - cmt.websocket - INFO - disconnect:62 - WebSocket disconnected. Total: 4
2026-01-12 18:15:44,066 - cmt.websocket - INFO - websocket_notifications:276 - Notification WebSocket disconnected (user_id=1)
2026-01-12 18:15:44,073 - cmt.websocket - INFO - disconnect:62 - WebSocket disconnected. Total: 3
2026-01-12 18:15:44,075 - cmt.websocket - INFO - websocket_notifications:276 - Notification WebSocket disconnected (user_id=1)
2026-01-12 18:15:44,076 - cmt.websocket - INFO - disconnect:62 - WebSocket disconnected. Total: 2
2026-01-12 18:15:45,525 - cmt.websocket - INFO - connect:49 - WebSocket connected (user_id=1). Total: 3
2026-01-12 18:15:45,528 - cmt.websocket - INFO - websocket_notifications:276 - Notification WebSocket disconnected (user_id=1)
2026-01-12 18:15:45,528 - cmt.websocket - INFO - disconnect:62 - WebSocket disconnected. Total: 2
2026-01-12 18:15:45,549 - cmt.websocket - INFO - connect:49 - WebSocket connected (user_id=1). Total: 3
2026-01-12 18:15:48,495 - cmt.websocket - INFO - connect:49 - WebSocket connected (user_id=1). Total: 4
2026-01-12 18:15:49,095 - cmt.websocket - INFO - connect:49 - WebSocket connected (user_id=None). Total: 5
2026-01-12 18:15:49,111 - cmt.websocket - INFO - connect:49 - WebSocket connected (user_id=None). Total: 6
2026-01-12 18:15:49,140 - cmt.websocket - INFO - websocket_devices:188 - WebSocket client disconnected normally
2026-01-12 18:15:49,141 - cmt.websocket - INFO - disconnect:62 - WebSocket disconnected. Total: 5
2026-01-12 18:15:52,182 - cmt.websocket - INFO - connect:49 - WebSocket connected (user_id=None). Total: 6
2026-01-12 18:15:52,185 - cmt.websocket - INFO - websocket_devices:188 - WebSocket client disconnected normally
2026-01-12 18:15:52,186 - cmt.websocket - INFO - disconnect:62 - WebSocket disconnected. Total: 5
2026-01-12 18:15:54,595 - cmt.f5 - INFO - _connect_to_f5:348 - Successfully connected to F5: 10.119.8.85
2026-01-12 18:15:54,597 - cmt.f5 - INFO - _perform_scan:412 - Scanning certificates on F5 device usdc02-fab1-lb-002-white.network.axadmin.net (10.119.8.85)
2026-01-12 18:15:54,689 - cmt.f5 - INFO - _connect_to_f5:348 - Successfully connected to F5: 10.119.8.88
2026-01-12 18:15:54,690 - cmt.f5 - INFO - _perform_scan:412 - Scanning certificates on F5 device usdc02-fab1-lb-001-rell-npd.solera.farm (10.119.8.88)
2026-01-12 18:15:55,065 - cmt.f5 - INFO - _connect_to_f5:348 - Successfully connected to F5: 10.119.8.89
2026-01-12 18:15:55,067 - cmt.f5 - INFO - _perform_scan:412 - Scanning certificates on F5 device usdc02-fab1-lb-002-rell-npd.solera.farm (10.119.8.89)
2026-01-12 18:15:55,185 - cmt.websocket - INFO - connect:49 - WebSocket connected (user_id=None). Total: 6
2026-01-12 18:15:55,188 - cmt.websocket - INFO - websocket_devices:188 - WebSocket client disconnected normally
2026-01-12 18:15:55,189 - cmt.websocket - INFO - disconnect:62 - WebSocket disconnected. Total: 5
2026-01-12 18:15:55,730 - cmt.f5 - INFO - _connect_to_f5:348 - Successfully connected to F5: 10.119.16.86
2026-01-12 18:15:55,730 - cmt.f5 - INFO - _perform_scan:412 - Scanning certificates on F5 device eudc01-lb-001-greenpurple.network.axadmin.net (10.119.16.86)
2026-01-12 18:15:58,191 - cmt.websocket - INFO - websocket_devices:188 - WebSocket client disconnected normally
2026-01-12 18:15:58,191 - cmt.websocket - INFO - disconnect:62 - WebSocket disconnected. Total: 4
2026-01-12 18:15:58,193 - cmt.websocket - INFO - connect:49 - WebSocket connected (user_id=None). Total: 5
2026-01-12 18:16:01,033 - cmt.f5 - INFO - _perform_scan:535 - Database commit successful for usdc02-fab1-lb-002-white.network.axadmin.net
2026-01-12 18:16:01,034 - cmt.f5 - INFO - _perform_scan:537 - Scan complete for usdc02-fab1-lb-002-white.network.axadmin.net. Certs - New: 0, Updated: 51, Removed: 0. Facts refreshed: 0 field(s).
2026-01-12 18:16:01,194 - cmt.websocket - INFO - connect:49 - WebSocket connected (user_id=None). Total: 6
2026-01-12 18:16:01,195 - cmt.websocket - INFO - websocket_devices:188 - WebSocket client disconnected normally
2026-01-12 18:16:01,197 - cmt.websocket - INFO - disconnect:62 - WebSocket disconnected. Total: 5
2026-01-12 18:16:02,019 - cmt.f5 - INFO - _connect_to_f5:348 - Successfully connected to F5: 10.119.8.83
2026-01-12 18:16:02,020 - cmt.f5 - INFO - _perform_scan:412 - Scanning certificates on F5 device usdc02-fab1-lb-002-black.network.axadmin.net (10.119.8.83)
2026-01-12 18:16:03,405 - cmt.f5 - INFO - _perform_scan:535 - Database commit successful for usdc02-fab1-lb-001-rell-npd.solera.farm
2026-01-12 18:16:03,405 - cmt.f5 - INFO - _perform_scan:537 - Scan complete for usdc02-fab1-lb-001-rell-npd.solera.farm. Certs - New: 0, Updated: 69, Removed: 0. Facts refreshed: 0 field(s).
2026-01-12 18:16:04,199 - cmt.websocket - INFO - connect:49 - WebSocket connected (user_id=None). Total: 6
2026-01-12 18:16:04,204 - cmt.websocket - INFO - websocket_devices:188 - WebSocket client disconnected normally
2026-01-12 18:16:04,209 - cmt.websocket - INFO - disconnect:62 - WebSocket disconnected. Total: 5
2026-01-12 18:16:04,550 - cmt.f5 - INFO - _perform_scan:535 - Database commit successful for usdc02-fab1-lb-002-rell-npd.solera.farm
2026-01-12 18:16:04,551 - cmt.f5 - INFO - _perform_scan:537 - Scan complete for usdc02-fab1-lb-002-rell-npd.solera.farm. Certs - New: 0, Updated: 69, Removed: 0. Facts refreshed: 0 field(s).
2026-01-12 18:16:04,979 - cmt.f5 - INFO - _perform_scan:535 - Database commit successful for eudc01-lb-001-greenpurple.network.axadmin.net
2026-01-12 18:16:04,980 - cmt.f5 - INFO - _perform_scan:537 - Scan complete for eudc01-lb-001-greenpurple.network.axadmin.net. Certs - New: 0, Updated: 40, Removed: 0. Facts refreshed: 0 field(s).
2026-01-12 18:16:05,666 - cmt.f5 - INFO - _connect_to_f5:348 - Successfully connected to F5: 10.119.8.87
2026-01-12 18:16:05,667 - cmt.f5 - INFO - _perform_scan:412 - Scanning certificates on F5 device usdc02-fab1-lb-002-grpur.network.axadmin.net (10.119.8.87)
2026-01-12 18:16:05,689 - cmt.f5 - INFO - _connect_to_f5:348 - Successfully connected to F5: 10.119.24.75
2026-01-12 18:16:05,690 - cmt.f5 - INFO - _perform_scan:412 - Scanning certificates on F5 device eudc02-lb-001-vcmp.network.axadmin.net (10.119.24.75)
2026-01-12 18:16:05,871 - cmt.f5 - INFO - _connect_to_f5:348 - Successfully connected to F5: 10.119.0.85
2026-01-12 18:16:05,871 - cmt.f5 - INFO - _perform_scan:412 - Scanning certificates on F5 device usdc01-fab1-lb-002-white.network.axadmin.net (10.119.0.85)
2026-01-12 18:16:07,204 - cmt.websocket - INFO - websocket_devices:188 - WebSocket client disconnected normally
2026-01-12 18:16:07,204 - cmt.websocket - INFO - disconnect:62 - WebSocket disconnected. Total: 4
2026-01-12 18:16:07,206 - cmt.websocket - INFO - connect:49 - WebSocket connected (user_id=None). Total: 5
2026-01-12 18:16:07,755 - cmt.f5 - INFO - _perform_scan:535 - Database commit successful for eudc02-lb-001-vcmp.network.axadmin.net
2026-01-12 18:16:07,756 - cmt.f5 - INFO - _perform_scan:537 - Scan complete for eudc02-lb-001-vcmp.network.axadmin.net. Certs - New: 0, Updated: 4, Removed: 0. Facts refreshed: 0 field(s).
2026-01-12 18:16:08,737 - cmt.f5 - INFO - _connect_to_f5:348 - Successfully connected to F5: 10.119.8.84
2026-01-12 18:16:08,738 - cmt.f5 - INFO - _perform_scan:412 - Scanning certificates on F5 device usdc02-fab1-lb-001-white.network.axadmin.net (10.119.8.84)
2026-01-12 18:16:09,912 - cmt.f5 - INFO - _perform_scan:535 - Database commit successful for usdc01-fab1-lb-002-white.network.axadmin.net
2026-01-12 18:16:09,913 - cmt.f5 - INFO - _perform_scan:537 - Scan complete for usdc01-fab1-lb-002-white.network.axadmin.net. Certs - New: 0, Updated: 38, Removed: 0. Facts refreshed: 0 field(s).
2026-01-12 18:16:10,209 - cmt.websocket - INFO - connect:49 - WebSocket connected (user_id=None). Total: 6
2026-01-12 18:16:10,210 - cmt.websocket - INFO - websocket_devices:188 - WebSocket client disconnected normally
2026-01-12 18:16:10,210 - cmt.websocket - INFO - disconnect:62 - WebSocket disconnected. Total: 5
2026-01-12 18:16:11,163 - cmt.f5 - INFO - _perform_scan:535 - Database commit successful for usdc02-fab1-lb-002-grpur.network.axadmin.net
2026-01-12 18:16:11,163 - cmt.f5 - INFO - _perform_scan:537 - Scan complete for usdc02-fab1-lb-002-grpur.network.axadmin.net. Certs - New: 0, Updated: 44, Removed: 0. Facts refreshed: 0 field(s).
2026-01-12 18:16:11,694 - cmt.f5 - INFO - _connect_to_f5:348 - Successfully connected to F5: 10.119.24.87
2026-01-12 18:16:11,695 - cmt.f5 - INFO - _perform_scan:412 - Scanning certificates on F5 device eudc02-lb-002-greenpurple.network.axadmin.net (10.119.24.87)
2026-01-12 18:16:12,705 - cmt.f5 - INFO - _connect_to_f5:348 - Successfully connected to F5: 10.119.16.83
2026-01-12 18:16:12,706 - cmt.f5 - INFO - _perform_scan:412 - Scanning certificates on F5 device eudc01-lb-002-black.network.axadmin.net (10.119.16.83)
2026-01-12 18:16:13,210 - cmt.websocket - INFO - websocket_devices:188 - WebSocket client disconnected normally
2026-01-12 18:16:13,210 - cmt.websocket - INFO - disconnect:62 - WebSocket disconnected. Total: 4
2026-01-12 18:16:13,211 - cmt.websocket - INFO - connect:49 - WebSocket connected (user_id=None). Total: 5
2026-01-12 18:16:14,465 - cmt.f5 - INFO - _perform_scan:535 - Database commit successful for usdc02-fab1-lb-001-white.network.axadmin.net
2026-01-12 18:16:14,465 - cmt.f5 - INFO - _perform_scan:537 - Scan complete for usdc02-fab1-lb-001-white.network.axadmin.net. Certs - New: 0, Updated: 51, Removed: 0. Facts refreshed: 0 field(s).
2026-01-12 18:16:15,865 - cmt.f5 - INFO - _connect_to_f5:348 - Successfully connected to F5: 10.119.16.91
2026-01-12 18:16:15,874 - cmt.f5 - INFO - _perform_scan:412 - Scanning certificates on F5 device eudc01-lb-002-test.network.axadmin.net (10.119.16.91)
2026-01-12 18:16:16,214 - cmt.websocket - INFO - websocket_devices:188 - WebSocket client disconnected normally
2026-01-12 18:16:16,215 - cmt.websocket - INFO - disconnect:62 - WebSocket disconnected. Total: 4
2026-01-12 18:16:16,221 - cmt.websocket - INFO - connect:49 - WebSocket connected (user_id=None). Total: 5
2026-01-12 18:16:17,841 - cmt.f5 - INFO - _perform_scan:535 - Database commit successful for eudc01-lb-002-test.network.axadmin.net
2026-01-12 18:16:17,842 - cmt.f5 - INFO - _perform_scan:537 - Scan complete for eudc01-lb-002-test.network.axadmin.net. Certs - New: 0, Updated: 5, Removed: 0. Facts refreshed: 0 field(s).
2026-01-12 18:16:19,251 - cmt.websocket - INFO - connect:49 - WebSocket connected (user_id=None). Total: 6
2026-01-12 18:16:19,253 - cmt.websocket - INFO - websocket_devices:188 - WebSocket client disconnected normally
2026-01-12 18:16:19,253 - cmt.websocket - INFO - disconnect:62 - WebSocket disconnected. Total: 5
2026-01-12 18:16:19,594 - cmt.f5 - INFO - _connect_to_f5:348 - Successfully connected to F5: 10.119.24.83
2026-01-12 18:16:19,595 - cmt.f5 - INFO - _perform_scan:412 - Scanning certificates on F5 device eudc02-lb-002-black.network.axadmin.net (10.119.24.83)
2026-01-12 18:16:19,931 - cmt.f5 - INFO - _perform_scan:535 - Database commit successful for usdc02-fab1-lb-002-black.network.axadmin.net
2026-01-12 18:16:19,936 - cmt.f5 - INFO - _perform_scan:537 - Scan complete for usdc02-fab1-lb-002-black.network.axadmin.net. Certs - New: 0, Updated: 147, Removed: 0. Facts refreshed: 0 field(s).
2026-01-12 18:16:20,877 - cmt.f5 - INFO - _connect_to_f5:348 - Successfully connected to F5: 10.119.8.86
2026-01-12 18:16:20,877 - cmt.f5 - INFO - _perform_scan:412 - Scanning certificates on F5 device usdc02-fab1-lb-001-grpur.network.axadmin.net (10.119.8.86)
2026-01-12 18:16:22,246 - cmt.websocket - INFO - connect:49 - WebSocket connected (user_id=None). Total: 6
2026-01-12 18:16:22,252 - cmt.websocket - INFO - websocket_devices:188 - WebSocket client disconnected normally
2026-01-12 18:16:22,253 - cmt.websocket - INFO - disconnect:62 - WebSocket disconnected. Total: 5
2026-01-12 18:16:25,243 - cmt.websocket - INFO - connect:49 - WebSocket connected (user_id=None). Total: 6
2026-01-12 18:16:25,244 - cmt.websocket - INFO - websocket_devices:188 - WebSocket client disconnected normally
2026-01-12 18:16:25,245 - cmt.websocket - INFO - disconnect:62 - WebSocket disconnected. Total: 5
2026-01-12 18:16:26,848 - cmt.f5 - INFO - _perform_scan:535 - Database commit successful for usdc02-fab1-lb-001-grpur.network.axadmin.net
2026-01-12 18:16:26,849 - cmt.f5 - INFO - _perform_scan:537 - Scan complete for usdc02-fab1-lb-001-grpur.network.axadmin.net. Certs - New: 0, Updated: 44, Removed: 0. Facts refreshed: 0 field(s).
2026-01-12 18:16:27,034 - cmt.f5 - INFO - _perform_scan:535 - Database commit successful for eudc02-lb-002-greenpurple.network.axadmin.net
2026-01-12 18:16:27,035 - cmt.f5 - INFO - _perform_scan:537 - Scan complete for eudc02-lb-002-greenpurple.network.axadmin.net. Certs - New: 0, Updated: 70, Removed: 0. Facts refreshed: 0 field(s).
2026-01-12 18:16:28,003 - cmt.f5 - INFO - _connect_to_f5:348 - Successfully connected to F5: 10.119.0.87
2026-01-12 18:16:28,004 - cmt.f5 - INFO - _perform_scan:412 - Scanning certificates on F5 device USDC01-LB02-GRPUR-SEC.solera.farm (10.119.0.87)
2026-01-12 18:16:28,246 - cmt.websocket - INFO - connect:49 - WebSocket connected (user_id=None). Total: 6
2026-01-12 18:16:28,247 - cmt.websocket - INFO - websocket_devices:188 - WebSocket client disconnected normally
2026-01-12 18:16:28,248 - cmt.websocket - INFO - disconnect:62 - WebSocket disconnected. Total: 5
2026-01-12 18:16:28,371 - cmt.f5 - INFO - _connect_to_f5:348 - Successfully connected to F5: 10.119.16.89
2026-01-12 18:16:28,371 - cmt.f5 - INFO - _perform_scan:412 - Scanning certificates on F5 device eudc01-lb-002-nonprod.network.axadmin.net (10.119.16.89)
2026-01-12 18:16:31,262 - cmt.websocket - INFO - connect:49 - WebSocket connected (user_id=None). Total: 6
2026-01-12 18:16:31,265 - cmt.websocket - INFO - websocket_devices:188 - WebSocket client disconnected normally
2026-01-12 18:16:31,265 - cmt.websocket - INFO - disconnect:62 - WebSocket disconnected. Total: 5
2026-01-12 18:16:32,546 - cmt.f5 - INFO - _perform_scan:535 - Database commit successful for USDC01-LB02-GRPUR-SEC.solera.farm
2026-01-12 18:16:32,547 - cmt.f5 - INFO - _perform_scan:537 - Scan complete for USDC01-LB02-GRPUR-SEC.solera.farm. Certs - New: 0, Updated: 41, Removed: 0. Facts refreshed: 0 field(s).
2026-01-12 18:16:33,821 - cmt.f5 - INFO - _perform_scan:535 - Database commit successful for eudc01-lb-002-black.network.axadmin.net
2026-01-12 18:16:33,822 - cmt.f5 - INFO - _perform_scan:537 - Scan complete for eudc01-lb-002-black.network.axadmin.net. Certs - New: 0, Updated: 108, Removed: 0. Facts refreshed: 0 field(s).
2026-01-12 18:16:34,150 - cmt.websocket - INFO - websocket_devices:188 - WebSocket client disconnected normally
2026-01-12 18:16:34,150 - cmt.websocket - INFO - disconnect:62 - WebSocket disconnected. Total: 4
2026-01-12 18:16:34,327 - cmt.f5 - INFO - _connect_to_f5:348 - Successfully connected to F5: 10.119.16.84
2026-01-12 18:16:34,329 - cmt.f5 - INFO - _perform_scan:412 - Scanning certificates on F5 device eudc01-lb-001-white.network.axadmin.net (10.119.16.84)
2026-01-12 18:16:34,622 - cmt.f5 - INFO - _connect_to_f5:348 - Successfully connected to F5: 10.119.0.89
2026-01-12 18:16:34,624 - cmt.f5 - INFO - _perform_scan:412 - Scanning certificates on F5 device USDC01-LB02-BLUENP-SEC.solera.farm (10.119.0.89)
2026-01-12 18:16:37,361 - cmt.f5 - INFO - _perform_scan:535 - Database commit successful for USDC01-LB02-BLUENP-SEC.solera.farm
2026-01-12 18:16:37,362 - cmt.f5 - INFO - _perform_scan:537 - Scan complete for USDC01-LB02-BLUENP-SEC.solera.farm. Certs - New: 0, Updated: 22, Removed: 0. Facts refreshed: 0 field(s).
2026-01-12 18:16:38,962 - cmt.f5 - INFO - _connect_to_f5:348 - Successfully connected to F5: 10.119.16.87
2026-01-12 18:16:38,963 - cmt.f5 - INFO - _perform_scan:412 - Scanning certificates on F5 device eudc01-lb-002-greenpurple.network.axadmin.net (10.119.16.87)
2026-01-12 18:16:47,385 - cmt.f5 - INFO - _perform_scan:535 - Database commit successful for eudc01-lb-002-greenpurple.network.axadmin.net
2026-01-12 18:16:47,386 - cmt.f5 - INFO - _perform_scan:537 - Scan complete for eudc01-lb-002-greenpurple.network.axadmin.net. Certs - New: 0, Updated: 40, Removed: 0. Facts refreshed: 0 field(s).
2026-01-12 18:16:48,395 - cmt.f5 - INFO - _connect_to_f5:348 - Successfully connected to F5: 10.119.8.82
2026-01-12 18:16:48,396 - cmt.f5 - INFO - _perform_scan:412 - Scanning certificates on F5 device usdc02-fab1-lb-001-black.network.axadmin.net (10.119.8.82)
2026-01-12 18:16:51,547 - cmt.f5 - INFO - _perform_scan:535 - Database commit successful for eudc01-lb-002-nonprod.network.axadmin.net
2026-01-12 18:16:51,547 - cmt.f5 - INFO - _perform_scan:537 - Scan complete for eudc01-lb-002-nonprod.network.axadmin.net. Certs - New: 0, Updated: 118, Removed: 0. Facts refreshed: 0 field(s).
2026-01-12 18:16:53,134 - cmt.f5 - INFO - _connect_to_f5:348 - Successfully connected to F5: 10.119.16.85
2026-01-12 18:16:53,138 - cmt.f5 - INFO - _perform_scan:412 - Scanning certificates on F5 device eudc01-lb-002-white.network.axadmin.net (10.119.16.85)
2026-01-12 18:16:57,583 - cmt.f5 - INFO - _perform_scan:535 - Database commit successful for eudc01-lb-001-white.network.axadmin.net
2026-01-12 18:16:57,584 - cmt.f5 - INFO - _perform_scan:537 - Scan complete for eudc01-lb-001-white.network.axadmin.net. Certs - New: 0, Updated: 119, Removed: 0. Facts refreshed: 0 field(s).
2026-01-12 18:16:59,243 - cmt.f5 - INFO - _connect_to_f5:348 - Successfully connected to F5: 10.119.16.81
2026-01-12 18:16:59,244 - cmt.f5 - INFO - _perform_scan:412 - Scanning certificates on F5 device eudc01-lb-002-blue.network.axadmin.net (10.119.16.81)
2026-01-12 18:17:01,277 - cmt.f5 - INFO - _perform_scan:535 - Database commit successful for eudc02-lb-002-black.network.axadmin.net
2026-01-12 18:17:01,278 - cmt.f5 - INFO - _perform_scan:537 - Scan complete for eudc02-lb-002-black.network.axadmin.net. Certs - New: 0, Updated: 196, Removed: 0. Facts refreshed: 0 field(s).
2026-01-12 18:17:02,344 - cmt.f5 - INFO - _connect_to_f5:348 - Successfully connected to F5: 10.119.0.91
2026-01-12 18:17:02,344 - cmt.f5 - INFO - _perform_scan:412 - Scanning certificates on F5 device usdc01-fab1-lb-002-black-nonprod.network.axadmin.net (10.119.0.91)
2026-01-12 18:17:06,187 - cmt.f5 - INFO - _perform_scan:535 - Database commit successful for usdc02-fab1-lb-001-black.network.axadmin.net
2026-01-12 18:17:06,188 - cmt.f5 - INFO - _perform_scan:537 - Scan complete for usdc02-fab1-lb-001-black.network.axadmin.net. Certs - New: 0, Updated: 147, Removed: 0. Facts refreshed: 0 field(s).
2026-01-12 18:17:10,656 - cmt.f5 - INFO - _connect_to_f5:348 - Successfully connected to F5: 10.119.16.90
2026-01-12 18:17:10,657 - cmt.f5 - INFO - _perform_scan:412 - Scanning certificates on F5 device eudc01-lb-001-test.network.axadmin.net (10.119.16.90)
2026-01-12 18:17:12,696 - cmt.f5 - INFO - _perform_scan:535 - Database commit successful for eudc01-lb-001-test.network.axadmin.net
2026-01-12 18:17:12,696 - cmt.f5 - INFO - _perform_scan:537 - Scan complete for eudc01-lb-001-test.network.axadmin.net. Certs - New: 0, Updated: 5, Removed: 0. Facts refreshed: 0 field(s).
2026-01-12 18:17:14,381 - cmt.f5 - INFO - _connect_to_f5:348 - Successfully connected to F5: 10.119.24.82
2026-01-12 18:17:14,382 - cmt.f5 - INFO - _perform_scan:412 - Scanning certificates on F5 device eudc02-lb-001-black.network.axadmin.net (10.119.24.82)
2026-01-12 18:17:15,190 - cmt.f5 - INFO - _perform_scan:535 - Database commit successful for usdc01-fab1-lb-002-black-nonprod.network.axadmin.net
2026-01-12 18:17:15,194 - cmt.f5 - INFO - _perform_scan:537 - Scan complete for usdc01-fab1-lb-002-black-nonprod.network.axadmin.net. Certs - New: 0, Updated: 85, Removed: 0. Facts refreshed: 0 field(s).
2026-01-12 18:17:17,030 - cmt.f5 - INFO - _connect_to_f5:348 - Successfully connected to F5: 10.119.24.86
2026-01-12 18:17:17,031 - cmt.f5 - INFO - _perform_scan:412 - Scanning certificates on F5 device eudc02-lb-001-greenpurple.network.axadmin.net (10.119.24.86)
2026-01-12 18:17:19,566 - cmt.f5 - INFO - _perform_scan:535 - Database commit successful for eudc01-lb-002-white.network.axadmin.net
2026-01-12 18:17:19,567 - cmt.f5 - INFO - _perform_scan:537 - Scan complete for eudc01-lb-002-white.network.axadmin.net. Certs - New: 0, Updated: 119, Removed: 0. Facts refreshed: 0 field(s).
2026-01-12 18:17:21,114 - cmt.f5 - INFO - _connect_to_f5:348 - Successfully connected to F5: 10.119.24.91
2026-01-12 18:17:21,115 - cmt.f5 - INFO - _perform_scan:412 - Scanning certificates on F5 device eudc02-lb-002-test.network.axadmin.net (10.119.24.91)
2026-01-12 18:17:23,131 - cmt.f5 - INFO - _perform_scan:535 - Database commit successful for eudc02-lb-002-test.network.axadmin.net
2026-01-12 18:17:23,132 - cmt.f5 - INFO - _perform_scan:537 - Scan complete for eudc02-lb-002-test.network.axadmin.net. Certs - New: 0, Updated: 4, Removed: 0. Facts refreshed: 0 field(s).
2026-01-12 18:17:24,045 - cmt.f5 - INFO - _connect_to_f5:348 - Successfully connected to F5: 10.119.0.84
2026-01-12 18:17:24,046 - cmt.f5 - INFO - _perform_scan:412 - Scanning certificates on F5 device usdc01-fab1-lb-001-white.network.axadmin.net (10.119.0.84)
2026-01-12 18:17:24,563 - cmt.f5 - INFO - _perform_scan:535 - Database commit successful for eudc01-lb-002-blue.network.axadmin.net
2026-01-12 18:17:24,563 - cmt.f5 - INFO - _perform_scan:537 - Scan complete for eudc01-lb-002-blue.network.axadmin.net. Certs - New: 0, Updated: 116, Removed: 0. Facts refreshed: 0 field(s).
2026-01-12 18:17:25,814 - cmt.f5 - INFO - _connect_to_f5:348 - Successfully connected to F5: 10.119.0.86
2026-01-12 18:17:25,816 - cmt.f5 - INFO - _perform_scan:412 - Scanning certificates on F5 device USDC01-LB01-GRPUR-PRI.network.axadmin.net (10.119.0.86)
2026-01-12 18:17:26,152 - cmt.websocket - INFO - connect:49 - WebSocket connected (user_id=None). Total: 5
2026-01-12 18:17:26,172 - cmt.websocket - INFO - connect:49 - WebSocket connected (user_id=None). Total: 6
2026-01-12 18:17:26,195 - cmt.websocket - INFO - websocket_devices:188 - WebSocket client disconnected normally
2026-01-12 18:17:26,195 - cmt.websocket - INFO - disconnect:62 - WebSocket disconnected. Total: 5
2026-01-12 18:17:28,434 - cmt.f5 - INFO - _perform_scan:535 - Database commit successful for usdc01-fab1-lb-001-white.network.axadmin.net
2026-01-12 18:17:28,435 - cmt.f5 - INFO - _perform_scan:537 - Scan complete for usdc01-fab1-lb-001-white.network.axadmin.net. Certs - New: 0, Updated: 38, Removed: 0. Facts refreshed: 0 field(s).
2026-01-12 18:17:29,199 - cmt.websocket - INFO - connect:49 - WebSocket connected (user_id=None). Total: 6
2026-01-12 18:17:29,201 - cmt.websocket - INFO - websocket_devices:188 - WebSocket client disconnected normally
2026-01-12 18:17:29,202 - cmt.websocket - INFO - disconnect:62 - WebSocket disconnected. Total: 5
2026-01-12 18:17:30,762 - cmt.f5 - INFO - _perform_scan:535 - Database commit successful for USDC01-LB01-GRPUR-PRI.network.axadmin.net
2026-01-12 18:17:30,762 - cmt.f5 - INFO - _perform_scan:537 - Scan complete for USDC01-LB01-GRPUR-PRI.network.axadmin.net. Certs - New: 0, Updated: 41, Removed: 0. Facts refreshed: 0 field(s).
2026-01-12 18:17:32,118 - cmt.f5 - INFO - _connect_to_f5:348 - Successfully connected to F5: 10.119.8.81
2026-01-12 18:17:32,119 - cmt.f5 - INFO - _perform_scan:412 - Scanning certificates on F5 device usdc02-fab1-lb-002-blue.network.axadmin.net (10.119.8.81)
2026-01-12 18:17:32,174 - cmt.f5 - INFO - _perform_scan:535 - Database commit successful for eudc02-lb-001-greenpurple.network.axadmin.net
2026-01-12 18:17:32,175 - cmt.f5 - INFO - _perform_scan:537 - Scan complete for eudc02-lb-001-greenpurple.network.axadmin.net. Certs - New: 0, Updated: 70, Removed: 0. Facts refreshed: 0 field(s).
2026-01-12 18:17:32,200 - cmt.websocket - INFO - websocket_devices:188 - WebSocket client disconnected normally
2026-01-12 18:17:32,200 - cmt.websocket - INFO - disconnect:62 - WebSocket disconnected. Total: 4
2026-01-12 18:17:32,201 - cmt.websocket - INFO - connect:49 - WebSocket connected (user_id=None). Total: 5
2026-01-12 18:17:33,102 - cmt.retry - WARNING - wrapper:58 - _connect_to_f5 attempt 1/3 failed: 401 Unexpected Error: F5 Authorization Required for uri: https://10.119.34.9:443/mgmt/shared/authn/login
Text: '{"code":401,"message":"Authentication failed.","referer":"10.119.17.4","restOperationId":149313340,"kind":":resterrorresponse"}'. Retrying in 2.0s...
2026-01-12 18:17:33,249 - cmt.f5 - INFO - _connect_to_f5:348 - Successfully connected to F5: 10.119.0.88
2026-01-12 18:17:33,250 - cmt.f5 - INFO - _perform_scan:412 - Scanning certificates on F5 device USDC01-LB01-BLUENP-PRI.solera.farm (10.119.0.88)
2026-01-12 18:17:35,205 - cmt.websocket - INFO - connect:49 - WebSocket connected (user_id=None). Total: 6
2026-01-12 18:17:35,205 - cmt.websocket - INFO - websocket_devices:188 - WebSocket client disconnected normally
2026-01-12 18:17:35,205 - cmt.websocket - INFO - disconnect:62 - WebSocket disconnected. Total: 5
2026-01-12 18:17:36,277 - cmt.f5 - INFO - _perform_scan:535 - Database commit successful for USDC01-LB01-BLUENP-PRI.solera.farm
2026-01-12 18:17:36,278 - cmt.f5 - INFO - _perform_scan:537 - Scan complete for USDC01-LB01-BLUENP-PRI.solera.farm. Certs - New: 0, Updated: 22, Removed: 0. Facts refreshed: 0 field(s).
2026-01-12 18:17:38,018 - cmt.f5 - INFO - _connect_to_f5:348 - Successfully connected to F5: 10.119.24.81
2026-01-12 18:17:38,019 - cmt.f5 - INFO - _perform_scan:412 - Scanning certificates on F5 device eudc02-lb-002-blue.network.axadmin.net (10.119.24.81)
2026-01-12 18:17:38,209 - cmt.websocket - INFO - connect:49 - WebSocket connected (user_id=None). Total: 6
2026-01-12 18:17:38,211 - cmt.websocket - INFO - websocket_devices:188 - WebSocket client disconnected normally
2026-01-12 18:17:38,211 - cmt.websocket - INFO - disconnect:62 - WebSocket disconnected. Total: 5
2026-01-12 18:17:39,929 - cmt.retry - WARNING - wrapper:58 - _connect_to_f5 attempt 2/3 failed: 401 Unexpected Error: F5 Authorization Required for uri: https://10.119.34.9:443/mgmt/shared/authn/login
Text: '{"code":401,"message":"Authentication failed.","referer":"10.119.17.4","restOperationId":149313485,"kind":":resterrorresponse"}'. Retrying in 4.0s...
2026-01-12 18:17:41,057 - cmt.f5 - INFO - _perform_scan:535 - Database commit successful for usdc02-fab1-lb-002-blue.network.axadmin.net
2026-01-12 18:17:41,057 - cmt.f5 - INFO - _perform_scan:537 - Scan complete for usdc02-fab1-lb-002-blue.network.axadmin.net. Certs - New: 0, Updated: 71, Removed: 0. Facts refreshed: 0 field(s).
2026-01-12 18:17:41,211 - cmt.websocket - INFO - connect:49 - WebSocket connected (user_id=None). Total: 6
2026-01-12 18:17:41,213 - cmt.websocket - INFO - websocket_devices:188 - WebSocket client disconnected normally
2026-01-12 18:17:41,214 - cmt.websocket - INFO - disconnect:62 - WebSocket disconnected. Total: 5
2026-01-12 18:17:42,658 - cmt.f5 - INFO - _connect_to_f5:348 - Successfully connected to F5: 10.119.24.80
2026-01-12 18:17:42,660 - cmt.f5 - INFO - _perform_scan:412 - Scanning certificates on F5 device eudc02-lb-001-blue.network.axadmin.net (10.119.24.80)
2026-01-12 18:17:44,225 - cmt.websocket - INFO - connect:49 - WebSocket connected (user_id=None). Total: 6
2026-01-12 18:17:44,228 - cmt.websocket - INFO - websocket_devices:188 - WebSocket client disconnected normally
2026-01-12 18:17:44,228 - cmt.websocket - INFO - disconnect:62 - WebSocket disconnected. Total: 5
2026-01-12 18:17:46,989 - cmt.retry - ERROR - wrapper:47 - _connect_to_f5 failed after 3 attempts: 401 Unexpected Error: F5 Authorization Required for uri: https://10.119.34.9:443/mgmt/shared/authn/login
Text: '{"code":401,"message":"Maximum number of login attempts exceeded.","referer":"10.119.17.4","restOperationId":149313888,"kind":":resterrorresponse"}'
2026-01-12 18:17:46,998 - cmt.f5 - ERROR - _perform_scan:570 - [AUTH ERROR] Authentication failed for bedc01-fab1-lb-002.network.axadmin.net (10.119.34.9). Please verify credentials are correct for this device.
Traceback (most recent call last):
  File "/app/services/f5_service_logic.py", line 411, in _perform_scan
    mgmt = _connect_to_f5(device.ip_address, username, password)
           ^^^^^^^^^^^^^^^^^^^^^^^^^^^^^^^^^^^^^^^^^^^^^^^^^^^^^
  File "/app/core/retry.py", line 42, in wrapper
    return func(*args, **kwargs)
           ^^^^^^^^^^^^^^^^^^^^^
  File "/app/services/f5_service_logic.py", line 347, in _connect_to_f5
    mgmt = ManagementRoot(hostname, username, password, token=True)
           ^^^^^^^^^^^^^^^^^^^^^^^^^^^^^^^^^^^^^^^^^^^^^^^^^^^^^^^^
  File "/usr/local/lib/python3.11/site-packages/f5/bigip/__init__.py", line 183, in __init__
    self.post_configuration_setup()
  File "/usr/local/lib/python3.11/site-packages/f5/bigip/__init__.py", line 119, in post_configuration_setup
    self._get_tmos_version()
  File "/usr/local/lib/python3.11/site-packages/f5/bigip/__init__.py", line 138, in _get_tmos_version
    response = connect.get(base_uri)
               ^^^^^^^^^^^^^^^^^^^^^
  File "/usr/local/lib/python3.11/site-packages/icontrol/session.py", line 281, in wrapper
    response = method(self, REST_uri, **kwargs)
               ^^^^^^^^^^^^^^^^^^^^^^^^^^^^^^^^
  File "/usr/local/lib/python3.11/site-packages/icontrol/session.py", line 524, in get
    prepared = self.session.prepare_request(req)
               ^^^^^^^^^^^^^^^^^^^^^^^^^^^^^^^^^
  File "/usr/local/lib/python3.11/site-packages/requests/sessions.py", line 486, in prepare_request
    p.prepare(
  File "/usr/local/lib/python3.11/site-packages/requests/models.py", line 372, in prepare
    self.prepare_auth(auth, url)
  File "/usr/local/lib/python3.11/site-packages/requests/models.py", line 603, in prepare_auth
    r = auth(self)
        ^^^^^^^^^^
  File "/usr/local/lib/python3.11/site-packages/icontrol/authtoken.py", line 254, in __call__
    self.get_new_token(netloc)
  File "/usr/local/lib/python3.11/site-packages/icontrol/authtoken.py", line 159, in get_new_token
    raise iControlUnexpectedHTTPError(error_message,
icontrol.exceptions.iControlUnexpectedHTTPError: 401 Unexpected Error: F5 Authorization Required for uri: https://10.119.34.9:443/mgmt/shared/authn/login
Text: '{"code":401,"message":"Maximum number of login attempts exceeded.","referer":"10.119.17.4","restOperationId":149313888,"kind":":resterrorresponse"}'

2026-01-12 18:17:47,225 - cmt.websocket - INFO - connect:49 - WebSocket connected (user_id=None). Total: 6
2026-01-12 18:17:47,228 - cmt.websocket - INFO - websocket_devices:188 - WebSocket client disconnected normally
2026-01-12 18:17:47,230 - cmt.websocket - INFO - disconnect:62 - WebSocket disconnected. Total: 5
2026-01-12 18:17:49,870 - cmt.f5 - INFO - _connect_to_f5:348 - Successfully connected to F5: 10.119.24.88
2026-01-12 18:17:49,870 - cmt.f5 - INFO - _perform_scan:412 - Scanning certificates on F5 device eudc02-lb-001-nonprod.network.axadmin.net (10.119.24.88)
2026-01-12 18:17:50,226 - cmt.websocket - INFO - connect:49 - WebSocket connected (user_id=None). Total: 6
2026-01-12 18:17:50,227 - cmt.websocket - INFO - websocket_devices:188 - WebSocket client disconnected normally
2026-01-12 18:17:50,227 - cmt.websocket - INFO - disconnect:62 - WebSocket disconnected. Total: 5
2026-01-12 18:17:53,309 - cmt.websocket - INFO - connect:49 - WebSocket connected (user_id=None). Total: 6
2026-01-12 18:17:53,310 - cmt.websocket - INFO - websocket_devices:188 - WebSocket client disconnected normally
2026-01-12 18:17:53,310 - cmt.websocket - INFO - disconnect:62 - WebSocket disconnected. Total: 5
2026-01-12 18:17:55,723 - cmt.f5 - INFO - _perform_scan:535 - Database commit successful for eudc02-lb-001-black.network.axadmin.net
2026-01-12 18:17:55,723 - cmt.f5 - INFO - _perform_scan:537 - Scan complete for eudc02-lb-001-black.network.axadmin.net. Certs - New: 0, Updated: 196, Removed: 0. Facts refreshed: 0 field(s).
2026-01-12 18:17:56,475 - cmt.websocket - INFO - connect:49 - WebSocket connected (user_id=None). Total: 6
2026-01-12 18:17:56,476 - cmt.websocket - INFO - websocket_devices:188 - WebSocket client disconnected normally
2026-01-12 18:17:56,477 - cmt.websocket - INFO - disconnect:62 - WebSocket disconnected. Total: 5
2026-01-12 18:17:57,605 - cmt.f5 - INFO - _connect_to_f5:348 - Successfully connected to F5: 10.119.24.84
2026-01-12 18:17:57,606 - cmt.f5 - INFO - _perform_scan:412 - Scanning certificates on F5 device eudc02-lb-001-white.network.axadmin.net (10.119.24.84)
2026-01-12 18:17:59,527 - cmt.websocket - INFO - connect:49 - WebSocket connected (user_id=None). Total: 6
2026-01-12 18:17:59,529 - cmt.websocket - INFO - websocket_devices:188 - WebSocket client disconnected normally
2026-01-12 18:17:59,529 - cmt.websocket - INFO - disconnect:62 - WebSocket disconnected. Total: 5
2026-01-12 18:18:01,034 - cmt.websocket - INFO - websocket_devices:188 - WebSocket client disconnected normally
2026-01-12 18:18:01,035 - cmt.websocket - INFO - disconnect:62 - WebSocket disconnected. Total: 4
2026-01-12 18:18:19,339 - cmt.f5 - INFO - _perform_scan:535 - Database commit successful for eudc02-lb-002-blue.network.axadmin.net
2026-01-12 18:18:19,341 - cmt.f5 - INFO - _perform_scan:537 - Scan complete for eudc02-lb-002-blue.network.axadmin.net. Certs - New: 0, Updated: 188, Removed: 0. Facts refreshed: 0 field(s).
2026-01-12 18:18:20,647 - cmt.f5 - INFO - _connect_to_f5:348 - Successfully connected to F5: 10.119.0.80
2026-01-12 18:18:20,648 - cmt.f5 - INFO - _perform_scan:412 - Scanning certificates on F5 device USDC01-LB01-BLUE-PRI.network.axadmin.net (10.119.0.80)
2026-01-12 18:18:24,954 - cmt.f5 - INFO - _perform_scan:535 - Database commit successful for eudc02-lb-001-blue.network.axadmin.net
2026-01-12 18:18:24,955 - cmt.f5 - INFO - _perform_scan:537 - Scan complete for eudc02-lb-001-blue.network.axadmin.net. Certs - New: 0, Updated: 188, Removed: 0. Facts refreshed: 0 field(s).
2026-01-12 18:18:27,425 - cmt.f5 - INFO - _perform_scan:535 - Database commit successful for eudc02-lb-001-nonprod.network.axadmin.net
2026-01-12 18:18:27,425 - cmt.f5 - INFO - _perform_scan:537 - Scan complete for eudc02-lb-001-nonprod.network.axadmin.net. Certs - New: 0, Updated: 165, Removed: 0. Facts refreshed: 0 field(s).
2026-01-12 18:18:28,347 - cmt.f5 - INFO - _perform_scan:535 - Database commit successful for USDC01-LB01-BLUE-PRI.network.axadmin.net
2026-01-12 18:18:28,348 - cmt.f5 - INFO - _perform_scan:537 - Scan complete for USDC01-LB01-BLUE-PRI.network.axadmin.net. Certs - New: 0, Updated: 54, Removed: 0. Facts refreshed: 0 field(s).
2026-01-12 18:18:28,485 - cmt.f5 - INFO - _connect_to_f5:348 - Successfully connected to F5: 192.168.13.14
2026-01-12 18:18:28,493 - cmt.f5 - INFO - _perform_scan:412 - Scanning certificates on F5 device dc1-sag-acpt-01.mgmt.omnitracs.com (192.168.13.14)
2026-01-12 18:18:28,587 - cmt.f5 - INFO - _connect_to_f5:348 - Successfully connected to F5: 192.168.13.18
2026-01-12 18:18:28,588 - cmt.f5 - INFO - _perform_scan:412 - Scanning certificates on F5 device dc1-f5-xrs-prod-02.mgmt.omnitracs.com (192.168.13.18)
2026-01-12 18:18:29,220 - cmt.f5 - INFO - _connect_to_f5:348 - Successfully connected to F5: 10.119.0.82
2026-01-12 18:18:29,221 - cmt.f5 - INFO - _perform_scan:412 - Scanning certificates on F5 device usdc01-fab1-lb-001-black.network.axadmin.net (10.119.0.82)
2026-01-12 18:18:31,549 - cmt.f5 - INFO - _perform_scan:535 - Database commit successful for dc1-f5-xrs-prod-02.mgmt.omnitracs.com
2026-01-12 18:18:31,550 - cmt.f5 - INFO - _perform_scan:537 - Scan complete for dc1-f5-xrs-prod-02.mgmt.omnitracs.com. Certs - New: 0, Updated: 18, Removed: 0. Facts refreshed: 0 field(s).
2026-01-12 18:18:32,791 - cmt.f5 - INFO - _connect_to_f5:348 - Successfully connected to F5: 192.168.52.183
2026-01-12 18:18:32,792 - cmt.f5 - INFO - _perform_scan:412 - Scanning certificates on F5 device na-oec-02-internal-acpt-01.mgmt.omnitracs.com (192.168.52.183)
2026-01-12 18:18:34,333 - cmt.f5 - INFO - _perform_scan:535 - Database commit successful for dc1-sag-acpt-01.mgmt.omnitracs.com
2026-01-12 18:18:34,335 - cmt.f5 - INFO - _perform_scan:537 - Scan complete for dc1-sag-acpt-01.mgmt.omnitracs.com. Certs - New: 0, Updated: 40, Removed: 0. Facts refreshed: 0 field(s).
2026-01-12 18:18:34,625 - cmt.f5 - INFO - _perform_scan:535 - Database commit successful for na-oec-02-internal-acpt-01.mgmt.omnitracs.com
2026-01-12 18:18:34,626 - cmt.f5 - INFO - _perform_scan:537 - Scan complete for na-oec-02-internal-acpt-01.mgmt.omnitracs.com. Certs - New: 0, Updated: 8, Removed: 0. Facts refreshed: 0 field(s).
2026-01-12 18:18:34,961 - cmt.f5 - INFO - _perform_scan:535 - Database commit successful for usdc01-fab1-lb-001-black.network.axadmin.net
2026-01-12 18:18:34,962 - cmt.f5 - INFO - _perform_scan:537 - Scan complete for usdc01-fab1-lb-001-black.network.axadmin.net. Certs - New: 0, Updated: 55, Removed: 0. Facts refreshed: 0 field(s).
2026-01-12 18:18:35,414 - cmt.f5 - INFO - _connect_to_f5:348 - Successfully connected to F5: 192.168.52.186
2026-01-12 18:18:35,414 - cmt.f5 - INFO - _perform_scan:412 - Scanning certificates on F5 device na-oec-02-sag-test-01.mgmt.omnitracs.com (192.168.52.186)
2026-01-12 18:18:35,555 - cmt.f5 - INFO - _connect_to_f5:348 - Successfully connected to F5: 10.119.0.83
2026-01-12 18:18:35,555 - cmt.f5 - INFO - _perform_scan:412 - Scanning certificates on F5 device USDC01-LB02-BLACK-SEC.solera.farm (10.119.0.83)
2026-01-12 18:18:35,973 - cmt.f5 - INFO - _connect_to_f5:348 - Successfully connected to F5: 192.168.13.17
2026-01-12 18:18:35,974 - cmt.f5 - INFO - _perform_scan:412 - Scanning certificates on F5 device dc1-f5-xrs-prod-01.mgmt.omnitracs.com (192.168.13.17)
2026-01-12 18:18:39,360 - cmt.f5 - INFO - _perform_scan:535 - Database commit successful for dc1-f5-xrs-prod-01.mgmt.omnitracs.com
2026-01-12 18:18:39,361 - cmt.f5 - INFO - _perform_scan:537 - Scan complete for dc1-f5-xrs-prod-01.mgmt.omnitracs.com. Certs - New: 0, Updated: 18, Removed: 0. Facts refreshed: 0 field(s).
2026-01-12 18:18:42,315 - cmt.f5 - INFO - _connect_to_f5:348 - Successfully connected to F5: 10.119.16.88
2026-01-12 18:18:42,316 - cmt.f5 - INFO - _perform_scan:412 - Scanning certificates on F5 device eudc01-lb-001-nonprod.network.axadmin.net (10.119.16.88)
2026-01-12 18:18:42,484 - cmt.f5 - INFO - _perform_scan:535 - Database commit successful for USDC01-LB02-BLACK-SEC.solera.farm
2026-01-12 18:18:42,485 - cmt.f5 - INFO - _perform_scan:537 - Scan complete for USDC01-LB02-BLACK-SEC.solera.farm. Certs - New: 0, Updated: 55, Removed: 0. Facts refreshed: 0 field(s).
2026-01-12 18:18:43,364 - cmt.f5 - INFO - _perform_scan:535 - Database commit successful for na-oec-02-sag-test-01.mgmt.omnitracs.com
2026-01-12 18:18:43,364 - cmt.f5 - INFO - _perform_scan:537 - Scan complete for na-oec-02-sag-test-01.mgmt.omnitracs.com. Certs - New: 0, Updated: 45, Removed: 0. Facts refreshed: 0 field(s).
2026-01-12 18:18:43,513 - cmt.f5 - INFO - _connect_to_f5:348 - Successfully connected to F5: 10.119.0.90
2026-01-12 18:18:43,513 - cmt.f5 - INFO - _perform_scan:412 - Scanning certificates on F5 device usdc01-fab1-lb-001-black-nonprod.network.axadmin.net (10.119.0.90)
2026-01-12 18:18:44,458 - cmt.f5 - INFO - _connect_to_f5:348 - Successfully connected to F5: 192.168.52.185
2026-01-12 18:18:44,459 - cmt.f5 - INFO - _perform_scan:412 - Scanning certificates on F5 device na-oec-02-sag-dev-01.mgmt.omnitracs.com (192.168.52.185)
2026-01-12 18:18:47,173 - cmt.f5 - INFO - _perform_scan:535 - Database commit successful for eudc02-lb-001-white.network.axadmin.net
2026-01-12 18:18:47,174 - cmt.f5 - INFO - _perform_scan:537 - Scan complete for eudc02-lb-001-white.network.axadmin.net. Certs - New: 0, Updated: 217, Removed: 0. Facts refreshed: 0 field(s).
2026-01-12 18:18:48,191 - cmt.f5 - INFO - _connect_to_f5:348 - Successfully connected to F5: 192.168.13.20
2026-01-12 18:18:48,191 - cmt.f5 - INFO - _perform_scan:412 - Scanning certificates on F5 device dc1-asm-prd-01.mgmt.omnitracs.com (192.168.13.20)
2026-01-12 18:18:48,465 - cmt.f5 - INFO - _perform_scan:535 - Database commit successful for na-oec-02-sag-dev-01.mgmt.omnitracs.com
2026-01-12 18:18:48,466 - cmt.f5 - INFO - _perform_scan:537 - Scan complete for na-oec-02-sag-dev-01.mgmt.omnitracs.com. Certs - New: 0, Updated: 22, Removed: 0. Facts refreshed: 0 field(s).
2026-01-12 18:18:49,416 - cmt.f5 - INFO - _perform_scan:535 - Database commit successful for dc1-asm-prd-01.mgmt.omnitracs.com
2026-01-12 18:18:49,416 - cmt.f5 - INFO - _perform_scan:537 - Scan complete for dc1-asm-prd-01.mgmt.omnitracs.com. Certs - New: 0, Updated: 4, Removed: 0. Facts refreshed: 0 field(s).
2026-01-12 18:18:49,586 - cmt.f5 - INFO - _connect_to_f5:348 - Successfully connected to F5: 192.168.13.15
2026-01-12 18:18:49,586 - cmt.f5 - INFO - _perform_scan:412 - Scanning certificates on F5 device dc1-sag-prd-02.mgmt.omnitracs.com (192.168.13.15)
2026-01-12 18:18:50,570 - cmt.f5 - INFO - _connect_to_f5:348 - Successfully connected to F5: 192.168.13.53
2026-01-12 18:18:50,570 - cmt.f5 - INFO - _perform_scan:412 - Scanning certificates on F5 device dc1-f5-xrs-int-03.mgmt.omnitracs.com (192.168.13.53)
2026-01-12 18:18:51,983 - cmt.f5 - INFO - _perform_scan:535 - Database commit successful for dc1-f5-xrs-int-03.mgmt.omnitracs.com
2026-01-12 18:18:51,983 - cmt.f5 - INFO - _perform_scan:537 - Scan complete for dc1-f5-xrs-int-03.mgmt.omnitracs.com. Certs - New: 0, Updated: 4, Removed: 0. Facts refreshed: 0 field(s).
2026-01-12 18:18:52,842 - cmt.f5 - INFO - _perform_scan:535 - Database commit successful for usdc01-fab1-lb-001-black-nonprod.network.axadmin.net
2026-01-12 18:18:52,842 - cmt.f5 - INFO - _perform_scan:537 - Scan complete for usdc01-fab1-lb-001-black-nonprod.network.axadmin.net. Certs - New: 0, Updated: 85, Removed: 0. Facts refreshed: 0 field(s).
2026-01-12 18:18:53,138 - cmt.f5 - INFO - _connect_to_f5:348 - Successfully connected to F5: 192.168.13.54
2026-01-12 18:18:53,138 - cmt.f5 - INFO - _perform_scan:412 - Scanning certificates on F5 device dc1-f5-xrs-int-04.mgmt.omnitracs.com (192.168.13.54)
2026-01-12 18:18:54,001 - cmt.f5 - INFO - _connect_to_f5:348 - Successfully connected to F5: 192.168.13.12
2026-01-12 18:18:54,001 - cmt.f5 - INFO - _perform_scan:412 - Scanning certificates on F5 device dc1-sag-tst-01.mgmt.omnitracs.com (192.168.13.12)
2026-01-12 18:18:54,382 - cmt.f5 - INFO - _perform_scan:535 - Database commit successful for dc1-f5-xrs-int-04.mgmt.omnitracs.com
2026-01-12 18:18:54,383 - cmt.f5 - INFO - _perform_scan:537 - Scan complete for dc1-f5-xrs-int-04.mgmt.omnitracs.com. Certs - New: 0, Updated: 4, Removed: 0. Facts refreshed: 0 field(s).
2026-01-12 18:18:54,687 - cmt.f5 - INFO - _perform_scan:535 - Database commit successful for dc1-sag-prd-02.mgmt.omnitracs.com
2026-01-12 18:18:54,687 - cmt.f5 - INFO - _perform_scan:537 - Scan complete for dc1-sag-prd-02.mgmt.omnitracs.com. Certs - New: 0, Updated: 33, Removed: 0. Facts refreshed: 0 field(s).
2026-01-12 18:18:55,525 - cmt.f5 - INFO - _connect_to_f5:348 - Successfully connected to F5: 192.168.13.49
2026-01-12 18:18:55,525 - cmt.f5 - INFO - _perform_scan:412 - Scanning certificates on F5 device dc1-sag-intp-02.mgmt.omnitracs.com (192.168.13.49)
2026-01-12 18:18:55,685 - cmt.f5 - INFO - _connect_to_f5:348 - Successfully connected to F5: 192.168.13.16
2026-01-12 18:18:55,685 - cmt.f5 - INFO - _perform_scan:412 - Scanning certificates on F5 device dc1-sag-tst-02.mgmt.omnitracs.com (192.168.13.16)
2026-01-12 18:18:59,386 - cmt.f5 - INFO - _perform_scan:535 - Database commit successful for dc1-sag-tst-01.mgmt.omnitracs.com
2026-01-12 18:18:59,387 - cmt.f5 - INFO - _perform_scan:537 - Scan complete for dc1-sag-tst-01.mgmt.omnitracs.com. Certs - New: 0, Updated: 36, Removed: 0. Facts refreshed: 0 field(s).
2026-01-12 18:19:00,170 - cmt.f5 - INFO - _perform_scan:535 - Database commit successful for dc1-sag-intp-02.mgmt.omnitracs.com
2026-01-12 18:19:00,171 - cmt.f5 - INFO - _perform_scan:537 - Scan complete for dc1-sag-intp-02.mgmt.omnitracs.com. Certs - New: 0, Updated: 31, Removed: 0. Facts refreshed: 0 field(s).
2026-01-12 18:19:00,455 - cmt.f5 - INFO - _connect_to_f5:348 - Successfully connected to F5: 192.168.52.182
2026-01-12 18:19:00,455 - cmt.f5 - INFO - _perform_scan:412 - Scanning certificates on F5 device na-oec-02-internal-prod-02.mgmt.omnitracs.com (192.168.52.182)
2026-01-12 18:19:01,093 - cmt.f5 - INFO - _perform_scan:535 - Database commit successful for dc1-sag-tst-02.mgmt.omnitracs.com
2026-01-12 18:19:01,094 - cmt.f5 - INFO - _perform_scan:537 - Scan complete for dc1-sag-tst-02.mgmt.omnitracs.com. Certs - New: 0, Updated: 36, Removed: 0. Facts refreshed: 0 field(s).
2026-01-12 18:19:01,615 - cmt.f5 - INFO - _connect_to_f5:348 - Successfully connected to F5: 10.119.16.82
2026-01-12 18:19:01,616 - cmt.f5 - INFO - _perform_scan:412 - Scanning certificates on F5 device eudc01-lb-001-black.network.axadmin.net (10.119.16.82)
2026-01-12 18:19:02,096 - cmt.f5 - INFO - _connect_to_f5:348 - Successfully connected to F5: 192.168.13.103
2026-01-12 18:19:02,097 - cmt.f5 - INFO - _perform_scan:412 - Scanning certificates on F5 device dc1-pem-api-02.mgmt.omnitracs.com (192.168.13.103)
2026-01-12 18:19:03,419 - cmt.f5 - INFO - _perform_scan:535 - Database commit successful for dc1-pem-api-02.mgmt.omnitracs.com
2026-01-12 18:19:03,420 - cmt.f5 - INFO - _perform_scan:537 - Scan complete for dc1-pem-api-02.mgmt.omnitracs.com. Certs - New: 0, Updated: 5, Removed: 0. Facts refreshed: 0 field(s).
2026-01-12 18:19:04,533 - cmt.f5 - INFO - _connect_to_f5:348 - Successfully connected to F5: 192.168.13.48
2026-01-12 18:19:04,534 - cmt.f5 - INFO - _perform_scan:412 - Scanning certificates on F5 device dc1-sag-intp-01.mgmt.omnitracs.com (192.168.13.48)
2026-01-12 18:19:05,387 - cmt.f5 - INFO - _perform_scan:535 - Database commit successful for na-oec-02-internal-prod-02.mgmt.omnitracs.com
2026-01-12 18:19:05,387 - cmt.f5 - INFO - _perform_scan:537 - Scan complete for na-oec-02-internal-prod-02.mgmt.omnitracs.com. Certs - New: 0, Updated: 31, Removed: 0. Facts refreshed: 0 field(s).
2026-01-12 18:19:05,760 - cmt.f5 - INFO - _perform_scan:535 - Database commit successful for eudc01-lb-001-nonprod.network.axadmin.net
2026-01-12 18:19:05,761 - cmt.f5 - INFO - _perform_scan:537 - Scan complete for eudc01-lb-001-nonprod.network.axadmin.net. Certs - New: 0, Updated: 118, Removed: 0. Facts refreshed: 0 field(s).
2026-01-12 18:19:06,399 - cmt.f5 - INFO - _connect_to_f5:348 - Successfully connected to F5: 192.168.13.5
2026-01-12 18:19:06,400 - cmt.f5 - INFO - _perform_scan:412 - Scanning certificates on F5 device dc1-f5-xrs-int-01.mgmt.omnitracs.com (192.168.13.5)
2026-01-12 18:19:06,790 - cmt.f5 - INFO - _connect_to_f5:348 - Successfully connected to F5: 192.168.13.11
2026-01-12 18:19:06,790 - cmt.f5 - INFO - _perform_scan:412 - Scanning certificates on F5 device dc1-sag-dev-01.mgmt.omnitracs.com (192.168.13.11)
2026-01-12 18:19:08,494 - cmt.f5 - INFO - _perform_scan:535 - Database commit successful for dc1-f5-xrs-int-01.mgmt.omnitracs.com
2026-01-12 18:19:08,495 - cmt.f5 - INFO - _perform_scan:537 - Scan complete for dc1-f5-xrs-int-01.mgmt.omnitracs.com. Certs - New: 0, Updated: 4, Removed: 0. Facts refreshed: 0 field(s).
2026-01-12 18:19:09,406 - cmt.f5 - INFO - _connect_to_f5:348 - Successfully connected to F5: 10.119.8.80
2026-01-12 18:19:09,406 - cmt.f5 - INFO - _perform_scan:412 - Scanning certificates on F5 device usdc02-fab1-lb-001-blue.network.axadmin.net (10.119.8.80)
2026-01-12 18:19:09,491 - cmt.f5 - INFO - _perform_scan:535 - Database commit successful for dc1-sag-dev-01.mgmt.omnitracs.com
2026-01-12 18:19:09,492 - cmt.f5 - INFO - _perform_scan:537 - Scan complete for dc1-sag-dev-01.mgmt.omnitracs.com. Certs - New: 0, Updated: 9, Removed: 0. Facts refreshed: 0 field(s).
2026-01-12 18:19:09,844 - cmt.f5 - INFO - _perform_scan:535 - Database commit successful for dc1-sag-intp-01.mgmt.omnitracs.com
2026-01-12 18:19:09,844 - cmt.f5 - INFO - _perform_scan:537 - Scan complete for dc1-sag-intp-01.mgmt.omnitracs.com. Certs - New: 0, Updated: 31, Removed: 0. Facts refreshed: 0 field(s).
2026-01-12 18:19:10,703 - cmt.f5 - INFO - _connect_to_f5:348 - Successfully connected to F5: 192.168.52.181
2026-01-12 18:19:10,704 - cmt.f5 - INFO - _perform_scan:412 - Scanning certificates on F5 device na-oec-02-internal-prod-01.mgmt.omnitracs.com (192.168.52.181)
2026-01-12 18:19:10,967 - cmt.f5 - INFO - _connect_to_f5:348 - Successfully connected to F5: 192.168.13.6
2026-01-12 18:19:10,968 - cmt.f5 - INFO - _perform_scan:412 - Scanning certificates on F5 device dc1-f5-xrs-int-02.mgmt.omnitracs.com (192.168.13.6)
2026-01-12 18:19:12,207 - cmt.f5 - INFO - _perform_scan:535 - Database commit successful for dc1-f5-xrs-int-02.mgmt.omnitracs.com
2026-01-12 18:19:12,208 - cmt.f5 - INFO - _perform_scan:537 - Scan complete for dc1-f5-xrs-int-02.mgmt.omnitracs.com. Certs - New: 0, Updated: 4, Removed: 0. Facts refreshed: 0 field(s).
2026-01-12 18:19:13,906 - cmt.f5 - INFO - _connect_to_f5:348 - Successfully connected to F5: 10.119.24.76
2026-01-12 18:19:13,907 - cmt.f5 - INFO - _perform_scan:412 - Scanning certificates on F5 device eudc02-lb-002-vcmp.network.axadmin.net (10.119.24.76)
2026-01-12 18:19:15,676 - cmt.f5 - INFO - _perform_scan:535 - Database commit successful for na-oec-02-internal-prod-01.mgmt.omnitracs.com
2026-01-12 18:19:15,676 - cmt.f5 - INFO - _perform_scan:537 - Scan complete for na-oec-02-internal-prod-01.mgmt.omnitracs.com. Certs - New: 0, Updated: 31, Removed: 0. Facts refreshed: 0 field(s).
2026-01-12 18:19:16,196 - cmt.f5 - INFO - _perform_scan:535 - Database commit successful for eudc02-lb-002-vcmp.network.axadmin.net
2026-01-12 18:19:16,197 - cmt.f5 - INFO - _perform_scan:537 - Scan complete for eudc02-lb-002-vcmp.network.axadmin.net. Certs - New: 0, Updated: 5, Removed: 0. Facts refreshed: 0 field(s).
2026-01-12 18:19:17,589 - cmt.f5 - INFO - _connect_to_f5:348 - Successfully connected to F5: 10.119.36.51
2026-01-12 18:19:17,590 - cmt.f5 - INFO - _perform_scan:412 - Scanning certificates on F5 device rudc10-lb-002.network.axadmin.net (10.119.36.51)
2026-01-12 18:19:18,722 - cmt.f5 - INFO - _perform_scan:535 - Database commit successful for usdc02-fab1-lb-001-blue.network.axadmin.net
2026-01-12 18:19:18,723 - cmt.f5 - INFO - _perform_scan:537 - Scan complete for usdc02-fab1-lb-001-blue.network.axadmin.net. Certs - New: 0, Updated: 71, Removed: 0. Facts refreshed: 0 field(s).
2026-01-12 18:19:20,396 - cmt.f5 - INFO - _connect_to_f5:348 - Successfully connected to F5: 10.119.16.76
2026-01-12 18:19:20,396 - cmt.f5 - INFO - _perform_scan:412 - Scanning certificates on F5 device eudc01-lb-002-vcmp.network.axadmin.net (10.119.16.76)
2026-01-12 18:19:22,477 - cmt.f5 - INFO - _perform_scan:535 - Database commit successful for eudc01-lb-002-vcmp.network.axadmin.net
2026-01-12 18:19:22,478 - cmt.f5 - INFO - _perform_scan:537 - Scan complete for eudc01-lb-002-vcmp.network.axadmin.net. Certs - New: 0, Updated: 5, Removed: 0. Facts refreshed: 0 field(s).
2026-01-12 18:19:23,742 - cmt.f5 - INFO - _perform_scan:519 - Removing orphan certificate '2020_www.audanet.kz.crt' from DB (no longer exists on F5)
2026-01-12 18:19:23,743 - cmt.f5 - INFO - _perform_scan:519 - Removing orphan certificate '2021-multi.audtex.ru.crt' from DB (no longer exists on F5)
2026-01-12 18:19:23,744 - cmt.f5 - INFO - _perform_scan:519 - Removing orphan certificate '2022-star.audatex.by.crt' from DB (no longer exists on F5)
2026-01-12 18:19:23,744 - cmt.f5 - INFO - _perform_scan:519 - Removing orphan certificate '2024-star.audatex.ru.crt' from DB (no longer exists on F5)
2026-01-12 18:19:23,744 - cmt.f5 - INFO - _perform_scan:519 - Removing orphan certificate 'test_2024-audatex.ru.crt' from DB (no longer exists on F5)
2026-01-12 18:19:23,745 - cmt.f5 - INFO - _perform_scan:519 - Removing orphan certificate 'www.audanet.by_crt_29072020.crt' from DB (no longer exists on F5)
2026-01-12 18:19:23,745 - cmt.f5 - INFO - _perform_scan:519 - Removing orphan certificate 'www.audanet.kz_crt_29072020.crt' from DB (no longer exists on F5)
2026-01-12 18:19:23,745 - cmt.f5 - INFO - _perform_scan:524 - Removed 7 orphan certificates from DB for rudc10-lb-002.network.axadmin.net
2026-01-12 18:19:23,776 - cmt.f5 - INFO - _perform_scan:535 - Database commit successful for rudc10-lb-002.network.axadmin.net
2026-01-12 18:19:23,776 - cmt.f5 - INFO - _perform_scan:537 - Scan complete for rudc10-lb-002.network.axadmin.net. Certs - New: 0, Updated: 21, Removed: 7. Facts refreshed: 0 field(s).
2026-01-12 18:19:24,116 - cmt.f5 - INFO - _connect_to_f5:348 - Successfully connected to F5: 10.119.16.75
2026-01-12 18:19:24,116 - cmt.f5 - INFO - _perform_scan:412 - Scanning certificates on F5 device eudc01-lb-001-vcmp.network.axadmin.net (10.119.16.75)
2026-01-12 18:19:24,236 - cmt.f5 - INFO - _perform_scan:535 - Database commit successful for eudc01-lb-001-black.network.axadmin.net
2026-01-12 18:19:24,237 - cmt.f5 - INFO - _perform_scan:537 - Scan complete for eudc01-lb-001-black.network.axadmin.net. Certs - New: 0, Updated: 108, Removed: 0. Facts refreshed: 0 field(s).
2026-01-12 18:19:26,165 - cmt.f5 - INFO - _perform_scan:535 - Database commit successful for eudc01-lb-001-vcmp.network.axadmin.net
2026-01-12 18:19:26,165 - cmt.f5 - INFO - _perform_scan:537 - Scan complete for eudc01-lb-001-vcmp.network.axadmin.net. Certs - New: 0, Updated: 5, Removed: 0. Facts refreshed: 0 field(s).
2026-01-12 18:19:27,858 - cmt.retry - WARNING - wrapper:58 - _connect_to_f5 attempt 1/3 failed: 401 Unexpected Error: F5 Authorization Required for uri: https://10.119.34.8:443/mgmt/shared/authn/login
Text: '{"code":401,"message":"Authentication failed.","referer":"10.119.17.4","restOperationId":148843644,"kind":":resterrorresponse"}'. Retrying in 2.0s...
2026-01-12 18:19:29,833 - cmt.f5 - INFO - _connect_to_f5:348 - Successfully connected to F5: 10.119.37.51
2026-01-12 18:19:29,834 - cmt.f5 - INFO - _perform_scan:412 - Scanning certificates on F5 device sgdc10-fab1-lb-002.network.axadmin.net (10.119.37.51)
2026-01-12 18:19:30,484 - cmt.f5 - INFO - _connect_to_f5:348 - Successfully connected to F5: 10.119.35.50
2026-01-12 18:19:30,484 - cmt.f5 - INFO - _perform_scan:412 - Scanning certificates on F5 device audc10-fab1-lb-001.network.axadmin.net (10.119.35.50)
2026-01-12 18:19:35,074 - cmt.retry - WARNING - wrapper:58 - _connect_to_f5 attempt 2/3 failed: 401 Unexpected Error: F5 Authorization Required for uri: https://10.119.34.8:443/mgmt/shared/authn/login
Text: '{"code":401,"message":"Authentication failed.","referer":"10.119.17.4","restOperationId":148843846,"kind":":resterrorresponse"}'. Retrying in 4.0s...
2026-01-12 18:19:37,816 - cmt.f5 - INFO - _perform_scan:535 - Database commit successful for sgdc10-fab1-lb-002.network.axadmin.net
2026-01-12 18:19:37,817 - cmt.f5 - INFO - _perform_scan:537 - Scan complete for sgdc10-fab1-lb-002.network.axadmin.net. Certs - New: 0, Updated: 19, Removed: 0. Facts refreshed: 0 field(s).
2026-01-12 18:19:38,813 - cmt.f5 - INFO - _connect_to_f5:348 - Successfully connected to F5: 10.119.0.78
2026-01-12 18:19:38,813 - cmt.f5 - INFO - _perform_scan:412 - Scanning certificates on F5 device usdc01-fab1-lb-004.network.axadmin.net (10.119.0.78)
2026-01-12 18:19:39,959 - cmt.f5 - INFO - _perform_scan:535 - Database commit successful for audc10-fab1-lb-001.network.axadmin.net
2026-01-12 18:19:39,960 - cmt.f5 - INFO - _perform_scan:537 - Scan complete for audc10-fab1-lb-001.network.axadmin.net. Certs - New: 0, Updated: 24, Removed: 0. Facts refreshed: 0 field(s).
2026-01-12 18:19:42,322 - cmt.retry - ERROR - wrapper:47 - _connect_to_f5 failed after 3 attempts: 401 Unexpected Error: F5 Authorization Required for uri: https://10.119.34.8:443/mgmt/shared/authn/login
Text: '{"code":401,"message":"Maximum number of login attempts exceeded.","referer":"10.119.17.4","restOperationId":148844061,"kind":":resterrorresponse"}'
2026-01-12 18:19:42,335 - cmt.f5 - ERROR - _perform_scan:570 - [AUTH ERROR] Authentication failed for bedc01-fab1-lb-001.network.axadmin.net (10.119.34.8). Please verify credentials are correct for this device.
Traceback (most recent call last):
  File "/app/services/f5_service_logic.py", line 411, in _perform_scan
    mgmt = _connect_to_f5(device.ip_address, username, password)
           ^^^^^^^^^^^^^^^^^^^^^^^^^^^^^^^^^^^^^^^^^^^^^^^^^^^^^
  File "/app/core/retry.py", line 42, in wrapper
    return func(*args, **kwargs)
           ^^^^^^^^^^^^^^^^^^^^^
  File "/app/services/f5_service_logic.py", line 347, in _connect_to_f5
    mgmt = ManagementRoot(hostname, username, password, token=True)
           ^^^^^^^^^^^^^^^^^^^^^^^^^^^^^^^^^^^^^^^^^^^^^^^^^^^^^^^^
  File "/usr/local/lib/python3.11/site-packages/f5/bigip/__init__.py", line 183, in __init__
    self.post_configuration_setup()
  File "/usr/local/lib/python3.11/site-packages/f5/bigip/__init__.py", line 119, in post_configuration_setup
    self._get_tmos_version()
  File "/usr/local/lib/python3.11/site-packages/f5/bigip/__init__.py", line 138, in _get_tmos_version
    response = connect.get(base_uri)
               ^^^^^^^^^^^^^^^^^^^^^
  File "/usr/local/lib/python3.11/site-packages/icontrol/session.py", line 281, in wrapper
    response = method(self, REST_uri, **kwargs)
               ^^^^^^^^^^^^^^^^^^^^^^^^^^^^^^^^
  File "/usr/local/lib/python3.11/site-packages/icontrol/session.py", line 524, in get
    prepared = self.session.prepare_request(req)
               ^^^^^^^^^^^^^^^^^^^^^^^^^^^^^^^^^
  File "/usr/local/lib/python3.11/site-packages/requests/sessions.py", line 486, in prepare_request
    p.prepare(
  File "/usr/local/lib/python3.11/site-packages/requests/models.py", line 372, in prepare
    self.prepare_auth(auth, url)
  File "/usr/local/lib/python3.11/site-packages/requests/models.py", line 603, in prepare_auth
    r = auth(self)
        ^^^^^^^^^^
  File "/usr/local/lib/python3.11/site-packages/icontrol/authtoken.py", line 254, in __call__
    self.get_new_token(netloc)
  File "/usr/local/lib/python3.11/site-packages/icontrol/authtoken.py", line 159, in get_new_token
    raise iControlUnexpectedHTTPError(error_message,
icontrol.exceptions.iControlUnexpectedHTTPError: 401 Unexpected Error: F5 Authorization Required for uri: https://10.119.34.8:443/mgmt/shared/authn/login
Text: '{"code":401,"message":"Maximum number of login attempts exceeded.","referer":"10.119.17.4","restOperationId":148844061,"kind":":resterrorresponse"}'

2026-01-12 18:19:42,622 - cmt.f5 - INFO - _connect_to_f5:348 - Successfully connected to F5: 10.119.37.50
2026-01-12 18:19:42,624 - cmt.f5 - INFO - _perform_scan:412 - Scanning certificates on F5 device sgdc10-fab1-lb-001.network.axadmin.net (10.119.37.50)
2026-01-12 18:19:44,348 - cmt.f5 - INFO - _connect_to_f5:348 - Successfully connected to F5: 10.119.36.50
2026-01-12 18:19:44,349 - cmt.f5 - INFO - _perform_scan:412 - Scanning certificates on F5 device rudc10-lb-001.network.axadmin.net (10.119.36.50)
2026-01-12 18:19:45,963 - cmt.websocket - INFO - connect:49 - WebSocket connected (user_id=None). Total: 5
2026-01-12 18:19:45,983 - cmt.websocket - INFO - connect:49 - WebSocket connected (user_id=None). Total: 6
2026-01-12 18:19:46,040 - cmt.websocket - INFO - websocket_devices:188 - WebSocket client disconnected normally
2026-01-12 18:19:46,041 - cmt.websocket - INFO - disconnect:62 - WebSocket disconnected. Total: 5
2026-01-12 18:19:48,434 - cmt.f5 - INFO - _perform_scan:535 - Database commit successful for usdc01-fab1-lb-004.network.axadmin.net
2026-01-12 18:19:48,435 - cmt.f5 - INFO - _perform_scan:537 - Scan complete for usdc01-fab1-lb-004.network.axadmin.net. Certs - New: 0, Updated: 93, Removed: 0. Facts refreshed: 0 field(s).
2026-01-12 18:19:49,043 - cmt.websocket - INFO - websocket_devices:188 - WebSocket client disconnected normally
2026-01-12 18:19:49,043 - cmt.websocket - INFO - disconnect:62 - WebSocket disconnected. Total: 4
2026-01-12 18:19:49,044 - cmt.websocket - INFO - connect:49 - WebSocket connected (user_id=None). Total: 5
2026-01-12 18:19:49,263 - cmt.f5 - INFO - _connect_to_f5:348 - Successfully connected to F5: 10.119.8.76
2026-01-12 18:19:49,264 - cmt.f5 - INFO - _perform_scan:412 - Scanning certificates on F5 device usdc02-fab1-lb-002.network.axadmin.net (10.119.8.76)
2026-01-12 18:19:50,615 - cmt.f5 - INFO - _perform_scan:535 - Database commit successful for usdc02-fab1-lb-002.network.axadmin.net
2026-01-12 18:19:50,616 - cmt.f5 - INFO - _perform_scan:537 - Scan complete for usdc02-fab1-lb-002.network.axadmin.net. Certs - New: 0, Updated: 6, Removed: 0. Facts refreshed: 0 field(s).
2026-01-12 18:19:50,628 - cmt.f5 - INFO - _perform_scan:535 - Database commit successful for rudc10-lb-001.network.axadmin.net
2026-01-12 18:19:50,628 - cmt.f5 - INFO - _perform_scan:537 - Scan complete for rudc10-lb-001.network.axadmin.net. Certs - New: 0, Updated: 21, Removed: 0. Facts refreshed: 0 field(s).
2026-01-12 18:19:50,880 - cmt.f5 - INFO - _perform_scan:535 - Database commit successful for sgdc10-fab1-lb-001.network.axadmin.net
2026-01-12 18:19:50,882 - cmt.f5 - INFO - _perform_scan:537 - Scan complete for sgdc10-fab1-lb-001.network.axadmin.net. Certs - New: 0, Updated: 19, Removed: 0. Facts refreshed: 0 field(s).
2026-01-12 18:19:51,928 - cmt.f5 - INFO - _connect_to_f5:348 - Successfully connected to F5: 10.119.0.77
2026-01-12 18:19:51,929 - cmt.f5 - INFO - _perform_scan:412 - Scanning certificates on F5 device usdc01-fab1-lb-003.network.axadmin.net (10.119.0.77)
2026-01-12 18:19:52,049 - cmt.websocket - INFO - connect:49 - WebSocket connected (user_id=None). Total: 6
2026-01-12 18:19:52,050 - cmt.websocket - INFO - websocket_devices:188 - WebSocket client disconnected normally
2026-01-12 18:19:52,050 - cmt.websocket - INFO - disconnect:62 - WebSocket disconnected. Total: 5
2026-01-12 18:19:53,038 - cmt.f5 - INFO - _connect_to_f5:348 - Successfully connected to F5: 10.119.16.80
2026-01-12 18:19:53,039 - cmt.f5 - INFO - _perform_scan:412 - Scanning certificates on F5 device eudc01-lb-001-blue.network.axadmin.net (10.119.16.80)
2026-01-12 18:19:55,052 - cmt.websocket - INFO - connect:49 - WebSocket connected (user_id=None). Total: 6
2026-01-12 18:19:55,054 - cmt.websocket - INFO - websocket_devices:188 - WebSocket client disconnected normally
2026-01-12 18:19:55,054 - cmt.websocket - INFO - disconnect:62 - WebSocket disconnected. Total: 5
2026-01-12 18:19:58,057 - cmt.websocket - INFO - websocket_devices:188 - WebSocket client disconnected normally
2026-01-12 18:19:58,057 - cmt.websocket - INFO - disconnect:62 - WebSocket disconnected. Total: 4
2026-01-12 18:19:58,060 - cmt.websocket - INFO - connect:49 - WebSocket connected (user_id=None). Total: 5
2026-01-12 18:20:01,058 - cmt.websocket - INFO - websocket_devices:188 - WebSocket client disconnected normally
2026-01-12 18:20:01,058 - cmt.websocket - INFO - disconnect:62 - WebSocket disconnected. Total: 4
2026-01-12 18:20:01,059 - cmt.websocket - INFO - connect:49 - WebSocket connected (user_id=None). Total: 5
2026-01-12 18:20:01,623 - cmt.f5 - INFO - _perform_scan:535 - Database commit successful for usdc01-fab1-lb-003.network.axadmin.net
2026-01-12 18:20:01,624 - cmt.f5 - INFO - _perform_scan:537 - Scan complete for usdc01-fab1-lb-003.network.axadmin.net. Certs - New: 0, Updated: 93, Removed: 0. Facts refreshed: 0 field(s).
2026-01-12 18:20:02,636 - cmt.f5 - INFO - _connect_to_f5:348 - Successfully connected to F5: 10.119.0.76
2026-01-12 18:20:02,637 - cmt.f5 - INFO - _perform_scan:412 - Scanning certificates on F5 device usdc01-fab1-lb-002.network.axadmin.net (10.119.0.76)
2026-01-12 18:20:03,680 - cmt.f5 - INFO - _perform_scan:535 - Database commit successful for usdc01-fab1-lb-002.network.axadmin.net
2026-01-12 18:20:03,681 - cmt.f5 - INFO - _perform_scan:537 - Scan complete for usdc01-fab1-lb-002.network.axadmin.net. Certs - New: 0, Updated: 5, Removed: 0. Facts refreshed: 0 field(s).
2026-01-12 18:20:04,062 - cmt.websocket - INFO - websocket_devices:188 - WebSocket client disconnected normally
2026-01-12 18:20:04,062 - cmt.websocket - INFO - disconnect:62 - WebSocket disconnected. Total: 4
2026-01-12 18:20:04,063 - cmt.websocket - INFO - connect:49 - WebSocket connected (user_id=None). Total: 5
2026-01-12 18:20:07,065 - cmt.websocket - INFO - connect:49 - WebSocket connected (user_id=None). Total: 6
2026-01-12 18:20:07,066 - cmt.websocket - INFO - websocket_devices:188 - WebSocket client disconnected normally
2026-01-12 18:20:07,066 - cmt.websocket - INFO - disconnect:62 - WebSocket disconnected. Total: 5
2026-01-12 18:20:10,069 - cmt.websocket - INFO - connect:49 - WebSocket connected (user_id=None). Total: 6
2026-01-12 18:20:10,070 - cmt.websocket - INFO - websocket_devices:188 - WebSocket client disconnected normally
2026-01-12 18:20:10,075 - cmt.websocket - INFO - disconnect:62 - WebSocket disconnected. Total: 5
2026-01-12 18:20:13,073 - cmt.websocket - INFO - connect:49 - WebSocket connected (user_id=None). Total: 6
2026-01-12 18:20:13,074 - cmt.websocket - INFO - websocket_devices:188 - WebSocket client disconnected normally
2026-01-12 18:20:13,075 - cmt.websocket - INFO - disconnect:62 - WebSocket disconnected. Total: 5
2026-01-12 18:20:16,085 - cmt.websocket - INFO - connect:49 - WebSocket connected (user_id=None). Total: 6
2026-01-12 18:20:16,088 - cmt.websocket - INFO - websocket_devices:188 - WebSocket client disconnected normally
2026-01-12 18:20:16,089 - cmt.websocket - INFO - disconnect:62 - WebSocket disconnected. Total: 5
2026-01-12 18:20:16,621 - cmt.f5 - INFO - _perform_scan:535 - Database commit successful for eudc01-lb-001-blue.network.axadmin.net
2026-01-12 18:20:16,622 - cmt.f5 - INFO - _perform_scan:537 - Scan complete for eudc01-lb-001-blue.network.axadmin.net. Certs - New: 0, Updated: 116, Removed: 0. Facts refreshed: 0 field(s).
2026-01-12 18:20:17,658 - cmt.f5 - INFO - _connect_to_f5:348 - Successfully connected to F5: 10.119.8.75
2026-01-12 18:20:17,660 - cmt.f5 - INFO - _perform_scan:412 - Scanning certificates on F5 device usdc02-fab1-lb-001.network.axadmin.net (10.119.8.75)
2026-01-12 18:20:18,910 - cmt.f5 - INFO - _perform_scan:535 - Database commit successful for usdc02-fab1-lb-001.network.axadmin.net
2026-01-12 18:20:18,911 - cmt.f5 - INFO - _perform_scan:537 - Scan complete for usdc02-fab1-lb-001.network.axadmin.net. Certs - New: 0, Updated: 5, Removed: 0. Facts refreshed: 0 field(s).
2026-01-12 18:20:19,088 - cmt.websocket - INFO - connect:49 - WebSocket connected (user_id=None). Total: 6
2026-01-12 18:20:19,093 - cmt.websocket - INFO - websocket_devices:188 - WebSocket client disconnected normally
2026-01-12 18:20:19,094 - cmt.websocket - INFO - disconnect:62 - WebSocket disconnected. Total: 5
2026-01-12 18:20:19,964 - cmt.f5 - INFO - _connect_to_f5:348 - Successfully connected to F5: 192.168.13.35
2026-01-12 18:20:19,965 - cmt.f5 - INFO - _perform_scan:412 - Scanning certificates on F5 device dc1-apm-dev-01.mgmt.omnitracs.com (192.168.13.35)
2026-01-12 18:20:21,190 - cmt.f5 - INFO - _perform_scan:535 - Database commit successful for dc1-apm-dev-01.mgmt.omnitracs.com
2026-01-12 18:20:21,191 - cmt.f5 - INFO - _perform_scan:537 - Scan complete for dc1-apm-dev-01.mgmt.omnitracs.com. Certs - New: 0, Updated: 4, Removed: 0. Facts refreshed: 0 field(s).
2026-01-12 18:20:22,088 - cmt.websocket - INFO - connect:49 - WebSocket connected (user_id=None). Total: 6
2026-01-12 18:20:22,090 - cmt.websocket - INFO - websocket_devices:188 - WebSocket client disconnected normally
2026-01-12 18:20:22,091 - cmt.websocket - INFO - disconnect:62 - WebSocket disconnected. Total: 5
2026-01-12 18:20:22,297 - cmt.f5 - INFO - _connect_to_f5:348 - Successfully connected to F5: 192.168.52.187
2026-01-12 18:20:22,298 - cmt.f5 - INFO - _perform_scan:412 - Scanning certificates on F5 device na-oec-02-test-pcrf-01.mgmt.omnitracs.com (192.168.52.187)
2026-01-12 18:20:23,691 - cmt.f5 - INFO - _perform_scan:535 - Database commit successful for na-oec-02-test-pcrf-01.mgmt.omnitracs.com
2026-01-12 18:20:23,692 - cmt.f5 - INFO - _perform_scan:537 - Scan complete for na-oec-02-test-pcrf-01.mgmt.omnitracs.com. Certs - New: 0, Updated: 4, Removed: 0. Facts refreshed: 0 field(s).
2026-01-12 18:20:24,689 - cmt.f5 - INFO - _connect_to_f5:348 - Successfully connected to F5: 192.168.13.100
2026-01-12 18:20:24,690 - cmt.f5 - INFO - _perform_scan:412 - Scanning certificates on F5 device dc1-pem-01.mgmt.omnitracs.com (192.168.13.100)
2026-01-12 18:20:25,107 - cmt.websocket - INFO - connect:49 - WebSocket connected (user_id=None). Total: 6
2026-01-12 18:20:25,112 - cmt.websocket - INFO - websocket_devices:188 - WebSocket client disconnected normally
2026-01-12 18:20:25,112 - cmt.websocket - INFO - disconnect:62 - WebSocket disconnected. Total: 5
2026-01-12 18:20:26,050 - cmt.f5 - INFO - _perform_scan:535 - Database commit successful for dc1-pem-01.mgmt.omnitracs.com
2026-01-12 18:20:26,050 - cmt.f5 - INFO - _perform_scan:537 - Scan complete for dc1-pem-01.mgmt.omnitracs.com. Certs - New: 0, Updated: 5, Removed: 0. Facts refreshed: 0 field(s).
2026-01-12 18:20:27,118 - cmt.f5 - INFO - _connect_to_f5:348 - Successfully connected to F5: 192.168.13.13
2026-01-12 18:20:27,119 - cmt.f5 - INFO - _perform_scan:412 - Scanning certificates on F5 device dc1-sag-prd-01.mgmt.omnitracs.com (192.168.13.13)
2026-01-12 18:20:28,098 - cmt.websocket - INFO - websocket_devices:188 - WebSocket client disconnected normally
2026-01-12 18:20:28,098 - cmt.websocket - INFO - disconnect:62 - WebSocket disconnected. Total: 4
2026-01-12 18:20:28,099 - cmt.websocket - INFO - connect:49 - WebSocket connected (user_id=None). Total: 5
2026-01-12 18:20:31,111 - cmt.websocket - INFO - connect:49 - WebSocket connected (user_id=None). Total: 6
2026-01-12 18:20:31,127 - cmt.websocket - INFO - websocket_devices:188 - WebSocket client disconnected normally
2026-01-12 18:20:31,134 - cmt.websocket - INFO - disconnect:62 - WebSocket disconnected. Total: 5
2026-01-12 18:20:32,920 - cmt.f5 - INFO - _perform_scan:535 - Database commit successful for dc1-sag-prd-01.mgmt.omnitracs.com
2026-01-12 18:20:32,920 - cmt.f5 - INFO - _perform_scan:537 - Scan complete for dc1-sag-prd-01.mgmt.omnitracs.com. Certs - New: 0, Updated: 33, Removed: 0. Facts refreshed: 0 field(s).
2026-01-12 18:20:34,120 - cmt.websocket - INFO - connect:49 - WebSocket connected (user_id=None). Total: 6
2026-01-12 18:20:34,122 - cmt.websocket - INFO - websocket_devices:188 - WebSocket client disconnected normally
2026-01-12 18:20:34,123 - cmt.websocket - INFO - disconnect:62 - WebSocket disconnected. Total: 5
2026-01-12 18:20:37,127 - cmt.websocket - INFO - connect:49 - WebSocket connected (user_id=None). Total: 6
2026-01-12 18:20:37,131 - cmt.websocket - INFO - websocket_devices:188 - WebSocket client disconnected normally
2026-01-12 18:20:37,131 - cmt.websocket - INFO - disconnect:62 - WebSocket disconnected. Total: 5
2026-01-12 18:20:38,537 - cmt.f5 - INFO - _connect_to_f5:348 - Successfully connected to F5: 10.119.35.51
2026-01-12 18:20:38,538 - cmt.f5 - INFO - _perform_scan:412 - Scanning certificates on F5 device audc10-fab1-lb-002.network.axadmin.net (10.119.35.51)
2026-01-12 18:20:39,598 - cmt.f5 - ERROR - _connect_to_f5:377 - SSL/TLS handshake failed with 10.132.3.252. This device may: (1) Only support older TLS versions (1.0/1.1), (2) Have incompatible cipher suites, or (3) Have certificate issues. Try accessing via browser to verify HTTPS works.
2026-01-12 18:20:39,601 - cmt.retry - WARNING - wrapper:58 - _connect_to_f5 attempt 1/3 failed: SSL/TLS handshake failed with 10.132.3.252. This device may: (1) Only support older TLS versions (1.0/1.1), (2) Have incompatible cipher suites, or (3) Have certificate issues. Try accessing via browser to verify HTTPS works.. Retrying in 2.0s...
2026-01-12 18:20:40,131 - cmt.websocket - INFO - connect:49 - WebSocket connected (user_id=None). Total: 6
2026-01-12 18:20:40,131 - cmt.websocket - INFO - websocket_devices:188 - WebSocket client disconnected normally
2026-01-12 18:20:40,132 - cmt.websocket - INFO - disconnect:62 - WebSocket disconnected. Total: 5
2026-01-12 18:20:43,137 - cmt.websocket - INFO - connect:49 - WebSocket connected (user_id=None). Total: 6
2026-01-12 18:20:43,144 - cmt.websocket - INFO - websocket_devices:188 - WebSocket client disconnected normally
2026-01-12 18:20:43,146 - cmt.websocket - INFO - disconnect:62 - WebSocket disconnected. Total: 5
2026-01-12 18:20:46,137 - cmt.websocket - INFO - connect:49 - WebSocket connected (user_id=None). Total: 6
2026-01-12 18:20:46,140 - cmt.websocket - INFO - websocket_devices:188 - WebSocket client disconnected normally
2026-01-12 18:20:46,141 - cmt.websocket - INFO - disconnect:62 - WebSocket disconnected. Total: 5
2026-01-12 18:20:48,637 - cmt.f5 - INFO - _perform_scan:535 - Database commit successful for audc10-fab1-lb-002.network.axadmin.net
2026-01-12 18:20:48,638 - cmt.f5 - INFO - _perform_scan:537 - Scan complete for audc10-fab1-lb-002.network.axadmin.net. Certs - New: 0, Updated: 24, Removed: 0. Facts refreshed: 0 field(s).
2026-01-12 18:20:49,147 - cmt.websocket - INFO - connect:49 - WebSocket connected (user_id=None). Total: 6
2026-01-12 18:20:49,150 - cmt.websocket - INFO - websocket_devices:188 - WebSocket client disconnected normally
2026-01-12 18:20:49,152 - cmt.websocket - INFO - disconnect:62 - WebSocket disconnected. Total: 5
2026-01-12 18:20:50,469 - cmt.f5 - INFO - _connect_to_f5:348 - Successfully connected to F5: 10.119.24.89
2026-01-12 18:20:50,470 - cmt.f5 - INFO - _perform_scan:412 - Scanning certificates on F5 device eudc02-lb-002-nonprod.network.axadmin.net (10.119.24.89)
2026-01-12 18:20:52,151 - cmt.websocket - INFO - connect:49 - WebSocket connected (user_id=None). Total: 6
2026-01-12 18:20:52,153 - cmt.websocket - INFO - websocket_devices:188 - WebSocket client disconnected normally
2026-01-12 18:20:52,155 - cmt.websocket - INFO - disconnect:62 - WebSocket disconnected. Total: 5
2026-01-12 18:20:55,152 - cmt.websocket - INFO - connect:49 - WebSocket connected (user_id=None). Total: 6
2026-01-12 18:20:55,152 - cmt.websocket - INFO - websocket_devices:188 - WebSocket client disconnected normally
2026-01-12 18:20:55,152 - cmt.websocket - INFO - disconnect:62 - WebSocket disconnected. Total: 5
2026-01-12 18:20:58,159 - cmt.websocket - INFO - connect:49 - WebSocket connected (user_id=None). Total: 6
2026-01-12 18:20:58,161 - cmt.websocket - INFO - websocket_devices:188 - WebSocket client disconnected normally
2026-01-12 18:20:58,162 - cmt.websocket - INFO - disconnect:62 - WebSocket disconnected. Total: 5
2026-01-12 18:21:01,939 - cmt.websocket - INFO - connect:49 - WebSocket connected (user_id=None). Total: 6
2026-01-12 18:21:01,944 - cmt.websocket - INFO - websocket_devices:188 - WebSocket client disconnected normally
2026-01-12 18:21:01,944 - cmt.websocket - INFO - disconnect:62 - WebSocket disconnected. Total: 5
2026-01-12 18:21:05,939 - cmt.websocket - INFO - connect:49 - WebSocket connected (user_id=None). Total: 6
2026-01-12 18:21:05,946 - cmt.websocket - INFO - websocket_devices:188 - WebSocket client disconnected normally
2026-01-12 18:21:05,946 - cmt.websocket - INFO - disconnect:62 - WebSocket disconnected. Total: 5
2026-01-12 18:21:06,132 - cmt.f5 - ERROR - _connect_to_f5:377 - SSL/TLS handshake failed with 10.132.3.253. This device may: (1) Only support older TLS versions (1.0/1.1), (2) Have incompatible cipher suites, or (3) Have certificate issues. Try accessing via browser to verify HTTPS works.
2026-01-12 18:21:06,133 - cmt.retry - WARNING - wrapper:58 - _connect_to_f5 attempt 1/3 failed: SSL/TLS handshake failed with 10.132.3.253. This device may: (1) Only support older TLS versions (1.0/1.1), (2) Have incompatible cipher suites, or (3) Have certificate issues. Try accessing via browser to verify HTTPS works.. Retrying in 2.0s...
2026-01-12 18:21:09,935 - cmt.websocket - INFO - connect:49 - WebSocket connected (user_id=None). Total: 6
2026-01-12 18:21:09,938 - cmt.websocket - INFO - websocket_devices:188 - WebSocket client disconnected normally
2026-01-12 18:21:09,939 - cmt.websocket - INFO - disconnect:62 - WebSocket disconnected. Total: 5
2026-01-12 18:21:13,934 - cmt.websocket - INFO - connect:49 - WebSocket connected (user_id=None). Total: 6
2026-01-12 18:21:13,936 - cmt.websocket - INFO - websocket_devices:188 - WebSocket client disconnected normally
2026-01-12 18:21:13,936 - cmt.websocket - INFO - disconnect:62 - WebSocket disconnected. Total: 5
2026-01-12 18:21:17,942 - cmt.websocket - INFO - connect:49 - WebSocket connected (user_id=None). Total: 6
2026-01-12 18:21:17,947 - cmt.websocket - INFO - websocket_devices:188 - WebSocket client disconnected normally
2026-01-12 18:21:17,948 - cmt.websocket - INFO - disconnect:62 - WebSocket disconnected. Total: 5
2026-01-12 18:21:20,487 - cmt.f5 - ERROR - _connect_to_f5:377 - SSL/TLS handshake failed with 10.132.3.252. This device may: (1) Only support older TLS versions (1.0/1.1), (2) Have incompatible cipher suites, or (3) Have certificate issues. Try accessing via browser to verify HTTPS works.
2026-01-12 18:21:20,497 - cmt.retry - WARNING - wrapper:58 - _connect_to_f5 attempt 2/3 failed: SSL/TLS handshake failed with 10.132.3.252. This device may: (1) Only support older TLS versions (1.0/1.1), (2) Have incompatible cipher suites, or (3) Have certificate issues. Try accessing via browser to verify HTTPS works.. Retrying in 4.0s...
2026-01-12 18:21:21,932 - cmt.websocket - INFO - websocket_devices:188 - WebSocket client disconnected normally
2026-01-12 18:21:21,932 - cmt.websocket - INFO - disconnect:62 - WebSocket disconnected. Total: 4
2026-01-12 18:21:21,932 - cmt.websocket - INFO - connect:49 - WebSocket connected (user_id=None). Total: 5
2026-01-12 18:21:25,394 - cmt.f5 - INFO - _perform_scan:535 - Database commit successful for eudc02-lb-002-nonprod.network.axadmin.net
2026-01-12 18:21:25,397 - cmt.f5 - INFO - _perform_scan:537 - Scan complete for eudc02-lb-002-nonprod.network.axadmin.net. Certs - New: 0, Updated: 165, Removed: 0. Facts refreshed: 0 field(s).
2026-01-12 18:21:25,933 - cmt.websocket - INFO - websocket_devices:188 - WebSocket client disconnected normally
2026-01-12 18:21:25,934 - cmt.websocket - INFO - disconnect:62 - WebSocket disconnected. Total: 4
2026-01-12 18:21:25,935 - cmt.websocket - INFO - connect:49 - WebSocket connected (user_id=None). Total: 5
2026-01-12 18:21:26,947 - cmt.f5 - INFO - _connect_to_f5:348 - Successfully connected to F5: 10.119.24.90
2026-01-12 18:21:26,948 - cmt.f5 - INFO - _perform_scan:412 - Scanning certificates on F5 device eudc02-lb-001-test.network.axadmin.net (10.119.24.90)
2026-01-12 18:21:28,933 - cmt.f5 - INFO - _perform_scan:535 - Database commit successful for eudc02-lb-001-test.network.axadmin.net
2026-01-12 18:21:28,934 - cmt.f5 - INFO - _perform_scan:537 - Scan complete for eudc02-lb-001-test.network.axadmin.net. Certs - New: 0, Updated: 4, Removed: 0. Facts refreshed: 0 field(s).
2026-01-12 18:21:29,219 - cmt.retry - WARNING - wrapper:58 - _connect_to_f5 attempt 1/3 failed: HTTPSConnectionPool(host='172.20.188.52', port=443): Max retries exceeded with url: /mgmt/shared/authn/login (Caused by ConnectTimeoutError(<urllib3.connection.HTTPSConnection object at 0xffffb7e37f10>, 'Connection to 172.20.188.52 timed out. (connect timeout=None)')). Retrying in 2.0s...
2026-01-12 18:21:29,808 - cmt.f5 - INFO - _connect_to_f5:348 - Successfully connected to F5: 10.119.0.75
2026-01-12 18:21:29,809 - cmt.f5 - INFO - _perform_scan:412 - Scanning certificates on F5 device usdc01-fab1-lb-001.network.axadmin.net (10.119.0.75)
2026-01-12 18:21:29,932 - cmt.websocket - INFO - connect:49 - WebSocket connected (user_id=None). Total: 6
2026-01-12 18:21:29,934 - cmt.websocket - INFO - websocket_devices:188 - WebSocket client disconnected normally
2026-01-12 18:21:29,935 - cmt.websocket - INFO - disconnect:62 - WebSocket disconnected. Total: 5
2026-01-12 18:21:30,876 - cmt.f5 - INFO - _perform_scan:535 - Database commit successful for usdc01-fab1-lb-001.network.axadmin.net
2026-01-12 18:21:30,877 - cmt.f5 - INFO - _perform_scan:537 - Scan complete for usdc01-fab1-lb-001.network.axadmin.net. Certs - New: 0, Updated: 5, Removed: 0. Facts refreshed: 0 field(s).
2026-01-12 18:21:33,933 - cmt.websocket - INFO - connect:49 - WebSocket connected (user_id=None). Total: 6
2026-01-12 18:21:33,936 - cmt.websocket - INFO - websocket_devices:188 - WebSocket client disconnected normally
2026-01-12 18:21:33,936 - cmt.websocket - INFO - disconnect:62 - WebSocket disconnected. Total: 5
2026-01-12 18:21:37,934 - cmt.websocket - INFO - connect:49 - WebSocket connected (user_id=None). Total: 6
2026-01-12 18:21:37,935 - cmt.websocket - INFO - websocket_devices:188 - WebSocket client disconnected normally
2026-01-12 18:21:37,936 - cmt.websocket - INFO - disconnect:62 - WebSocket disconnected. Total: 5
2026-01-12 18:21:41,933 - cmt.websocket - INFO - connect:49 - WebSocket connected (user_id=None). Total: 6
2026-01-12 18:21:41,933 - cmt.websocket - INFO - websocket_devices:188 - WebSocket client disconnected normally
2026-01-12 18:21:41,934 - cmt.websocket - INFO - disconnect:62 - WebSocket disconnected. Total: 5
2026-01-12 18:21:45,933 - cmt.websocket - INFO - websocket_devices:188 - WebSocket client disconnected normally
2026-01-12 18:21:45,934 - cmt.websocket - INFO - disconnect:62 - WebSocket disconnected. Total: 4
2026-01-12 18:21:45,936 - cmt.websocket - INFO - connect:49 - WebSocket connected (user_id=None). Total: 5
2026-01-12 18:21:49,935 - cmt.websocket - INFO - connect:49 - WebSocket connected (user_id=None). Total: 6
2026-01-12 18:21:49,937 - cmt.websocket - INFO - websocket_devices:188 - WebSocket client disconnected normally
2026-01-12 18:21:49,938 - cmt.websocket - INFO - disconnect:62 - WebSocket disconnected. Total: 5
2026-01-12 18:21:53,931 - cmt.websocket - INFO - connect:49 - WebSocket connected (user_id=None). Total: 6
2026-01-12 18:21:53,932 - cmt.websocket - INFO - websocket_devices:188 - WebSocket client disconnected normally
2026-01-12 18:21:53,933 - cmt.websocket - INFO - disconnect:62 - WebSocket disconnected. Total: 5
2026-01-12 18:21:56,337 - cmt.f5 - ERROR - _connect_to_f5:377 - SSL/TLS handshake failed with 10.132.3.253. This device may: (1) Only support older TLS versions (1.0/1.1), (2) Have incompatible cipher suites, or (3) Have certificate issues. Try accessing via browser to verify HTTPS works.
2026-01-12 18:21:56,344 - cmt.retry - WARNING - wrapper:58 - _connect_to_f5 attempt 2/3 failed: SSL/TLS handshake failed with 10.132.3.253. This device may: (1) Only support older TLS versions (1.0/1.1), (2) Have incompatible cipher suites, or (3) Have certificate issues. Try accessing via browser to verify HTTPS works.. Retrying in 4.0s...
2026-01-12 18:21:57,935 - cmt.websocket - INFO - connect:49 - WebSocket connected (user_id=None). Total: 6
2026-01-12 18:21:57,938 - cmt.websocket - INFO - websocket_devices:188 - WebSocket client disconnected normally
2026-01-12 18:21:57,938 - cmt.websocket - INFO - disconnect:62 - WebSocket disconnected. Total: 5
2026-01-12 18:22:01,936 - cmt.websocket - INFO - websocket_devices:188 - WebSocket client disconnected normally
2026-01-12 18:22:01,937 - cmt.websocket - INFO - disconnect:62 - WebSocket disconnected. Total: 4
2026-01-12 18:22:01,938 - cmt.websocket - INFO - connect:49 - WebSocket connected (user_id=None). Total: 5
2026-01-12 18:22:05,938 - cmt.websocket - INFO - connect:49 - WebSocket connected (user_id=None). Total: 6
2026-01-12 18:22:05,941 - cmt.websocket - INFO - websocket_devices:188 - WebSocket client disconnected normally
2026-01-12 18:22:05,941 - cmt.websocket - INFO - disconnect:62 - WebSocket disconnected. Total: 5
2026-01-12 18:22:09,935 - cmt.websocket - INFO - connect:49 - WebSocket connected (user_id=None). Total: 6
2026-01-12 18:22:09,937 - cmt.websocket - INFO - websocket_devices:188 - WebSocket client disconnected normally
2026-01-12 18:22:09,937 - cmt.websocket - INFO - disconnect:62 - WebSocket disconnected. Total: 5
2026-01-12 18:22:13,934 - cmt.websocket - INFO - websocket_devices:188 - WebSocket client disconnected normally
2026-01-12 18:22:13,935 - cmt.websocket - INFO - disconnect:62 - WebSocket disconnected. Total: 4
2026-01-12 18:22:13,937 - cmt.websocket - INFO - connect:49 - WebSocket connected (user_id=None). Total: 5
2026-01-12 18:22:17,945 - cmt.websocket - INFO - connect:49 - WebSocket connected (user_id=None). Total: 6
2026-01-12 18:22:17,948 - cmt.websocket - INFO - websocket_devices:188 - WebSocket client disconnected normally
2026-01-12 18:22:17,948 - cmt.websocket - INFO - disconnect:62 - WebSocket disconnected. Total: 5
2026-01-12 18:22:19,948 - cmt.f5 - ERROR - _connect_to_f5:377 - SSL/TLS handshake failed with 10.132.3.252. This device may: (1) Only support older TLS versions (1.0/1.1), (2) Have incompatible cipher suites, or (3) Have certificate issues. Try accessing via browser to verify HTTPS works.
2026-01-12 18:22:19,966 - cmt.retry - ERROR - wrapper:47 - _connect_to_f5 failed after 3 attempts: SSL/TLS handshake failed with 10.132.3.252. This device may: (1) Only support older TLS versions (1.0/1.1), (2) Have incompatible cipher suites, or (3) Have certificate issues. Try accessing via browser to verify HTTPS works.
2026-01-12 18:22:19,977 - cmt.f5 - ERROR - _perform_scan:570 - [SSL ERROR] Cannot connect to usdc01-fab1-lb-006.network.axadmin.net (10.132.3.252). TLS/SSL handshake failed. The device may only support older TLS versions or have incompatible ciphers. Verify HTTPS access works via web browser.
Traceback (most recent call last):
  File "/usr/local/lib/python3.11/site-packages/urllib3/connectionpool.py", line 715, in urlopen
    httplib_response = self._make_request(
                       ^^^^^^^^^^^^^^^^^^^
  File "/usr/local/lib/python3.11/site-packages/urllib3/connectionpool.py", line 404, in _make_request
    self._validate_conn(conn)
  File "/usr/local/lib/python3.11/site-packages/urllib3/connectionpool.py", line 1058, in _validate_conn
    conn.connect()
  File "/usr/local/lib/python3.11/site-packages/urllib3/connection.py", line 419, in connect
    self.sock = ssl_wrap_socket(
                ^^^^^^^^^^^^^^^^
  File "/usr/local/lib/python3.11/site-packages/urllib3/util/ssl_.py", line 453, in ssl_wrap_socket
    ssl_sock = _ssl_wrap_socket_impl(sock, context, tls_in_tls)
               ^^^^^^^^^^^^^^^^^^^^^^^^^^^^^^^^^^^^^^^^^^^^^^^^
  File "/usr/local/lib/python3.11/site-packages/urllib3/util/ssl_.py", line 495, in _ssl_wrap_socket_impl
    return ssl_context.wrap_socket(sock)
           ^^^^^^^^^^^^^^^^^^^^^^^^^^^^^
  File "/usr/local/lib/python3.11/ssl.py", line 517, in wrap_socket
    return self.sslsocket_class._create(
           ^^^^^^^^^^^^^^^^^^^^^^^^^^^^^
  File "/usr/local/lib/python3.11/ssl.py", line 1104, in _create
    self.do_handshake()
  File "/usr/local/lib/python3.11/ssl.py", line 1382, in do_handshake
    self._sslobj.do_handshake()
ssl.SSLEOFError: [SSL: UNEXPECTED_EOF_WHILE_READING] EOF occurred in violation of protocol (_ssl.c:1016)

During handling of the above exception, another exception occurred:

Traceback (most recent call last):
  File "/usr/local/lib/python3.11/site-packages/requests/adapters.py", line 486, in send
    resp = conn.urlopen(
           ^^^^^^^^^^^^^
  File "/usr/local/lib/python3.11/site-packages/urllib3/connectionpool.py", line 799, in urlopen
    retries = retries.increment(
              ^^^^^^^^^^^^^^^^^^
  File "/usr/local/lib/python3.11/site-packages/urllib3/util/retry.py", line 592, in increment
    raise MaxRetryError(_pool, url, error or ResponseError(cause))
urllib3.exceptions.MaxRetryError: HTTPSConnectionPool(host='10.132.3.252', port=443): Max retries exceeded with url: /mgmt/shared/authn/login (Caused by SSLError(SSLEOFError(8, '[SSL: UNEXPECTED_EOF_WHILE_READING] EOF occurred in violation of protocol (_ssl.c:1016)')))

During handling of the above exception, another exception occurred:

Traceback (most recent call last):
  File "/app/services/f5_service_logic.py", line 347, in _connect_to_f5
    mgmt = ManagementRoot(hostname, username, password, token=True)
           ^^^^^^^^^^^^^^^^^^^^^^^^^^^^^^^^^^^^^^^^^^^^^^^^^^^^^^^^
  File "/usr/local/lib/python3.11/site-packages/f5/bigip/__init__.py", line 183, in __init__
    self.post_configuration_setup()
  File "/usr/local/lib/python3.11/site-packages/f5/bigip/__init__.py", line 119, in post_configuration_setup
    self._get_tmos_version()
  File "/usr/local/lib/python3.11/site-packages/f5/bigip/__init__.py", line 138, in _get_tmos_version
    response = connect.get(base_uri)
               ^^^^^^^^^^^^^^^^^^^^^
  File "/usr/local/lib/python3.11/site-packages/icontrol/session.py", line 281, in wrapper
    response = method(self, REST_uri, **kwargs)
               ^^^^^^^^^^^^^^^^^^^^^^^^^^^^^^^^
  File "/usr/local/lib/python3.11/site-packages/icontrol/session.py", line 524, in get
    prepared = self.session.prepare_request(req)
               ^^^^^^^^^^^^^^^^^^^^^^^^^^^^^^^^^
  File "/usr/local/lib/python3.11/site-packages/requests/sessions.py", line 486, in prepare_request
    p.prepare(
  File "/usr/local/lib/python3.11/site-packages/requests/models.py", line 372, in prepare
    self.prepare_auth(auth, url)
  File "/usr/local/lib/python3.11/site-packages/requests/models.py", line 603, in prepare_auth
    r = auth(self)
        ^^^^^^^^^^
  File "/usr/local/lib/python3.11/site-packages/icontrol/authtoken.py", line 254, in __call__
    self.get_new_token(netloc)
  File "/usr/local/lib/python3.11/site-packages/icontrol/authtoken.py", line 146, in get_new_token
    response = requests.post(
               ^^^^^^^^^^^^^^
  File "/usr/local/lib/python3.11/site-packages/requests/api.py", line 115, in post
    return request("post", url, data=data, json=json, **kwargs)
           ^^^^^^^^^^^^^^^^^^^^^^^^^^^^^^^^^^^^^^^^^^^^^^^^^^^^
  File "/usr/local/lib/python3.11/site-packages/requests/api.py", line 59, in request
    return session.request(method=method, url=url, **kwargs)
           ^^^^^^^^^^^^^^^^^^^^^^^^^^^^^^^^^^^^^^^^^^^^^^^^^
  File "/usr/local/lib/python3.11/site-packages/requests/sessions.py", line 589, in request
    resp = self.send(prep, **send_kwargs)
           ^^^^^^^^^^^^^^^^^^^^^^^^^^^^^^
  File "/usr/local/lib/python3.11/site-packages/requests/sessions.py", line 703, in send
    r = adapter.send(request, **kwargs)
        ^^^^^^^^^^^^^^^^^^^^^^^^^^^^^^^
  File "/usr/local/lib/python3.11/site-packages/requests/adapters.py", line 517, in send
    raise SSLError(e, request=request)
requests.exceptions.SSLError: HTTPSConnectionPool(host='10.132.3.252', port=443): Max retries exceeded with url: /mgmt/shared/authn/login (Caused by SSLError(SSLEOFError(8, '[SSL: UNEXPECTED_EOF_WHILE_READING] EOF occurred in violation of protocol (_ssl.c:1016)')))

The above exception was the direct cause of the following exception:

Traceback (most recent call last):
  File "/app/services/f5_service_logic.py", line 411, in _perform_scan
    mgmt = _connect_to_f5(device.ip_address, username, password)
           ^^^^^^^^^^^^^^^^^^^^^^^^^^^^^^^^^^^^^^^^^^^^^^^^^^^^^
  File "/app/core/retry.py", line 42, in wrapper
    return func(*args, **kwargs)
           ^^^^^^^^^^^^^^^^^^^^^
  File "/app/services/f5_service_logic.py", line 378, in _connect_to_f5
    raise SSLError(error_msg) from e
requests.exceptions.SSLError: SSL/TLS handshake failed with 10.132.3.252. This device may: (1) Only support older TLS versions (1.0/1.1), (2) Have incompatible cipher suites, or (3) Have certificate issues. Try accessing via browser to verify HTTPS works.

2026-01-12 18:22:21,621 - cmt.f5 - INFO - _connect_to_f5:348 - Successfully connected to F5: 10.119.24.85
2026-01-12 18:22:21,622 - cmt.f5 - INFO - _perform_scan:412 - Scanning certificates on F5 device eudc02-lb-002-white.network.axadmin.net (10.119.24.85)
2026-01-12 18:22:21,938 - cmt.websocket - INFO - websocket_devices:188 - WebSocket client disconnected normally
2026-01-12 18:22:21,939 - cmt.websocket - INFO - disconnect:62 - WebSocket disconnected. Total: 4
2026-01-12 18:22:21,940 - cmt.websocket - INFO - connect:49 - WebSocket connected (user_id=None). Total: 5
2026-01-12 18:22:25,931 - cmt.websocket - INFO - websocket_devices:188 - WebSocket client disconnected normally
2026-01-12 18:22:25,932 - cmt.websocket - INFO - disconnect:62 - WebSocket disconnected. Total: 4
2026-01-12 18:22:25,933 - cmt.websocket - INFO - connect:49 - WebSocket connected (user_id=None). Total: 5
2026-01-12 18:22:29,931 - cmt.websocket - INFO - connect:49 - WebSocket connected (user_id=None). Total: 6
2026-01-12 18:22:29,933 - cmt.websocket - INFO - websocket_devices:188 - WebSocket client disconnected normally
2026-01-12 18:22:29,933 - cmt.websocket - INFO - disconnect:62 - WebSocket disconnected. Total: 5
2026-01-12 18:22:33,938 - cmt.websocket - INFO - connect:49 - WebSocket connected (user_id=None). Total: 6
2026-01-12 18:22:33,939 - cmt.websocket - INFO - websocket_devices:188 - WebSocket client disconnected normally
2026-01-12 18:22:33,939 - cmt.websocket - INFO - disconnect:62 - WebSocket disconnected. Total: 5
2026-01-12 18:22:37,929 - cmt.websocket - INFO - websocket_devices:188 - WebSocket client disconnected normally
2026-01-12 18:22:37,929 - cmt.websocket - INFO - disconnect:62 - WebSocket disconnected. Total: 4
2026-01-12 18:22:37,930 - cmt.websocket - INFO - connect:49 - WebSocket connected (user_id=None). Total: 5
2026-01-12 18:22:41,931 - cmt.websocket - INFO - websocket_devices:188 - WebSocket client disconnected normally
2026-01-12 18:22:41,932 - cmt.websocket - INFO - disconnect:62 - WebSocket disconnected. Total: 4
2026-01-12 18:22:41,933 - cmt.websocket - INFO - connect:49 - WebSocket connected (user_id=None). Total: 5
2026-01-12 18:22:42,328 - cmt.f5 - ERROR - _connect_to_f5:377 - SSL/TLS handshake failed with 10.132.3.253. This device may: (1) Only support older TLS versions (1.0/1.1), (2) Have incompatible cipher suites, or (3) Have certificate issues. Try accessing via browser to verify HTTPS works.
2026-01-12 18:22:42,334 - cmt.retry - ERROR - wrapper:47 - _connect_to_f5 failed after 3 attempts: SSL/TLS handshake failed with 10.132.3.253. This device may: (1) Only support older TLS versions (1.0/1.1), (2) Have incompatible cipher suites, or (3) Have certificate issues. Try accessing via browser to verify HTTPS works.
2026-01-12 18:22:42,340 - cmt.f5 - ERROR - _perform_scan:570 - [SSL ERROR] Cannot connect to usdc01-fab1-lb-005.network.axadmin.net (10.132.3.253). TLS/SSL handshake failed. The device may only support older TLS versions or have incompatible ciphers. Verify HTTPS access works via web browser.
Traceback (most recent call last):
  File "/usr/local/lib/python3.11/site-packages/urllib3/connectionpool.py", line 715, in urlopen
    httplib_response = self._make_request(
                       ^^^^^^^^^^^^^^^^^^^
  File "/usr/local/lib/python3.11/site-packages/urllib3/connectionpool.py", line 404, in _make_request
    self._validate_conn(conn)
  File "/usr/local/lib/python3.11/site-packages/urllib3/connectionpool.py", line 1058, in _validate_conn
    conn.connect()
  File "/usr/local/lib/python3.11/site-packages/urllib3/connection.py", line 419, in connect
    self.sock = ssl_wrap_socket(
                ^^^^^^^^^^^^^^^^
  File "/usr/local/lib/python3.11/site-packages/urllib3/util/ssl_.py", line 453, in ssl_wrap_socket
    ssl_sock = _ssl_wrap_socket_impl(sock, context, tls_in_tls)
               ^^^^^^^^^^^^^^^^^^^^^^^^^^^^^^^^^^^^^^^^^^^^^^^^
  File "/usr/local/lib/python3.11/site-packages/urllib3/util/ssl_.py", line 495, in _ssl_wrap_socket_impl
    return ssl_context.wrap_socket(sock)
           ^^^^^^^^^^^^^^^^^^^^^^^^^^^^^
  File "/usr/local/lib/python3.11/ssl.py", line 517, in wrap_socket
    return self.sslsocket_class._create(
           ^^^^^^^^^^^^^^^^^^^^^^^^^^^^^
  File "/usr/local/lib/python3.11/ssl.py", line 1104, in _create
    self.do_handshake()
  File "/usr/local/lib/python3.11/ssl.py", line 1382, in do_handshake
    self._sslobj.do_handshake()
ssl.SSLEOFError: [SSL: UNEXPECTED_EOF_WHILE_READING] EOF occurred in violation of protocol (_ssl.c:1016)

During handling of the above exception, another exception occurred:

Traceback (most recent call last):
  File "/usr/local/lib/python3.11/site-packages/requests/adapters.py", line 486, in send
    resp = conn.urlopen(
           ^^^^^^^^^^^^^
  File "/usr/local/lib/python3.11/site-packages/urllib3/connectionpool.py", line 799, in urlopen
    retries = retries.increment(
              ^^^^^^^^^^^^^^^^^^
  File "/usr/local/lib/python3.11/site-packages/urllib3/util/retry.py", line 592, in increment
    raise MaxRetryError(_pool, url, error or ResponseError(cause))
urllib3.exceptions.MaxRetryError: HTTPSConnectionPool(host='10.132.3.253', port=443): Max retries exceeded with url: /mgmt/shared/authn/login (Caused by SSLError(SSLEOFError(8, '[SSL: UNEXPECTED_EOF_WHILE_READING] EOF occurred in violation of protocol (_ssl.c:1016)')))

During handling of the above exception, another exception occurred:

Traceback (most recent call last):
  File "/app/services/f5_service_logic.py", line 347, in _connect_to_f5
    mgmt = ManagementRoot(hostname, username, password, token=True)
           ^^^^^^^^^^^^^^^^^^^^^^^^^^^^^^^^^^^^^^^^^^^^^^^^^^^^^^^^
  File "/usr/local/lib/python3.11/site-packages/f5/bigip/__init__.py", line 183, in __init__
    self.post_configuration_setup()
  File "/usr/local/lib/python3.11/site-packages/f5/bigip/__init__.py", line 119, in post_configuration_setup
    self._get_tmos_version()
  File "/usr/local/lib/python3.11/site-packages/f5/bigip/__init__.py", line 138, in _get_tmos_version
    response = connect.get(base_uri)
               ^^^^^^^^^^^^^^^^^^^^^
  File "/usr/local/lib/python3.11/site-packages/icontrol/session.py", line 281, in wrapper
    response = method(self, REST_uri, **kwargs)
               ^^^^^^^^^^^^^^^^^^^^^^^^^^^^^^^^
  File "/usr/local/lib/python3.11/site-packages/icontrol/session.py", line 524, in get
    prepared = self.session.prepare_request(req)
               ^^^^^^^^^^^^^^^^^^^^^^^^^^^^^^^^^
  File "/usr/local/lib/python3.11/site-packages/requests/sessions.py", line 486, in prepare_request
    p.prepare(
  File "/usr/local/lib/python3.11/site-packages/requests/models.py", line 372, in prepare
    self.prepare_auth(auth, url)
  File "/usr/local/lib/python3.11/site-packages/requests/models.py", line 603, in prepare_auth
    r = auth(self)
        ^^^^^^^^^^
  File "/usr/local/lib/python3.11/site-packages/icontrol/authtoken.py", line 254, in __call__
    self.get_new_token(netloc)
  File "/usr/local/lib/python3.11/site-packages/icontrol/authtoken.py", line 146, in get_new_token
    response = requests.post(
               ^^^^^^^^^^^^^^
  File "/usr/local/lib/python3.11/site-packages/requests/api.py", line 115, in post
    return request("post", url, data=data, json=json, **kwargs)
           ^^^^^^^^^^^^^^^^^^^^^^^^^^^^^^^^^^^^^^^^^^^^^^^^^^^^
  File "/usr/local/lib/python3.11/site-packages/requests/api.py", line 59, in request
    return session.request(method=method, url=url, **kwargs)
           ^^^^^^^^^^^^^^^^^^^^^^^^^^^^^^^^^^^^^^^^^^^^^^^^^
  File "/usr/local/lib/python3.11/site-packages/requests/sessions.py", line 589, in request
    resp = self.send(prep, **send_kwargs)
           ^^^^^^^^^^^^^^^^^^^^^^^^^^^^^^
  File "/usr/local/lib/python3.11/site-packages/requests/sessions.py", line 703, in send
    r = adapter.send(request, **kwargs)
        ^^^^^^^^^^^^^^^^^^^^^^^^^^^^^^^
  File "/usr/local/lib/python3.11/site-packages/requests/adapters.py", line 517, in send
    raise SSLError(e, request=request)
requests.exceptions.SSLError: HTTPSConnectionPool(host='10.132.3.253', port=443): Max retries exceeded with url: /mgmt/shared/authn/login (Caused by SSLError(SSLEOFError(8, '[SSL: UNEXPECTED_EOF_WHILE_READING] EOF occurred in violation of protocol (_ssl.c:1016)')))

The above exception was the direct cause of the following exception:

Traceback (most recent call last):
  File "/app/services/f5_service_logic.py", line 411, in _perform_scan
    mgmt = _connect_to_f5(device.ip_address, username, password)
           ^^^^^^^^^^^^^^^^^^^^^^^^^^^^^^^^^^^^^^^^^^^^^^^^^^^^^
  File "/app/core/retry.py", line 42, in wrapper
    return func(*args, **kwargs)
           ^^^^^^^^^^^^^^^^^^^^^
  File "/app/services/f5_service_logic.py", line 378, in _connect_to_f5
    raise SSLError(error_msg) from e
requests.exceptions.SSLError: SSL/TLS handshake failed with 10.132.3.253. This device may: (1) Only support older TLS versions (1.0/1.1), (2) Have incompatible cipher suites, or (3) Have certificate issues. Try accessing via browser to verify HTTPS works.

2026-01-12 18:22:43,744 - cmt.f5 - ERROR - _connect_to_f5:362 - iControl REST API not available on 10.119.0.81. This device may be: (1) A vCMP guest without REST access, (2) Running an older BIG-IP version (<11.6), or (3) Has REST framework disabled. Check 'tmsh list sys provision' for 'rest' module status.
2026-01-12 18:22:43,745 - cmt.retry - WARNING - wrapper:58 - _connect_to_f5 attempt 1/3 failed: iControl REST API not available on 10.119.0.81. This device may be: (1) A vCMP guest without REST access, (2) Running an older BIG-IP version (<11.6), or (3) Has REST framework disabled. Check 'tmsh list sys provision' for 'rest' module status.. Retrying in 2.0s...
2026-01-12 18:22:45,931 - cmt.websocket - INFO - websocket_devices:188 - WebSocket client disconnected normally
2026-01-12 18:22:45,931 - cmt.websocket - INFO - disconnect:62 - WebSocket disconnected. Total: 4
2026-01-12 18:22:45,932 - cmt.websocket - INFO - connect:49 - WebSocket connected (user_id=None). Total: 5
2026-01-12 18:22:47,508 - cmt.f5 - ERROR - _connect_to_f5:362 - iControl REST API not available on 10.119.0.81. This device may be: (1) A vCMP guest without REST access, (2) Running an older BIG-IP version (<11.6), or (3) Has REST framework disabled. Check 'tmsh list sys provision' for 'rest' module status.
2026-01-12 18:22:47,509 - cmt.retry - WARNING - wrapper:58 - _connect_to_f5 attempt 2/3 failed: iControl REST API not available on 10.119.0.81. This device may be: (1) A vCMP guest without REST access, (2) Running an older BIG-IP version (<11.6), or (3) Has REST framework disabled. Check 'tmsh list sys provision' for 'rest' module status.. Retrying in 4.0s...
2026-01-12 18:22:49,949 - cmt.websocket - INFO - connect:49 - WebSocket connected (user_id=None). Total: 6
2026-01-12 18:22:49,951 - cmt.websocket - INFO - websocket_devices:188 - WebSocket client disconnected normally
2026-01-12 18:22:49,952 - cmt.websocket - INFO - disconnect:62 - WebSocket disconnected. Total: 5
2026-01-12 18:22:53,462 - cmt.f5 - ERROR - _connect_to_f5:362 - iControl REST API not available on 10.119.0.81. This device may be: (1) A vCMP guest without REST access, (2) Running an older BIG-IP version (<11.6), or (3) Has REST framework disabled. Check 'tmsh list sys provision' for 'rest' module status.
2026-01-12 18:22:53,462 - cmt.retry - ERROR - wrapper:47 - _connect_to_f5 failed after 3 attempts: iControl REST API not available on 10.119.0.81. This device may be: (1) A vCMP guest without REST access, (2) Running an older BIG-IP version (<11.6), or (3) Has REST framework disabled. Check 'tmsh list sys provision' for 'rest' module status.
2026-01-12 18:22:53,463 - cmt.f5 - ERROR - _perform_scan:570 - [SCAN SKIPPED] Device USDC01-LB02-BLUE-SEC.network.axadmin.net (10.119.0.81) does not support iControl REST API. This may be a vCMP guest, old BIG-IP version (<11.6), or REST module is not provisioned. Manual certificate management required for this device.
Traceback (most recent call last):
  File "/app/services/f5_service_logic.py", line 347, in _connect_to_f5
    mgmt = ManagementRoot(hostname, username, password, token=True)
           ^^^^^^^^^^^^^^^^^^^^^^^^^^^^^^^^^^^^^^^^^^^^^^^^^^^^^^^^
  File "/usr/local/lib/python3.11/site-packages/f5/bigip/__init__.py", line 183, in __init__
    self.post_configuration_setup()
  File "/usr/local/lib/python3.11/site-packages/f5/bigip/__init__.py", line 119, in post_configuration_setup
    self._get_tmos_version()
  File "/usr/local/lib/python3.11/site-packages/f5/bigip/__init__.py", line 138, in _get_tmos_version
    response = connect.get(base_uri)
               ^^^^^^^^^^^^^^^^^^^^^
  File "/usr/local/lib/python3.11/site-packages/icontrol/session.py", line 295, in wrapper
    raise iControlUnexpectedHTTPError(error_message, response=response)
icontrol.exceptions.iControlUnexpectedHTTPError: 404 Unexpected Error: Not Found for uri: https://10.119.0.81:443/mgmt/tm/sys/
Text: '{"code":404,"message":"Public URI path not registered: /tm/sys/","referer":"10.119.1.7","restOperationId":125070961,"kind":":resterrorresponse"}'

The above exception was the direct cause of the following exception:

Traceback (most recent call last):
  File "/app/services/f5_service_logic.py", line 411, in _perform_scan
    mgmt = _connect_to_f5(device.ip_address, username, password)
           ^^^^^^^^^^^^^^^^^^^^^^^^^^^^^^^^^^^^^^^^^^^^^^^^^^^^^
  File "/app/core/retry.py", line 42, in wrapper
    return func(*args, **kwargs)
           ^^^^^^^^^^^^^^^^^^^^^
  File "/app/services/f5_service_logic.py", line 363, in _connect_to_f5
    raise ConnectionError(error_msg) from e
ConnectionError: iControl REST API not available on 10.119.0.81. This device may be: (1) A vCMP guest without REST access, (2) Running an older BIG-IP version (<11.6), or (3) Has REST framework disabled. Check 'tmsh list sys provision' for 'rest' module status.

2026-01-12 18:22:53,952 - cmt.websocket - INFO - connect:49 - WebSocket connected (user_id=None). Total: 6
2026-01-12 18:22:53,955 - cmt.websocket - INFO - websocket_devices:188 - WebSocket client disconnected normally
2026-01-12 18:22:53,956 - cmt.websocket - INFO - disconnect:62 - WebSocket disconnected. Total: 5
2026-01-12 18:22:54,770 - cmt.f5 - INFO - _connect_to_f5:348 - Successfully connected to F5: 192.168.52.184
2026-01-12 18:22:54,770 - cmt.f5 - INFO - _perform_scan:412 - Scanning certificates on F5 device na-oec-02-internal-acpt-02.mgmt.omnitracs.com (192.168.52.184)
2026-01-12 18:22:56,615 - cmt.f5 - INFO - _perform_scan:535 - Database commit successful for na-oec-02-internal-acpt-02.mgmt.omnitracs.com
2026-01-12 18:22:56,615 - cmt.f5 - INFO - _perform_scan:537 - Scan complete for na-oec-02-internal-acpt-02.mgmt.omnitracs.com. Certs - New: 0, Updated: 8, Removed: 0. Facts refreshed: 0 field(s).
2026-01-12 18:22:57,739 - cmt.f5 - INFO - _connect_to_f5:348 - Successfully connected to F5: 192.168.13.101
2026-01-12 18:22:57,740 - cmt.f5 - INFO - _perform_scan:412 - Scanning certificates on F5 device dc1-pem-02.mgmt.omnitracs.com (192.168.13.101)
2026-01-12 18:22:57,947 - cmt.websocket - INFO - connect:49 - WebSocket connected (user_id=None). Total: 6
2026-01-12 18:22:57,947 - cmt.websocket - INFO - websocket_devices:188 - WebSocket client disconnected normally
2026-01-12 18:22:57,947 - cmt.websocket - INFO - disconnect:62 - WebSocket disconnected. Total: 5
2026-01-12 18:22:59,094 - cmt.f5 - INFO - _perform_scan:535 - Database commit successful for dc1-pem-02.mgmt.omnitracs.com
2026-01-12 18:22:59,095 - cmt.f5 - INFO - _perform_scan:537 - Scan complete for dc1-pem-02.mgmt.omnitracs.com. Certs - New: 0, Updated: 5, Removed: 0. Facts refreshed: 0 field(s).
2026-01-12 18:23:00,247 - cmt.f5 - INFO - _connect_to_f5:348 - Successfully connected to F5: 192.168.13.102
2026-01-12 18:23:00,247 - cmt.f5 - INFO - _perform_scan:412 - Scanning certificates on F5 device dc1-pem-api-01.mgmt.omnitracs.com (192.168.13.102)
2026-01-12 18:23:01,612 - cmt.f5 - INFO - _perform_scan:535 - Database commit successful for dc1-pem-api-01.mgmt.omnitracs.com
2026-01-12 18:23:01,612 - cmt.f5 - INFO - _perform_scan:537 - Scan complete for dc1-pem-api-01.mgmt.omnitracs.com. Certs - New: 0, Updated: 5, Removed: 0. Facts refreshed: 0 field(s).
2026-01-12 18:23:01,947 - cmt.websocket - INFO - connect:49 - WebSocket connected (user_id=None). Total: 6
2026-01-12 18:23:01,947 - cmt.websocket - INFO - websocket_devices:188 - WebSocket client disconnected normally
2026-01-12 18:23:01,947 - cmt.websocket - INFO - disconnect:62 - WebSocket disconnected. Total: 5
2026-01-12 18:23:04,949 - cmt.websocket - INFO - connect:49 - WebSocket connected (user_id=None). Total: 6
2026-01-12 18:23:04,950 - cmt.websocket - INFO - websocket_devices:188 - WebSocket client disconnected normally
2026-01-12 18:23:04,950 - cmt.websocket - INFO - disconnect:62 - WebSocket disconnected. Total: 5
2026-01-12 18:23:07,430 - cmt.f5 - INFO - _perform_scan:535 - Database commit successful for eudc02-lb-002-white.network.axadmin.net
2026-01-12 18:23:07,431 - cmt.f5 - INFO - _perform_scan:537 - Scan complete for eudc02-lb-002-white.network.axadmin.net. Certs - New: 0, Updated: 217, Removed: 0. Facts refreshed: 0 field(s).
2026-01-12 18:23:08,948 - cmt.websocket - INFO - connect:49 - WebSocket connected (user_id=None). Total: 6
2026-01-12 18:23:08,951 - cmt.websocket - INFO - websocket_devices:188 - WebSocket client disconnected normally
2026-01-12 18:23:08,952 - cmt.websocket - INFO - disconnect:62 - WebSocket disconnected. Total: 5
2026-01-12 18:23:12,952 - cmt.websocket - INFO - connect:49 - WebSocket connected (user_id=None). Total: 6
2026-01-12 18:23:12,954 - cmt.websocket - INFO - websocket_devices:188 - WebSocket client disconnected normally
2026-01-12 18:23:12,955 - cmt.websocket - INFO - disconnect:62 - WebSocket disconnected. Total: 5
2026-01-12 18:23:16,952 - cmt.websocket - INFO - connect:49 - WebSocket connected (user_id=None). Total: 6
2026-01-12 18:23:16,957 - cmt.websocket - INFO - websocket_devices:188 - WebSocket client disconnected normally
2026-01-12 18:23:16,957 - cmt.websocket - INFO - disconnect:62 - WebSocket disconnected. Total: 5
2026-01-12 18:23:20,951 - cmt.websocket - INFO - connect:49 - WebSocket connected (user_id=None). Total: 6
2026-01-12 18:23:20,953 - cmt.websocket - INFO - websocket_devices:188 - WebSocket client disconnected normally
2026-01-12 18:23:20,953 - cmt.websocket - INFO - disconnect:62 - WebSocket disconnected. Total: 5
2026-01-12 18:23:24,956 - cmt.websocket - INFO - websocket_devices:188 - WebSocket client disconnected normally
2026-01-12 18:23:24,957 - cmt.websocket - INFO - disconnect:62 - WebSocket disconnected. Total: 4
2026-01-12 18:23:24,977 - cmt.websocket - INFO - connect:49 - WebSocket connected (user_id=None). Total: 5
2026-01-12 18:23:28,951 - cmt.websocket - INFO - connect:49 - WebSocket connected (user_id=None). Total: 6
2026-01-12 18:23:28,952 - cmt.websocket - INFO - websocket_devices:188 - WebSocket client disconnected normally
2026-01-12 18:23:28,952 - cmt.websocket - INFO - disconnect:62 - WebSocket disconnected. Total: 5
2026-01-12 18:23:32,957 - cmt.websocket - INFO - connect:49 - WebSocket connected (user_id=None). Total: 6
2026-01-12 18:23:32,960 - cmt.websocket - INFO - websocket_devices:188 - WebSocket client disconnected normally
2026-01-12 18:23:32,961 - cmt.websocket - INFO - disconnect:62 - WebSocket disconnected. Total: 5
2026-01-12 18:23:36,950 - cmt.websocket - INFO - connect:49 - WebSocket connected (user_id=None). Total: 6
2026-01-12 18:23:36,951 - cmt.websocket - INFO - websocket_devices:188 - WebSocket client disconnected normally
2026-01-12 18:23:36,952 - cmt.websocket - INFO - disconnect:62 - WebSocket disconnected. Total: 5
2026-01-12 18:23:40,954 - cmt.websocket - INFO - connect:49 - WebSocket connected (user_id=None). Total: 6
2026-01-12 18:23:40,955 - cmt.websocket - INFO - websocket_devices:188 - WebSocket client disconnected normally
2026-01-12 18:23:40,955 - cmt.websocket - INFO - disconnect:62 - WebSocket disconnected. Total: 5
2026-01-12 18:23:44,406 - cmt.retry - WARNING - wrapper:58 - _connect_to_f5 attempt 2/3 failed: HTTPSConnectionPool(host='172.20.188.52', port=443): Max retries exceeded with url: /mgmt/shared/authn/login (Caused by ConnectTimeoutError(<urllib3.connection.HTTPSConnection object at 0xffffb7ee5750>, 'Connection to 172.20.188.52 timed out. (connect timeout=None)')). Retrying in 4.0s...
2026-01-12 18:23:44,406 - cmt.retry - WARNING - wrapper:58 - _connect_to_f5 attempt 1/3 failed: HTTPSConnectionPool(host='172.20.188.53', port=443): Max retries exceeded with url: /mgmt/shared/authn/login (Caused by ConnectTimeoutError(<urllib3.connection.HTTPSConnection object at 0xffffb823c590>, 'Connection to 172.20.188.53 timed out. (connect timeout=None)')). Retrying in 2.0s...
2026-01-12 18:23:44,951 - cmt.websocket - INFO - connect:49 - WebSocket connected (user_id=None). Total: 6
2026-01-12 18:23:44,953 - cmt.websocket - INFO - websocket_devices:188 - WebSocket client disconnected normally
2026-01-12 18:23:44,953 - cmt.websocket - INFO - disconnect:62 - WebSocket disconnected. Total: 5
2026-01-12 18:23:48,952 - cmt.websocket - INFO - connect:49 - WebSocket connected (user_id=None). Total: 6
2026-01-12 18:23:48,956 - cmt.websocket - INFO - websocket_devices:188 - WebSocket client disconnected normally
2026-01-12 18:23:48,957 - cmt.websocket - INFO - disconnect:62 - WebSocket disconnected. Total: 5
2026-01-12 18:23:52,950 - cmt.websocket - INFO - connect:49 - WebSocket connected (user_id=None). Total: 6
2026-01-12 18:23:52,952 - cmt.websocket - INFO - websocket_devices:188 - WebSocket client disconnected normally
2026-01-12 18:23:52,953 - cmt.websocket - INFO - disconnect:62 - WebSocket disconnected. Total: 5
2026-01-12 18:23:56,949 - cmt.websocket - INFO - connect:49 - WebSocket connected (user_id=None). Total: 6
2026-01-12 18:23:56,950 - cmt.websocket - INFO - websocket_devices:188 - WebSocket client disconnected normally
2026-01-12 18:23:56,951 - cmt.websocket - INFO - disconnect:62 - WebSocket disconnected. Total: 5
2026-01-12 18:24:00,951 - cmt.websocket - INFO - connect:49 - WebSocket connected (user_id=None). Total: 6
2026-01-12 18:24:00,953 - cmt.websocket - INFO - websocket_devices:188 - WebSocket client disconnected normally
2026-01-12 18:24:00,954 - cmt.websocket - INFO - disconnect:62 - WebSocket disconnected. Total: 5
2026-01-12 18:24:04,955 - cmt.websocket - INFO - connect:49 - WebSocket connected (user_id=None). Total: 6
2026-01-12 18:24:04,956 - cmt.websocket - INFO - websocket_devices:188 - WebSocket client disconnected normally
2026-01-12 18:24:04,957 - cmt.websocket - INFO - disconnect:62 - WebSocket disconnected. Total: 5
2026-01-12 18:24:08,950 - cmt.websocket - INFO - connect:49 - WebSocket connected (user_id=None). Total: 6
2026-01-12 18:24:08,952 - cmt.websocket - INFO - websocket_devices:188 - WebSocket client disconnected normally
2026-01-12 18:24:08,952 - cmt.websocket - INFO - disconnect:62 - WebSocket disconnected. Total: 5
2026-01-12 18:24:12,951 - cmt.websocket - INFO - connect:49 - WebSocket connected (user_id=None). Total: 6
2026-01-12 18:24:12,954 - cmt.websocket - INFO - websocket_devices:188 - WebSocket client disconnected normally
2026-01-12 18:24:12,955 - cmt.websocket - INFO - disconnect:62 - WebSocket disconnected. Total: 5
2026-01-12 18:24:16,959 - cmt.websocket - INFO - connect:49 - WebSocket connected (user_id=None). Total: 6
2026-01-12 18:24:16,962 - cmt.websocket - INFO - websocket_devices:188 - WebSocket client disconnected normally
2026-01-12 18:24:16,963 - cmt.websocket - INFO - disconnect:62 - WebSocket disconnected. Total: 5
2026-01-12 18:24:20,955 - cmt.websocket - INFO - connect:49 - WebSocket connected (user_id=None). Total: 6
2026-01-12 18:24:20,958 - cmt.websocket - INFO - websocket_devices:188 - WebSocket client disconnected normally
2026-01-12 18:24:20,959 - cmt.websocket - INFO - disconnect:62 - WebSocket disconnected. Total: 5
2026-01-12 18:24:24,951 - cmt.websocket - INFO - websocket_devices:188 - WebSocket client disconnected normally
2026-01-12 18:24:24,951 - cmt.websocket - INFO - disconnect:62 - WebSocket disconnected. Total: 4
2026-01-12 18:24:24,952 - cmt.websocket - INFO - connect:49 - WebSocket connected (user_id=None). Total: 5
2026-01-12 18:24:28,953 - cmt.websocket - INFO - websocket_devices:188 - WebSocket client disconnected normally
2026-01-12 18:24:28,954 - cmt.websocket - INFO - disconnect:62 - WebSocket disconnected. Total: 4
2026-01-12 18:24:28,956 - cmt.websocket - INFO - connect:49 - WebSocket connected (user_id=None). Total: 5
2026-01-12 18:24:32,957 - cmt.websocket - INFO - connect:49 - WebSocket connected (user_id=None). Total: 6
2026-01-12 18:24:32,960 - cmt.websocket - INFO - websocket_devices:188 - WebSocket client disconnected normally
2026-01-12 18:24:32,960 - cmt.websocket - INFO - disconnect:62 - WebSocket disconnected. Total: 5
2026-01-12 18:24:36,954 - cmt.websocket - INFO - connect:49 - WebSocket connected (user_id=None). Total: 6
2026-01-12 18:24:36,956 - cmt.websocket - INFO - websocket_devices:188 - WebSocket client disconnected normally
2026-01-12 18:24:36,956 - cmt.websocket - INFO - disconnect:62 - WebSocket disconnected. Total: 5
2026-01-12 18:24:40,954 - cmt.websocket - INFO - connect:49 - WebSocket connected (user_id=None). Total: 6
2026-01-12 18:24:40,954 - cmt.websocket - INFO - websocket_devices:188 - WebSocket client disconnected normally
2026-01-12 18:24:40,955 - cmt.websocket - INFO - disconnect:62 - WebSocket disconnected. Total: 5
2026-01-12 18:24:44,953 - cmt.websocket - INFO - connect:49 - WebSocket connected (user_id=None). Total: 6
2026-01-12 18:24:44,953 - cmt.websocket - INFO - websocket_devices:188 - WebSocket client disconnected normally
2026-01-12 18:24:44,954 - cmt.websocket - INFO - disconnect:62 - WebSocket disconnected. Total: 5
2026-01-12 18:24:48,952 - cmt.websocket - INFO - connect:49 - WebSocket connected (user_id=None). Total: 6
2026-01-12 18:24:48,954 - cmt.websocket - INFO - websocket_devices:188 - WebSocket client disconnected normally
2026-01-12 18:24:48,954 - cmt.websocket - INFO - disconnect:62 - WebSocket disconnected. Total: 5
2026-01-12 18:24:52,954 - cmt.websocket - INFO - connect:49 - WebSocket connected (user_id=None). Total: 6
2026-01-12 18:24:52,956 - cmt.websocket - INFO - websocket_devices:188 - WebSocket client disconnected normally
2026-01-12 18:24:52,957 - cmt.websocket - INFO - disconnect:62 - WebSocket disconnected. Total: 5
2026-01-12 18:24:56,956 - cmt.websocket - INFO - connect:49 - WebSocket connected (user_id=None). Total: 6
2026-01-12 18:24:56,958 - cmt.websocket - INFO - websocket_devices:188 - WebSocket client disconnected normally
2026-01-12 18:24:56,959 - cmt.websocket - INFO - disconnect:62 - WebSocket disconnected. Total: 5
2026-01-12 18:25:00,952 - cmt.websocket - INFO - connect:49 - WebSocket connected (user_id=None). Total: 6
2026-01-12 18:25:00,953 - cmt.websocket - INFO - websocket_devices:188 - WebSocket client disconnected normally
2026-01-12 18:25:00,954 - cmt.websocket - INFO - disconnect:62 - WebSocket disconnected. Total: 5
2026-01-12 18:25:04,953 - cmt.websocket - INFO - connect:49 - WebSocket connected (user_id=None). Total: 6
2026-01-12 18:25:04,955 - cmt.websocket - INFO - websocket_devices:188 - WebSocket client disconnected normally
2026-01-12 18:25:04,955 - cmt.websocket - INFO - disconnect:62 - WebSocket disconnected. Total: 5
2026-01-12 18:25:08,953 - cmt.websocket - INFO - connect:49 - WebSocket connected (user_id=None). Total: 6
2026-01-12 18:25:08,955 - cmt.websocket - INFO - websocket_devices:188 - WebSocket client disconnected normally
2026-01-12 18:25:08,956 - cmt.websocket - INFO - disconnect:62 - WebSocket disconnected. Total: 5
2026-01-12 18:25:12,955 - cmt.websocket - INFO - connect:49 - WebSocket connected (user_id=None). Total: 6
2026-01-12 18:25:12,958 - cmt.websocket - INFO - websocket_devices:188 - WebSocket client disconnected normally
2026-01-12 18:25:12,959 - cmt.websocket - INFO - disconnect:62 - WebSocket disconnected. Total: 5
2026-01-12 18:25:16,954 - cmt.websocket - INFO - websocket_devices:188 - WebSocket client disconnected normally
2026-01-12 18:25:16,955 - cmt.websocket - INFO - disconnect:62 - WebSocket disconnected. Total: 4
2026-01-12 18:25:16,956 - cmt.websocket - INFO - connect:49 - WebSocket connected (user_id=None). Total: 5
2026-01-12 18:25:20,957 - cmt.websocket - INFO - connect:49 - WebSocket connected (user_id=None). Total: 6
2026-01-12 18:25:20,959 - cmt.websocket - INFO - websocket_devices:188 - WebSocket client disconnected normally
2026-01-12 18:25:20,960 - cmt.websocket - INFO - disconnect:62 - WebSocket disconnected. Total: 5
2026-01-12 18:25:24,954 - cmt.websocket - INFO - connect:49 - WebSocket connected (user_id=None). Total: 6
2026-01-12 18:25:24,956 - cmt.websocket - INFO - websocket_devices:188 - WebSocket client disconnected normally
2026-01-12 18:25:24,957 - cmt.websocket - INFO - disconnect:62 - WebSocket disconnected. Total: 5
2026-01-12 18:25:28,959 - cmt.websocket - INFO - connect:49 - WebSocket connected (user_id=None). Total: 6
2026-01-12 18:25:28,962 - cmt.websocket - INFO - websocket_devices:188 - WebSocket client disconnected normally
2026-01-12 18:25:28,963 - cmt.websocket - INFO - disconnect:62 - WebSocket disconnected. Total: 5
2026-01-12 18:25:32,955 - cmt.websocket - INFO - connect:49 - WebSocket connected (user_id=None). Total: 6
2026-01-12 18:25:32,957 - cmt.websocket - INFO - websocket_devices:188 - WebSocket client disconnected normally
2026-01-12 18:25:32,957 - cmt.websocket - INFO - disconnect:62 - WebSocket disconnected. Total: 5
2026-01-12 18:25:36,956 - cmt.websocket - INFO - connect:49 - WebSocket connected (user_id=None). Total: 6
2026-01-12 18:25:36,958 - cmt.websocket - INFO - websocket_devices:188 - WebSocket client disconnected normally
2026-01-12 18:25:36,959 - cmt.websocket - INFO - disconnect:62 - WebSocket disconnected. Total: 5
2026-01-12 18:25:40,952 - cmt.websocket - INFO - connect:49 - WebSocket connected (user_id=None). Total: 6
2026-01-12 18:25:40,953 - cmt.websocket - INFO - websocket_devices:188 - WebSocket client disconnected normally
2026-01-12 18:25:40,954 - cmt.websocket - INFO - disconnect:62 - WebSocket disconnected. Total: 5
2026-01-12 18:25:44,962 - cmt.websocket - INFO - connect:49 - WebSocket connected (user_id=None). Total: 6
2026-01-12 18:25:44,971 - cmt.websocket - INFO - websocket_devices:188 - WebSocket client disconnected normally
2026-01-12 18:25:44,971 - cmt.websocket - INFO - disconnect:62 - WebSocket disconnected. Total: 5
2026-01-12 18:25:48,952 - cmt.websocket - INFO - connect:49 - WebSocket connected (user_id=None). Total: 6
2026-01-12 18:25:48,953 - cmt.websocket - INFO - websocket_devices:188 - WebSocket client disconnected normally
2026-01-12 18:25:48,954 - cmt.websocket - INFO - disconnect:62 - WebSocket disconnected. Total: 5
2026-01-12 18:25:52,955 - cmt.websocket - INFO - websocket_devices:188 - WebSocket client disconnected normally
2026-01-12 18:25:52,956 - cmt.websocket - INFO - disconnect:62 - WebSocket disconnected. Total: 4
2026-01-12 18:25:52,957 - cmt.websocket - INFO - connect:49 - WebSocket connected (user_id=None). Total: 5
2026-01-12 18:25:56,953 - cmt.websocket - INFO - connect:49 - WebSocket connected (user_id=None). Total: 6
2026-01-12 18:25:56,955 - cmt.websocket - INFO - websocket_devices:188 - WebSocket client disconnected normally
2026-01-12 18:25:56,956 - cmt.websocket - INFO - disconnect:62 - WebSocket disconnected. Total: 5
2026-01-12 18:25:59,571 - cmt.retry - WARNING - wrapper:58 - _connect_to_f5 attempt 2/3 failed: HTTPSConnectionPool(host='172.20.188.53', port=443): Max retries exceeded with url: /mgmt/shared/authn/login (Caused by ConnectTimeoutError(<urllib3.connection.HTTPSConnection object at 0xffffb815db10>, 'Connection to 172.20.188.53 timed out. (connect timeout=None)')). Retrying in 4.0s...
2026-01-12 18:26:00,956 - cmt.websocket - INFO - connect:49 - WebSocket connected (user_id=None). Total: 6
2026-01-12 18:26:00,957 - cmt.websocket - INFO - websocket_devices:188 - WebSocket client disconnected normally
2026-01-12 18:26:00,957 - cmt.websocket - INFO - disconnect:62 - WebSocket disconnected. Total: 5
2026-01-12 18:26:03,671 - cmt.retry - ERROR - wrapper:47 - _connect_to_f5 failed after 3 attempts: HTTPSConnectionPool(host='172.20.188.52', port=443): Max retries exceeded with url: /mgmt/shared/authn/login (Caused by ConnectTimeoutError(<urllib3.connection.HTTPSConnection object at 0xffffb80c3e10>, 'Connection to 172.20.188.52 timed out. (connect timeout=None)'))
2026-01-12 18:26:03,706 - cmt.f5 - ERROR - _perform_scan:570 - [TIMEOUT] Connection timed out for axrudc10lb150.network.axadmin.net (172.20.188.52). Device may be unreachable or overloaded.
Traceback (most recent call last):
  File "/usr/local/lib/python3.11/site-packages/urllib3/connection.py", line 174, in _new_conn
    conn = connection.create_connection(
           ^^^^^^^^^^^^^^^^^^^^^^^^^^^^^
  File "/usr/local/lib/python3.11/site-packages/urllib3/util/connection.py", line 95, in create_connection
    raise err
  File "/usr/local/lib/python3.11/site-packages/urllib3/util/connection.py", line 85, in create_connection
    sock.connect(sa)
TimeoutError: [Errno 110] Connection timed out

During handling of the above exception, another exception occurred:

Traceback (most recent call last):
  File "/usr/local/lib/python3.11/site-packages/urllib3/connectionpool.py", line 715, in urlopen
    httplib_response = self._make_request(
                       ^^^^^^^^^^^^^^^^^^^
  File "/usr/local/lib/python3.11/site-packages/urllib3/connectionpool.py", line 404, in _make_request
    self._validate_conn(conn)
  File "/usr/local/lib/python3.11/site-packages/urllib3/connectionpool.py", line 1058, in _validate_conn
    conn.connect()
  File "/usr/local/lib/python3.11/site-packages/urllib3/connection.py", line 363, in connect
    self.sock = conn = self._new_conn()
                       ^^^^^^^^^^^^^^^^
  File "/usr/local/lib/python3.11/site-packages/urllib3/connection.py", line 179, in _new_conn
    raise ConnectTimeoutError(
urllib3.exceptions.ConnectTimeoutError: (<urllib3.connection.HTTPSConnection object at 0xffffb80c3e10>, 'Connection to 172.20.188.52 timed out. (connect timeout=None)')

During handling of the above exception, another exception occurred:

Traceback (most recent call last):
  File "/usr/local/lib/python3.11/site-packages/requests/adapters.py", line 486, in send
    resp = conn.urlopen(
           ^^^^^^^^^^^^^
  File "/usr/local/lib/python3.11/site-packages/urllib3/connectionpool.py", line 799, in urlopen
    retries = retries.increment(
              ^^^^^^^^^^^^^^^^^^
  File "/usr/local/lib/python3.11/site-packages/urllib3/util/retry.py", line 592, in increment
    raise MaxRetryError(_pool, url, error or ResponseError(cause))
urllib3.exceptions.MaxRetryError: HTTPSConnectionPool(host='172.20.188.52', port=443): Max retries exceeded with url: /mgmt/shared/authn/login (Caused by ConnectTimeoutError(<urllib3.connection.HTTPSConnection object at 0xffffb80c3e10>, 'Connection to 172.20.188.52 timed out. (connect timeout=None)'))

During handling of the above exception, another exception occurred:

Traceback (most recent call last):
  File "/app/services/f5_service_logic.py", line 411, in _perform_scan
    mgmt = _connect_to_f5(device.ip_address, username, password)
           ^^^^^^^^^^^^^^^^^^^^^^^^^^^^^^^^^^^^^^^^^^^^^^^^^^^^^
  File "/app/core/retry.py", line 42, in wrapper
    return func(*args, **kwargs)
           ^^^^^^^^^^^^^^^^^^^^^
  File "/app/services/f5_service_logic.py", line 347, in _connect_to_f5
    mgmt = ManagementRoot(hostname, username, password, token=True)
           ^^^^^^^^^^^^^^^^^^^^^^^^^^^^^^^^^^^^^^^^^^^^^^^^^^^^^^^^
  File "/usr/local/lib/python3.11/site-packages/f5/bigip/__init__.py", line 183, in __init__
    self.post_configuration_setup()
  File "/usr/local/lib/python3.11/site-packages/f5/bigip/__init__.py", line 119, in post_configuration_setup
    self._get_tmos_version()
  File "/usr/local/lib/python3.11/site-packages/f5/bigip/__init__.py", line 138, in _get_tmos_version
    response = connect.get(base_uri)
               ^^^^^^^^^^^^^^^^^^^^^
  File "/usr/local/lib/python3.11/site-packages/icontrol/session.py", line 281, in wrapper
    response = method(self, REST_uri, **kwargs)
               ^^^^^^^^^^^^^^^^^^^^^^^^^^^^^^^^
  File "/usr/local/lib/python3.11/site-packages/icontrol/session.py", line 524, in get
    prepared = self.session.prepare_request(req)
               ^^^^^^^^^^^^^^^^^^^^^^^^^^^^^^^^^
  File "/usr/local/lib/python3.11/site-packages/requests/sessions.py", line 486, in prepare_request
    p.prepare(
  File "/usr/local/lib/python3.11/site-packages/requests/models.py", line 372, in prepare
    self.prepare_auth(auth, url)
  File "/usr/local/lib/python3.11/site-packages/requests/models.py", line 603, in prepare_auth
    r = auth(self)
        ^^^^^^^^^^
  File "/usr/local/lib/python3.11/site-packages/icontrol/authtoken.py", line 254, in __call__
    self.get_new_token(netloc)
  File "/usr/local/lib/python3.11/site-packages/icontrol/authtoken.py", line 146, in get_new_token
    response = requests.post(
               ^^^^^^^^^^^^^^
  File "/usr/local/lib/python3.11/site-packages/requests/api.py", line 115, in post
    return request("post", url, data=data, json=json, **kwargs)
           ^^^^^^^^^^^^^^^^^^^^^^^^^^^^^^^^^^^^^^^^^^^^^^^^^^^^
  File "/usr/local/lib/python3.11/site-packages/requests/api.py", line 59, in request
    return session.request(method=method, url=url, **kwargs)
           ^^^^^^^^^^^^^^^^^^^^^^^^^^^^^^^^^^^^^^^^^^^^^^^^^
  File "/usr/local/lib/python3.11/site-packages/requests/sessions.py", line 589, in request
    resp = self.send(prep, **send_kwargs)
           ^^^^^^^^^^^^^^^^^^^^^^^^^^^^^^
  File "/usr/local/lib/python3.11/site-packages/requests/sessions.py", line 703, in send
    r = adapter.send(request, **kwargs)
        ^^^^^^^^^^^^^^^^^^^^^^^^^^^^^^^
  File "/usr/local/lib/python3.11/site-packages/requests/adapters.py", line 507, in send
    raise ConnectTimeout(e, request=request)
requests.exceptions.ConnectTimeout: HTTPSConnectionPool(host='172.20.188.52', port=443): Max retries exceeded with url: /mgmt/shared/authn/login (Caused by ConnectTimeoutError(<urllib3.connection.HTTPSConnection object at 0xffffb80c3e10>, 'Connection to 172.20.188.52 timed out. (connect timeout=None)'))

2026-01-12 18:26:04,953 - cmt.websocket - INFO - connect:49 - WebSocket connected (user_id=None). Total: 6
2026-01-12 18:26:04,955 - cmt.websocket - INFO - websocket_devices:188 - WebSocket client disconnected normally
2026-01-12 18:26:04,956 - cmt.websocket - INFO - disconnect:62 - WebSocket disconnected. Total: 5
2026-01-12 18:26:08,954 - cmt.websocket - INFO - connect:49 - WebSocket connected (user_id=None). Total: 6
2026-01-12 18:26:08,956 - cmt.websocket - INFO - websocket_devices:188 - WebSocket client disconnected normally
2026-01-12 18:26:08,957 - cmt.websocket - INFO - disconnect:62 - WebSocket disconnected. Total: 5
2026-01-12 18:26:12,952 - cmt.websocket - INFO - websocket_devices:188 - WebSocket client disconnected normally
2026-01-12 18:26:12,953 - cmt.websocket - INFO - disconnect:62 - WebSocket disconnected. Total: 4
2026-01-12 18:26:12,954 - cmt.websocket - INFO - connect:49 - WebSocket connected (user_id=None). Total: 5
2026-01-12 18:26:16,953 - cmt.websocket - INFO - connect:49 - WebSocket connected (user_id=None). Total: 6
2026-01-12 18:26:16,955 - cmt.websocket - INFO - websocket_devices:188 - WebSocket client disconnected normally
2026-01-12 18:26:16,955 - cmt.websocket - INFO - disconnect:62 - WebSocket disconnected. Total: 5
2026-01-12 18:26:20,962 - cmt.websocket - INFO - connect:49 - WebSocket connected (user_id=None). Total: 6
2026-01-12 18:26:20,966 - cmt.websocket - INFO - websocket_devices:188 - WebSocket client disconnected normally
2026-01-12 18:26:20,967 - cmt.websocket - INFO - disconnect:62 - WebSocket disconnected. Total: 5
2026-01-12 18:26:24,955 - cmt.websocket - INFO - connect:49 - WebSocket connected (user_id=None). Total: 6
2026-01-12 18:26:24,957 - cmt.websocket - INFO - websocket_devices:188 - WebSocket client disconnected normally
2026-01-12 18:26:24,958 - cmt.websocket - INFO - disconnect:62 - WebSocket disconnected. Total: 5
2026-01-12 18:26:28,959 - cmt.websocket - INFO - connect:49 - WebSocket connected (user_id=None). Total: 6
2026-01-12 18:26:28,960 - cmt.websocket - INFO - websocket_devices:188 - WebSocket client disconnected normally
2026-01-12 18:26:28,960 - cmt.websocket - INFO - disconnect:62 - WebSocket disconnected. Total: 5
2026-01-12 18:26:32,955 - cmt.websocket - INFO - connect:49 - WebSocket connected (user_id=None). Total: 6
2026-01-12 18:26:32,958 - cmt.websocket - INFO - websocket_devices:188 - WebSocket client disconnected normally
2026-01-12 18:26:32,958 - cmt.websocket - INFO - disconnect:62 - WebSocket disconnected. Total: 5
2026-01-12 18:26:36,952 - cmt.websocket - INFO - websocket_devices:188 - WebSocket client disconnected normally
2026-01-12 18:26:36,953 - cmt.websocket - INFO - disconnect:62 - WebSocket disconnected. Total: 4
2026-01-12 18:26:36,954 - cmt.websocket - INFO - connect:49 - WebSocket connected (user_id=None). Total: 5
2026-01-12 18:26:40,953 - cmt.websocket - INFO - connect:49 - WebSocket connected (user_id=None). Total: 6
2026-01-12 18:26:40,954 - cmt.websocket - INFO - websocket_devices:188 - WebSocket client disconnected normally
2026-01-12 18:26:40,954 - cmt.websocket - INFO - disconnect:62 - WebSocket disconnected. Total: 5
2026-01-12 18:26:44,955 - cmt.websocket - INFO - connect:49 - WebSocket connected (user_id=None). Total: 6
2026-01-12 18:26:44,957 - cmt.websocket - INFO - websocket_devices:188 - WebSocket client disconnected normally
2026-01-12 18:26:44,957 - cmt.websocket - INFO - disconnect:62 - WebSocket disconnected. Total: 5
2026-01-12 18:26:48,956 - cmt.websocket - INFO - connect:49 - WebSocket connected (user_id=None). Total: 6
2026-01-12 18:26:48,959 - cmt.websocket - INFO - websocket_devices:188 - WebSocket client disconnected normally
2026-01-12 18:26:48,960 - cmt.websocket - INFO - disconnect:62 - WebSocket disconnected. Total: 5
2026-01-12 18:26:52,957 - cmt.websocket - INFO - connect:49 - WebSocket connected (user_id=None). Total: 6
2026-01-12 18:26:52,961 - cmt.websocket - INFO - websocket_devices:188 - WebSocket client disconnected normally
2026-01-12 18:26:52,962 - cmt.websocket - INFO - disconnect:62 - WebSocket disconnected. Total: 5
2026-01-12 18:26:56,953 - cmt.websocket - INFO - connect:49 - WebSocket connected (user_id=None). Total: 6
2026-01-12 18:26:56,953 - cmt.websocket - INFO - websocket_devices:188 - WebSocket client disconnected normally
2026-01-12 18:26:56,954 - cmt.websocket - INFO - disconnect:62 - WebSocket disconnected. Total: 5
2026-01-12 18:27:00,953 - cmt.websocket - INFO - connect:49 - WebSocket connected (user_id=None). Total: 6
2026-01-12 18:27:00,954 - cmt.websocket - INFO - websocket_devices:188 - WebSocket client disconnected normally
2026-01-12 18:27:00,954 - cmt.websocket - INFO - disconnect:62 - WebSocket disconnected. Total: 5
2026-01-12 18:27:04,957 - cmt.websocket - INFO - connect:49 - WebSocket connected (user_id=None). Total: 6
2026-01-12 18:27:04,959 - cmt.websocket - INFO - websocket_devices:188 - WebSocket client disconnected normally
2026-01-12 18:27:04,960 - cmt.websocket - INFO - disconnect:62 - WebSocket disconnected. Total: 5
2026-01-12 18:27:08,954 - cmt.websocket - INFO - connect:49 - WebSocket connected (user_id=None). Total: 6
2026-01-12 18:27:08,956 - cmt.websocket - INFO - websocket_devices:188 - WebSocket client disconnected normally
2026-01-12 18:27:08,957 - cmt.websocket - INFO - disconnect:62 - WebSocket disconnected. Total: 5
2026-01-12 18:27:12,957 - cmt.websocket - INFO - connect:49 - WebSocket connected (user_id=None). Total: 6
2026-01-12 18:27:12,960 - cmt.websocket - INFO - websocket_devices:188 - WebSocket client disconnected normally
2026-01-12 18:27:12,960 - cmt.websocket - INFO - disconnect:62 - WebSocket disconnected. Total: 5
2026-01-12 18:27:16,955 - cmt.websocket - INFO - connect:49 - WebSocket connected (user_id=None). Total: 6
2026-01-12 18:27:16,957 - cmt.websocket - INFO - websocket_devices:188 - WebSocket client disconnected normally
2026-01-12 18:27:16,958 - cmt.websocket - INFO - disconnect:62 - WebSocket disconnected. Total: 5
2026-01-12 18:27:20,957 - cmt.websocket - INFO - connect:49 - WebSocket connected (user_id=None). Total: 6
2026-01-12 18:27:20,959 - cmt.websocket - INFO - websocket_devices:188 - WebSocket client disconnected normally
2026-01-12 18:27:20,959 - cmt.websocket - INFO - disconnect:62 - WebSocket disconnected. Total: 5
2026-01-12 18:27:24,956 - cmt.websocket - INFO - connect:49 - WebSocket connected (user_id=None). Total: 6
2026-01-12 18:27:24,958 - cmt.websocket - INFO - websocket_devices:188 - WebSocket client disconnected normally
2026-01-12 18:27:24,958 - cmt.websocket - INFO - disconnect:62 - WebSocket disconnected. Total: 5
2026-01-12 18:27:28,955 - cmt.websocket - INFO - connect:49 - WebSocket connected (user_id=None). Total: 6
2026-01-12 18:27:28,957 - cmt.websocket - INFO - websocket_devices:188 - WebSocket client disconnected normally
2026-01-12 18:27:28,957 - cmt.websocket - INFO - disconnect:62 - WebSocket disconnected. Total: 5
2026-01-12 18:27:32,953 - cmt.websocket - INFO - connect:49 - WebSocket connected (user_id=None). Total: 6
2026-01-12 18:27:32,954 - cmt.websocket - INFO - websocket_devices:188 - WebSocket client disconnected normally
2026-01-12 18:27:32,955 - cmt.websocket - INFO - disconnect:62 - WebSocket disconnected. Total: 5
2026-01-12 18:27:36,961 - cmt.websocket - INFO - connect:49 - WebSocket connected (user_id=None). Total: 6
2026-01-12 18:27:36,967 - cmt.websocket - INFO - websocket_devices:188 - WebSocket client disconnected normally
2026-01-12 18:27:36,971 - cmt.websocket - INFO - disconnect:62 - WebSocket disconnected. Total: 5
2026-01-12 18:27:40,954 - cmt.websocket - INFO - connect:49 - WebSocket connected (user_id=None). Total: 6
2026-01-12 18:27:40,955 - cmt.websocket - INFO - websocket_devices:188 - WebSocket client disconnected normally
2026-01-12 18:27:40,955 - cmt.websocket - INFO - disconnect:62 - WebSocket disconnected. Total: 5
2026-01-12 18:27:44,956 - cmt.websocket - INFO - websocket_devices:188 - WebSocket client disconnected normally
2026-01-12 18:27:44,957 - cmt.websocket - INFO - disconnect:62 - WebSocket disconnected. Total: 4
2026-01-12 18:27:44,958 - cmt.websocket - INFO - connect:49 - WebSocket connected (user_id=None). Total: 5
2026-01-12 18:27:48,957 - cmt.websocket - INFO - connect:49 - WebSocket connected (user_id=None). Total: 6
2026-01-12 18:27:48,959 - cmt.websocket - INFO - websocket_devices:188 - WebSocket client disconnected normally
2026-01-12 18:27:48,961 - cmt.websocket - INFO - disconnect:62 - WebSocket disconnected. Total: 5
2026-01-12 18:27:52,952 - cmt.websocket - INFO - connect:49 - WebSocket connected (user_id=None). Total: 6
2026-01-12 18:27:52,959 - cmt.websocket - INFO - websocket_devices:188 - WebSocket client disconnected normally
2026-01-12 18:27:52,959 - cmt.websocket - INFO - disconnect:62 - WebSocket disconnected. Total: 5
2026-01-12 18:27:56,958 - cmt.websocket - INFO - connect:49 - WebSocket connected (user_id=None). Total: 6
2026-01-12 18:27:56,961 - cmt.websocket - INFO - websocket_devices:188 - WebSocket client disconnected normally
2026-01-12 18:27:56,961 - cmt.websocket - INFO - disconnect:62 - WebSocket disconnected. Total: 5
2026-01-12 18:28:00,953 - cmt.websocket - INFO - connect:49 - WebSocket connected (user_id=None). Total: 6
2026-01-12 18:28:00,953 - cmt.websocket - INFO - websocket_devices:188 - WebSocket client disconnected normally
2026-01-12 18:28:00,954 - cmt.websocket - INFO - disconnect:62 - WebSocket disconnected. Total: 5
2026-01-12 18:28:04,958 - cmt.websocket - INFO - connect:49 - WebSocket connected (user_id=None). Total: 6
2026-01-12 18:28:04,960 - cmt.websocket - INFO - websocket_devices:188 - WebSocket client disconnected normally
2026-01-12 18:28:04,961 - cmt.websocket - INFO - disconnect:62 - WebSocket disconnected. Total: 5
2026-01-12 18:28:08,955 - cmt.websocket - INFO - websocket_devices:188 - WebSocket client disconnected normally
2026-01-12 18:28:08,956 - cmt.websocket - INFO - disconnect:62 - WebSocket disconnected. Total: 4
2026-01-12 18:28:08,957 - cmt.websocket - INFO - connect:49 - WebSocket connected (user_id=None). Total: 5
2026-01-12 18:28:12,956 - cmt.websocket - INFO - connect:49 - WebSocket connected (user_id=None). Total: 6
2026-01-12 18:28:12,957 - cmt.websocket - INFO - websocket_devices:188 - WebSocket client disconnected normally
2026-01-12 18:28:12,958 - cmt.websocket - INFO - disconnect:62 - WebSocket disconnected. Total: 5
2026-01-12 18:28:16,959 - cmt.websocket - INFO - connect:49 - WebSocket connected (user_id=None). Total: 6
2026-01-12 18:28:16,961 - cmt.websocket - INFO - websocket_devices:188 - WebSocket client disconnected normally
2026-01-12 18:28:16,962 - cmt.websocket - INFO - disconnect:62 - WebSocket disconnected. Total: 5
2026-01-12 18:28:18,837 - cmt.retry - ERROR - wrapper:47 - _connect_to_f5 failed after 3 attempts: HTTPSConnectionPool(host='172.20.188.53', port=443): Max retries exceeded with url: /mgmt/shared/authn/login (Caused by ConnectTimeoutError(<urllib3.connection.HTTPSConnection object at 0xffffb803a4d0>, 'Connection to 172.20.188.53 timed out. (connect timeout=None)'))
2026-01-12 18:28:18,853 - cmt.f5 - ERROR - _perform_scan:570 - [TIMEOUT] Connection timed out for axrudc10lb151.network.axadmin.net (172.20.188.53). Device may be unreachable or overloaded.
Traceback (most recent call last):
  File "/usr/local/lib/python3.11/site-packages/urllib3/connection.py", line 174, in _new_conn
    conn = connection.create_connection(
           ^^^^^^^^^^^^^^^^^^^^^^^^^^^^^
  File "/usr/local/lib/python3.11/site-packages/urllib3/util/connection.py", line 95, in create_connection
    raise err
  File "/usr/local/lib/python3.11/site-packages/urllib3/util/connection.py", line 85, in create_connection
    sock.connect(sa)
TimeoutError: [Errno 110] Connection timed out

During handling of the above exception, another exception occurred:

Traceback (most recent call last):
  File "/usr/local/lib/python3.11/site-packages/urllib3/connectionpool.py", line 715, in urlopen
    httplib_response = self._make_request(
                       ^^^^^^^^^^^^^^^^^^^
  File "/usr/local/lib/python3.11/site-packages/urllib3/connectionpool.py", line 404, in _make_request
    self._validate_conn(conn)
  File "/usr/local/lib/python3.11/site-packages/urllib3/connectionpool.py", line 1058, in _validate_conn
    conn.connect()
  File "/usr/local/lib/python3.11/site-packages/urllib3/connection.py", line 363, in connect
    self.sock = conn = self._new_conn()
                       ^^^^^^^^^^^^^^^^
  File "/usr/local/lib/python3.11/site-packages/urllib3/connection.py", line 179, in _new_conn
    raise ConnectTimeoutError(
urllib3.exceptions.ConnectTimeoutError: (<urllib3.connection.HTTPSConnection object at 0xffffb803a4d0>, 'Connection to 172.20.188.53 timed out. (connect timeout=None)')

During handling of the above exception, another exception occurred:

Traceback (most recent call last):
  File "/usr/local/lib/python3.11/site-packages/requests/adapters.py", line 486, in send
    resp = conn.urlopen(
           ^^^^^^^^^^^^^
  File "/usr/local/lib/python3.11/site-packages/urllib3/connectionpool.py", line 799, in urlopen
    retries = retries.increment(
              ^^^^^^^^^^^^^^^^^^
  File "/usr/local/lib/python3.11/site-packages/urllib3/util/retry.py", line 592, in increment
    raise MaxRetryError(_pool, url, error or ResponseError(cause))
urllib3.exceptions.MaxRetryError: HTTPSConnectionPool(host='172.20.188.53', port=443): Max retries exceeded with url: /mgmt/shared/authn/login (Caused by ConnectTimeoutError(<urllib3.connection.HTTPSConnection object at 0xffffb803a4d0>, 'Connection to 172.20.188.53 timed out. (connect timeout=None)'))

During handling of the above exception, another exception occurred:

Traceback (most recent call last):
  File "/app/services/f5_service_logic.py", line 411, in _perform_scan
    mgmt = _connect_to_f5(device.ip_address, username, password)
           ^^^^^^^^^^^^^^^^^^^^^^^^^^^^^^^^^^^^^^^^^^^^^^^^^^^^^
  File "/app/core/retry.py", line 42, in wrapper
    return func(*args, **kwargs)
           ^^^^^^^^^^^^^^^^^^^^^
  File "/app/services/f5_service_logic.py", line 347, in _connect_to_f5
    mgmt = ManagementRoot(hostname, username, password, token=True)
           ^^^^^^^^^^^^^^^^^^^^^^^^^^^^^^^^^^^^^^^^^^^^^^^^^^^^^^^^
  File "/usr/local/lib/python3.11/site-packages/f5/bigip/__init__.py", line 183, in __init__
    self.post_configuration_setup()
  File "/usr/local/lib/python3.11/site-packages/f5/bigip/__init__.py", line 119, in post_configuration_setup
    self._get_tmos_version()
  File "/usr/local/lib/python3.11/site-packages/f5/bigip/__init__.py", line 138, in _get_tmos_version
    response = connect.get(base_uri)
               ^^^^^^^^^^^^^^^^^^^^^
  File "/usr/local/lib/python3.11/site-packages/icontrol/session.py", line 281, in wrapper
    response = method(self, REST_uri, **kwargs)
               ^^^^^^^^^^^^^^^^^^^^^^^^^^^^^^^^
  File "/usr/local/lib/python3.11/site-packages/icontrol/session.py", line 524, in get
    prepared = self.session.prepare_request(req)
               ^^^^^^^^^^^^^^^^^^^^^^^^^^^^^^^^^
  File "/usr/local/lib/python3.11/site-packages/requests/sessions.py", line 486, in prepare_request
    p.prepare(
  File "/usr/local/lib/python3.11/site-packages/requests/models.py", line 372, in prepare
    self.prepare_auth(auth, url)
  File "/usr/local/lib/python3.11/site-packages/requests/models.py", line 603, in prepare_auth
    r = auth(self)
        ^^^^^^^^^^
  File "/usr/local/lib/python3.11/site-packages/icontrol/authtoken.py", line 254, in __call__
    self.get_new_token(netloc)
  File "/usr/local/lib/python3.11/site-packages/icontrol/authtoken.py", line 146, in get_new_token
    response = requests.post(
               ^^^^^^^^^^^^^^
  File "/usr/local/lib/python3.11/site-packages/requests/api.py", line 115, in post
    return request("post", url, data=data, json=json, **kwargs)
           ^^^^^^^^^^^^^^^^^^^^^^^^^^^^^^^^^^^^^^^^^^^^^^^^^^^^
  File "/usr/local/lib/python3.11/site-packages/requests/api.py", line 59, in request
    return session.request(method=method, url=url, **kwargs)
           ^^^^^^^^^^^^^^^^^^^^^^^^^^^^^^^^^^^^^^^^^^^^^^^^^
  File "/usr/local/lib/python3.11/site-packages/requests/sessions.py", line 589, in request
    resp = self.send(prep, **send_kwargs)
           ^^^^^^^^^^^^^^^^^^^^^^^^^^^^^^
  File "/usr/local/lib/python3.11/site-packages/requests/sessions.py", line 703, in send
    r = adapter.send(request, **kwargs)
        ^^^^^^^^^^^^^^^^^^^^^^^^^^^^^^^
  File "/usr/local/lib/python3.11/site-packages/requests/adapters.py", line 507, in send
    raise ConnectTimeout(e, request=request)
requests.exceptions.ConnectTimeout: HTTPSConnectionPool(host='172.20.188.53', port=443): Max retries exceeded with url: /mgmt/shared/authn/login (Caused by ConnectTimeoutError(<urllib3.connection.HTTPSConnection object at 0xffffb803a4d0>, 'Connection to 172.20.188.53 timed out. (connect timeout=None)'))

2026-01-12 18:28:20,956 - cmt.websocket - INFO - connect:49 - WebSocket connected (user_id=None). Total: 6
2026-01-12 18:28:20,956 - cmt.websocket - INFO - websocket_devices:188 - WebSocket client disconnected normally
2026-01-12 18:28:20,956 - cmt.websocket - INFO - disconnect:62 - WebSocket disconnected. Total: 5
2026-01-12 18:28:24,956 - cmt.websocket - INFO - connect:49 - WebSocket connected (user_id=None). Total: 6
2026-01-12 18:28:24,962 - cmt.websocket - INFO - websocket_devices:188 - WebSocket client disconnected normally
2026-01-12 18:28:24,962 - cmt.websocket - INFO - disconnect:62 - WebSocket disconnected. Total: 5
2026-01-12 18:28:28,955 - cmt.websocket - INFO - connect:49 - WebSocket connected (user_id=None). Total: 6
2026-01-12 18:28:28,956 - cmt.websocket - INFO - websocket_devices:188 - WebSocket client disconnected normally
2026-01-12 18:28:28,957 - cmt.websocket - INFO - disconnect:62 - WebSocket disconnected. Total: 5
2026-01-12 18:28:32,951 - cmt.websocket - INFO - websocket_devices:188 - WebSocket client disconnected normally
2026-01-12 18:28:32,952 - cmt.websocket - INFO - disconnect:62 - WebSocket disconnected. Total: 4
2026-01-12 18:28:32,954 - cmt.websocket - INFO - connect:49 - WebSocket connected (user_id=None). Total: 5
2026-01-12 18:28:36,963 - cmt.websocket - INFO - connect:49 - WebSocket connected (user_id=None). Total: 6
2026-01-12 18:28:36,966 - cmt.websocket - INFO - websocket_devices:188 - WebSocket client disconnected normally
2026-01-12 18:28:36,967 - cmt.websocket - INFO - disconnect:62 - WebSocket disconnected. Total: 5
2026-01-12 18:28:40,956 - cmt.websocket - INFO - connect:49 - WebSocket connected (user_id=None). Total: 6
2026-01-12 18:28:40,958 - cmt.websocket - INFO - websocket_devices:188 - WebSocket client disconnected normally
2026-01-12 18:28:40,958 - cmt.websocket - INFO - disconnect:62 - WebSocket disconnected. Total: 5
2026-01-12 18:28:44,953 - cmt.websocket - INFO - connect:49 - WebSocket connected (user_id=None). Total: 6
2026-01-12 18:28:44,955 - cmt.websocket - INFO - websocket_devices:188 - WebSocket client disconnected normally
2026-01-12 18:28:44,956 - cmt.websocket - INFO - disconnect:62 - WebSocket disconnected. Total: 5
2026-01-12 18:28:48,955 - cmt.websocket - INFO - connect:49 - WebSocket connected (user_id=None). Total: 6
2026-01-12 18:28:48,957 - cmt.websocket - INFO - websocket_devices:188 - WebSocket client disconnected normally
2026-01-12 18:28:48,957 - cmt.websocket - INFO - disconnect:62 - WebSocket disconnected. Total: 5
2026-01-12 18:28:52,958 - cmt.websocket - INFO - connect:49 - WebSocket connected (user_id=None). Total: 6
2026-01-12 18:28:52,961 - cmt.websocket - INFO - websocket_devices:188 - WebSocket client disconnected normally
2026-01-12 18:28:52,962 - cmt.websocket - INFO - disconnect:62 - WebSocket disconnected. Total: 5
2026-01-12 18:28:56,955 - cmt.websocket - INFO - connect:49 - WebSocket connected (user_id=None). Total: 6
2026-01-12 18:28:56,956 - cmt.websocket - INFO - websocket_devices:188 - WebSocket client disconnected normally
2026-01-12 18:28:56,957 - cmt.websocket - INFO - disconnect:62 - WebSocket disconnected. Total: 5
2026-01-12 18:29:00,958 - cmt.websocket - INFO - connect:49 - WebSocket connected (user_id=None). Total: 6
2026-01-12 18:29:00,961 - cmt.websocket - INFO - websocket_devices:188 - WebSocket client disconnected normally
2026-01-12 18:29:00,962 - cmt.websocket - INFO - disconnect:62 - WebSocket disconnected. Total: 5
2026-01-12 18:29:04,955 - cmt.websocket - INFO - connect:49 - WebSocket connected (user_id=None). Total: 6
2026-01-12 18:29:04,956 - cmt.websocket - INFO - websocket_devices:188 - WebSocket client disconnected normally
2026-01-12 18:29:04,957 - cmt.websocket - INFO - disconnect:62 - WebSocket disconnected. Total: 5
2026-01-12 18:29:08,955 - cmt.websocket - INFO - connect:49 - WebSocket connected (user_id=None). Total: 6
2026-01-12 18:29:08,957 - cmt.websocket - INFO - websocket_devices:188 - WebSocket client disconnected normally
2026-01-12 18:29:08,957 - cmt.websocket - INFO - disconnect:62 - WebSocket disconnected. Total: 5
2026-01-12 18:29:12,954 - cmt.websocket - INFO - connect:49 - WebSocket connected (user_id=None). Total: 6
2026-01-12 18:29:12,956 - cmt.websocket - INFO - websocket_devices:188 - WebSocket client disconnected normally
2026-01-12 18:29:12,957 - cmt.websocket - INFO - disconnect:62 - WebSocket disconnected. Total: 5
2026-01-12 18:29:16,959 - cmt.websocket - INFO - connect:49 - WebSocket connected (user_id=None). Total: 6
2026-01-12 18:29:16,962 - cmt.websocket - INFO - websocket_devices:188 - WebSocket client disconnected normally
2026-01-12 18:29:16,963 - cmt.websocket - INFO - disconnect:62 - WebSocket disconnected. Total: 5
2026-01-12 18:29:20,957 - cmt.websocket - INFO - connect:49 - WebSocket connected (user_id=None). Total: 6
2026-01-12 18:29:20,959 - cmt.websocket - INFO - websocket_devices:188 - WebSocket client disconnected normally
2026-01-12 18:29:20,960 - cmt.websocket - INFO - disconnect:62 - WebSocket disconnected. Total: 5
2026-01-12 18:29:24,957 - cmt.websocket - INFO - connect:49 - WebSocket connected (user_id=None). Total: 6
2026-01-12 18:29:24,958 - cmt.websocket - INFO - websocket_devices:188 - WebSocket client disconnected normally
2026-01-12 18:29:24,959 - cmt.websocket - INFO - disconnect:62 - WebSocket disconnected. Total: 5
2026-01-12 18:29:28,954 - cmt.websocket - INFO - websocket_devices:188 - WebSocket client disconnected normally
2026-01-12 18:29:28,954 - cmt.websocket - INFO - disconnect:62 - WebSocket disconnected. Total: 4
2026-01-12 18:29:28,955 - cmt.websocket - INFO - connect:49 - WebSocket connected (user_id=None). Total: 5
2026-01-12 18:29:32,956 - cmt.websocket - INFO - connect:49 - WebSocket connected (user_id=None). Total: 6
2026-01-12 18:29:32,958 - cmt.websocket - INFO - websocket_devices:188 - WebSocket client disconnected normally
2026-01-12 18:29:32,959 - cmt.websocket - INFO - disconnect:62 - WebSocket disconnected. Total: 5
2026-01-12 18:29:36,954 - cmt.websocket - INFO - connect:49 - WebSocket connected (user_id=None). Total: 6
2026-01-12 18:29:36,956 - cmt.websocket - INFO - websocket_devices:188 - WebSocket client disconnected normally
2026-01-12 18:29:36,956 - cmt.websocket - INFO - disconnect:62 - WebSocket disconnected. Total: 5
2026-01-12 18:29:40,955 - cmt.websocket - INFO - connect:49 - WebSocket connected (user_id=None). Total: 6
2026-01-12 18:29:40,957 - cmt.websocket - INFO - websocket_devices:188 - WebSocket client disconnected normally
2026-01-12 18:29:40,957 - cmt.websocket - INFO - disconnect:62 - WebSocket disconnected. Total: 5
2026-01-12 18:29:44,953 - cmt.websocket - INFO - connect:49 - WebSocket connected (user_id=None). Total: 6
2026-01-12 18:29:44,954 - cmt.websocket - INFO - websocket_devices:188 - WebSocket client disconnected normally
2026-01-12 18:29:44,954 - cmt.websocket - INFO - disconnect:62 - WebSocket disconnected. Total: 5
2026-01-12 18:29:48,954 - cmt.websocket - INFO - websocket_devices:188 - WebSocket client disconnected normally
2026-01-12 18:29:48,955 - cmt.websocket - INFO - disconnect:62 - WebSocket disconnected. Total: 4
2026-01-12 18:29:48,956 - cmt.websocket - INFO - connect:49 - WebSocket connected (user_id=None). Total: 5
2026-01-12 18:29:52,954 - cmt.websocket - INFO - connect:49 - WebSocket connected (user_id=None). Total: 6
2026-01-12 18:29:52,957 - cmt.websocket - INFO - websocket_devices:188 - WebSocket client disconnected normally
2026-01-12 18:29:52,957 - cmt.websocket - INFO - disconnect:62 - WebSocket disconnected. Total: 5
2026-01-12 18:29:56,955 - cmt.websocket - INFO - websocket_devices:188 - WebSocket client disconnected normally
2026-01-12 18:29:56,956 - cmt.websocket - INFO - disconnect:62 - WebSocket disconnected. Total: 4
2026-01-12 18:29:56,958 - cmt.websocket - INFO - connect:49 - WebSocket connected (user_id=None). Total: 5
2026-01-12 18:30:00,957 - cmt.websocket - INFO - connect:49 - WebSocket connected (user_id=None). Total: 6
2026-01-12 18:30:00,959 - cmt.websocket - INFO - websocket_devices:188 - WebSocket client disconnected normally
2026-01-12 18:30:00,959 - cmt.websocket - INFO - disconnect:62 - WebSocket disconnected. Total: 5
2026-01-12 18:30:04,954 - cmt.websocket - INFO - connect:49 - WebSocket connected (user_id=None). Total: 6
2026-01-12 18:30:04,955 - cmt.websocket - INFO - websocket_devices:188 - WebSocket client disconnected normally
2026-01-12 18:30:04,956 - cmt.websocket - INFO - disconnect:62 - WebSocket disconnected. Total: 5
2026-01-12 18:30:08,954 - cmt.websocket - INFO - connect:49 - WebSocket connected (user_id=None). Total: 6
2026-01-12 18:30:08,958 - cmt.websocket - INFO - websocket_devices:188 - WebSocket client disconnected normally
2026-01-12 18:30:08,959 - cmt.websocket - INFO - disconnect:62 - WebSocket disconnected. Total: 5
2026-01-12 18:30:12,954 - cmt.websocket - INFO - connect:49 - WebSocket connected (user_id=None). Total: 6
2026-01-12 18:30:12,956 - cmt.websocket - INFO - websocket_devices:188 - WebSocket client disconnected normally
2026-01-12 18:30:12,956 - cmt.websocket - INFO - disconnect:62 - WebSocket disconnected. Total: 5
2026-01-12 18:30:16,961 - cmt.websocket - INFO - connect:49 - WebSocket connected (user_id=None). Total: 6
2026-01-12 18:30:16,964 - cmt.websocket - INFO - websocket_devices:188 - WebSocket client disconnected normally
2026-01-12 18:30:16,964 - cmt.websocket - INFO - disconnect:62 - WebSocket disconnected. Total: 5
2026-01-12 18:30:20,955 - cmt.websocket - INFO - connect:49 - WebSocket connected (user_id=None). Total: 6
2026-01-12 18:30:20,956 - cmt.websocket - INFO - websocket_devices:188 - WebSocket client disconnected normally
2026-01-12 18:30:20,957 - cmt.websocket - INFO - disconnect:62 - WebSocket disconnected. Total: 5
2026-01-12 18:30:24,955 - cmt.websocket - INFO - connect:49 - WebSocket connected (user_id=None). Total: 6
2026-01-12 18:30:24,957 - cmt.websocket - INFO - websocket_devices:188 - WebSocket client disconnected normally
2026-01-12 18:30:24,959 - cmt.websocket - INFO - disconnect:62 - WebSocket disconnected. Total: 5
2026-01-12 18:30:28,960 - cmt.websocket - INFO - connect:49 - WebSocket connected (user_id=None). Total: 6
2026-01-12 18:30:28,963 - cmt.websocket - INFO - websocket_devices:188 - WebSocket client disconnected normally
2026-01-12 18:30:28,964 - cmt.websocket - INFO - disconnect:62 - WebSocket disconnected. Total: 5
2026-01-12 18:30:32,961 - cmt.websocket - INFO - connect:49 - WebSocket connected (user_id=None). Total: 6
2026-01-12 18:30:32,965 - cmt.websocket - INFO - websocket_devices:188 - WebSocket client disconnected normally
2026-01-12 18:30:32,966 - cmt.websocket - INFO - disconnect:62 - WebSocket disconnected. Total: 5
2026-01-12 18:30:36,954 - cmt.websocket - INFO - connect:49 - WebSocket connected (user_id=None). Total: 6
2026-01-12 18:30:36,956 - cmt.websocket - INFO - websocket_devices:188 - WebSocket client disconnected normally
2026-01-12 18:30:36,957 - cmt.websocket - INFO - disconnect:62 - WebSocket disconnected. Total: 5
2026-01-12 18:30:40,955 - cmt.websocket - INFO - connect:49 - WebSocket connected (user_id=None). Total: 6
2026-01-12 18:30:40,957 - cmt.websocket - INFO - websocket_devices:188 - WebSocket client disconnected normally
2026-01-12 18:30:40,958 - cmt.websocket - INFO - disconnect:62 - WebSocket disconnected. Total: 5
2026-01-12 18:30:44,954 - cmt.websocket - INFO - connect:49 - WebSocket connected (user_id=None). Total: 6
2026-01-12 18:30:44,955 - cmt.websocket - INFO - websocket_devices:188 - WebSocket client disconnected normally
2026-01-12 18:30:44,956 - cmt.websocket - INFO - disconnect:62 - WebSocket disconnected. Total: 5
2026-01-12 18:30:48,953 - cmt.websocket - INFO - connect:49 - WebSocket connected (user_id=None). Total: 6
2026-01-12 18:30:48,954 - cmt.websocket - INFO - websocket_devices:188 - WebSocket client disconnected normally
2026-01-12 18:30:48,955 - cmt.websocket - INFO - disconnect:62 - WebSocket disconnected. Total: 5
2026-01-12 18:30:52,973 - cmt.websocket - INFO - connect:49 - WebSocket connected (user_id=None). Total: 6
2026-01-12 18:30:52,977 - cmt.websocket - INFO - websocket_devices:188 - WebSocket client disconnected normally
2026-01-12 18:30:52,978 - cmt.websocket - INFO - disconnect:62 - WebSocket disconnected. Total: 5
2026-01-12 18:30:56,960 - cmt.websocket - INFO - connect:49 - WebSocket connected (user_id=None). Total: 6
2026-01-12 18:30:56,962 - cmt.websocket - INFO - websocket_devices:188 - WebSocket client disconnected normally
2026-01-12 18:30:56,962 - cmt.websocket - INFO - disconnect:62 - WebSocket disconnected. Total: 5
2026-01-12 18:31:00,954 - cmt.websocket - INFO - connect:49 - WebSocket connected (user_id=None). Total: 6
2026-01-12 18:31:00,956 - cmt.websocket - INFO - websocket_devices:188 - WebSocket client disconnected normally
2026-01-12 18:31:00,957 - cmt.websocket - INFO - disconnect:62 - WebSocket disconnected. Total: 5
2026-01-12 18:31:04,955 - cmt.websocket - INFO - connect:49 - WebSocket connected (user_id=None). Total: 6
2026-01-12 18:31:04,957 - cmt.websocket - INFO - websocket_devices:188 - WebSocket client disconnected normally
2026-01-12 18:31:04,957 - cmt.websocket - INFO - disconnect:62 - WebSocket disconnected. Total: 5
2026-01-12 18:31:08,954 - cmt.websocket - INFO - connect:49 - WebSocket connected (user_id=None). Total: 6
2026-01-12 18:31:08,956 - cmt.websocket - INFO - websocket_devices:188 - WebSocket client disconnected normally
2026-01-12 18:31:08,957 - cmt.websocket - INFO - disconnect:62 - WebSocket disconnected. Total: 5
2026-01-12 18:31:12,955 - cmt.websocket - INFO - connect:49 - WebSocket connected (user_id=None). Total: 6
2026-01-12 18:31:12,955 - cmt.websocket - INFO - websocket_devices:188 - WebSocket client disconnected normally
2026-01-12 18:31:12,956 - cmt.websocket - INFO - disconnect:62 - WebSocket disconnected. Total: 5
2026-01-12 18:31:16,957 - cmt.websocket - INFO - connect:49 - WebSocket connected (user_id=None). Total: 6
2026-01-12 18:31:16,959 - cmt.websocket - INFO - websocket_devices:188 - WebSocket client disconnected normally
2026-01-12 18:31:16,959 - cmt.websocket - INFO - disconnect:62 - WebSocket disconnected. Total: 5
2026-01-12 18:31:20,958 - cmt.websocket - INFO - connect:49 - WebSocket connected (user_id=None). Total: 6
2026-01-12 18:31:20,958 - cmt.websocket - INFO - websocket_devices:188 - WebSocket client disconnected normally
2026-01-12 18:31:20,959 - cmt.websocket - INFO - disconnect:62 - WebSocket disconnected. Total: 5
2026-01-12 18:31:24,957 - cmt.websocket - INFO - connect:49 - WebSocket connected (user_id=None). Total: 6
2026-01-12 18:31:24,959 - cmt.websocket - INFO - websocket_devices:188 - WebSocket client disconnected normally
2026-01-12 18:31:24,960 - cmt.websocket - INFO - disconnect:62 - WebSocket disconnected. Total: 5
2026-01-12 18:31:28,956 - cmt.websocket - INFO - connect:49 - WebSocket connected (user_id=None). Total: 6
2026-01-12 18:31:28,957 - cmt.websocket - INFO - websocket_devices:188 - WebSocket client disconnected normally
2026-01-12 18:31:28,958 - cmt.websocket - INFO - disconnect:62 - WebSocket disconnected. Total: 5
2026-01-12 18:31:32,962 - cmt.websocket - INFO - connect:49 - WebSocket connected (user_id=None). Total: 6
2026-01-12 18:31:32,965 - cmt.websocket - INFO - websocket_devices:188 - WebSocket client disconnected normally
2026-01-12 18:31:32,966 - cmt.websocket - INFO - disconnect:62 - WebSocket disconnected. Total: 5
2026-01-12 18:31:36,954 - cmt.websocket - INFO - connect:49 - WebSocket connected (user_id=None). Total: 6
2026-01-12 18:31:36,956 - cmt.websocket - INFO - websocket_devices:188 - WebSocket client disconnected normally
2026-01-12 18:31:36,956 - cmt.websocket - INFO - disconnect:62 - WebSocket disconnected. Total: 5
2026-01-12 18:31:40,954 - cmt.websocket - INFO - connect:49 - WebSocket connected (user_id=None). Total: 6
2026-01-12 18:31:40,955 - cmt.websocket - INFO - websocket_devices:188 - WebSocket client disconnected normally
2026-01-12 18:31:40,955 - cmt.websocket - INFO - disconnect:62 - WebSocket disconnected. Total: 5
2026-01-12 18:31:44,959 - cmt.websocket - INFO - connect:49 - WebSocket connected (user_id=None). Total: 6
2026-01-12 18:31:44,964 - cmt.websocket - INFO - websocket_devices:188 - WebSocket client disconnected normally
2026-01-12 18:31:44,964 - cmt.websocket - INFO - disconnect:62 - WebSocket disconnected. Total: 5
2026-01-12 18:31:48,956 - cmt.websocket - INFO - connect:49 - WebSocket connected (user_id=None). Total: 6
2026-01-12 18:31:48,956 - cmt.websocket - INFO - websocket_devices:188 - WebSocket client disconnected normally
2026-01-12 18:31:48,957 - cmt.websocket - INFO - disconnect:62 - WebSocket disconnected. Total: 5
2026-01-12 18:31:52,961 - cmt.websocket - INFO - connect:49 - WebSocket connected (user_id=None). Total: 6
2026-01-12 18:31:52,964 - cmt.websocket - INFO - websocket_devices:188 - WebSocket client disconnected normally
2026-01-12 18:31:52,965 - cmt.websocket - INFO - disconnect:62 - WebSocket disconnected. Total: 5
2026-01-12 18:31:56,954 - cmt.websocket - INFO - connect:49 - WebSocket connected (user_id=None). Total: 6
2026-01-12 18:31:56,956 - cmt.websocket - INFO - websocket_devices:188 - WebSocket client disconnected normally
2026-01-12 18:31:56,957 - cmt.websocket - INFO - disconnect:62 - WebSocket disconnected. Total: 5
2026-01-12 18:32:00,954 - cmt.websocket - INFO - connect:49 - WebSocket connected (user_id=None). Total: 6
2026-01-12 18:32:00,955 - cmt.websocket - INFO - websocket_devices:188 - WebSocket client disconnected normally
2026-01-12 18:32:00,955 - cmt.websocket - INFO - disconnect:62 - WebSocket disconnected. Total: 5
2026-01-12 18:32:04,953 - cmt.websocket - INFO - connect:49 - WebSocket connected (user_id=None). Total: 6
2026-01-12 18:32:04,955 - cmt.websocket - INFO - websocket_devices:188 - WebSocket client disconnected normally
2026-01-12 18:32:04,955 - cmt.websocket - INFO - disconnect:62 - WebSocket disconnected. Total: 5
2026-01-12 18:32:08,957 - cmt.websocket - INFO - connect:49 - WebSocket connected (user_id=None). Total: 6
2026-01-12 18:32:08,959 - cmt.websocket - INFO - websocket_devices:188 - WebSocket client disconnected normally
2026-01-12 18:32:08,960 - cmt.websocket - INFO - disconnect:62 - WebSocket disconnected. Total: 5
2026-01-12 18:32:12,956 - cmt.websocket - INFO - connect:49 - WebSocket connected (user_id=None). Total: 6
2026-01-12 18:32:12,958 - cmt.websocket - INFO - websocket_devices:188 - WebSocket client disconnected normally
2026-01-12 18:32:12,959 - cmt.websocket - INFO - disconnect:62 - WebSocket disconnected. Total: 5
2026-01-12 18:32:16,963 - cmt.websocket - INFO - connect:49 - WebSocket connected (user_id=None). Total: 6
2026-01-12 18:32:16,967 - cmt.websocket - INFO - websocket_devices:188 - WebSocket client disconnected normally
2026-01-12 18:32:16,968 - cmt.websocket - INFO - disconnect:62 - WebSocket disconnected. Total: 5
2026-01-12 18:32:20,954 - cmt.websocket - INFO - websocket_devices:188 - WebSocket client disconnected normally
2026-01-12 18:32:20,955 - cmt.websocket - INFO - disconnect:62 - WebSocket disconnected. Total: 4
2026-01-12 18:32:20,956 - cmt.websocket - INFO - connect:49 - WebSocket connected (user_id=None). Total: 5
2026-01-12 18:32:24,956 - cmt.websocket - INFO - connect:49 - WebSocket connected (user_id=None). Total: 6
2026-01-12 18:32:24,958 - cmt.websocket - INFO - websocket_devices:188 - WebSocket client disconnected normally
2026-01-12 18:32:24,959 - cmt.websocket - INFO - disconnect:62 - WebSocket disconnected. Total: 5
2026-01-12 18:32:28,957 - cmt.websocket - INFO - connect:49 - WebSocket connected (user_id=None). Total: 6
2026-01-12 18:32:28,959 - cmt.websocket - INFO - websocket_devices:188 - WebSocket client disconnected normally
2026-01-12 18:32:28,959 - cmt.websocket - INFO - disconnect:62 - WebSocket disconnected. Total: 5
2026-01-12 18:32:32,952 - cmt.websocket - INFO - websocket_devices:188 - WebSocket client disconnected normally
2026-01-12 18:32:32,952 - cmt.websocket - INFO - disconnect:62 - WebSocket disconnected. Total: 4
2026-01-12 18:32:32,953 - cmt.websocket - INFO - connect:49 - WebSocket connected (user_id=None). Total: 5
2026-01-12 18:32:36,955 - cmt.websocket - INFO - connect:49 - WebSocket connected (user_id=None). Total: 6
2026-01-12 18:32:36,956 - cmt.websocket - INFO - websocket_devices:188 - WebSocket client disconnected normally
2026-01-12 18:32:36,956 - cmt.websocket - INFO - disconnect:62 - WebSocket disconnected. Total: 5
2026-01-12 18:32:40,957 - cmt.websocket - INFO - websocket_devices:188 - WebSocket client disconnected normally
2026-01-12 18:32:40,957 - cmt.websocket - INFO - disconnect:62 - WebSocket disconnected. Total: 4
2026-01-12 18:32:40,958 - cmt.websocket - INFO - connect:49 - WebSocket connected (user_id=None). Total: 5
2026-01-12 18:32:44,958 - cmt.websocket - INFO - connect:49 - WebSocket connected (user_id=None). Total: 6
2026-01-12 18:32:44,961 - cmt.websocket - INFO - websocket_devices:188 - WebSocket client disconnected normally
2026-01-12 18:32:44,963 - cmt.websocket - INFO - disconnect:62 - WebSocket disconnected. Total: 5
2026-01-12 18:32:48,957 - cmt.websocket - INFO - connect:49 - WebSocket connected (user_id=None). Total: 6
2026-01-12 18:32:48,960 - cmt.websocket - INFO - websocket_devices:188 - WebSocket client disconnected normally
2026-01-12 18:32:48,961 - cmt.websocket - INFO - disconnect:62 - WebSocket disconnected. Total: 5
2026-01-12 18:32:52,957 - cmt.websocket - INFO - connect:49 - WebSocket connected (user_id=None). Total: 6
2026-01-12 18:32:52,959 - cmt.websocket - INFO - websocket_devices:188 - WebSocket client disconnected normally
2026-01-12 18:32:52,960 - cmt.websocket - INFO - disconnect:62 - WebSocket disconnected. Total: 5
2026-01-12 18:32:56,955 - cmt.websocket - INFO - connect:49 - WebSocket connected (user_id=None). Total: 6
2026-01-12 18:32:56,957 - cmt.websocket - INFO - websocket_devices:188 - WebSocket client disconnected normally
2026-01-12 18:32:56,957 - cmt.websocket - INFO - disconnect:62 - WebSocket disconnected. Total: 5
2026-01-12 18:33:00,957 - cmt.websocket - INFO - websocket_devices:188 - WebSocket client disconnected normally
2026-01-12 18:33:00,958 - cmt.websocket - INFO - disconnect:62 - WebSocket disconnected. Total: 4
2026-01-12 18:33:00,959 - cmt.websocket - INFO - connect:49 - WebSocket connected (user_id=None). Total: 5
2026-01-12 18:33:04,956 - cmt.websocket - INFO - connect:49 - WebSocket connected (user_id=None). Total: 6
2026-01-12 18:33:04,958 - cmt.websocket - INFO - websocket_devices:188 - WebSocket client disconnected normally
2026-01-12 18:33:04,958 - cmt.websocket - INFO - disconnect:62 - WebSocket disconnected. Total: 5
2026-01-12 18:33:08,956 - cmt.websocket - INFO - connect:49 - WebSocket connected (user_id=None). Total: 6
2026-01-12 18:33:08,958 - cmt.websocket - INFO - websocket_devices:188 - WebSocket client disconnected normally
2026-01-12 18:33:08,958 - cmt.websocket - INFO - disconnect:62 - WebSocket disconnected. Total: 5
2026-01-12 18:33:12,954 - cmt.websocket - INFO - connect:49 - WebSocket connected (user_id=None). Total: 6
2026-01-12 18:33:12,955 - cmt.websocket - INFO - websocket_devices:188 - WebSocket client disconnected normally
2026-01-12 18:33:12,955 - cmt.websocket - INFO - disconnect:62 - WebSocket disconnected. Total: 5
2026-01-12 18:33:16,960 - cmt.websocket - INFO - websocket_devices:188 - WebSocket client disconnected normally
2026-01-12 18:33:16,961 - cmt.websocket - INFO - disconnect:62 - WebSocket disconnected. Total: 4
2026-01-12 18:33:16,965 - cmt.websocket - INFO - connect:49 - WebSocket connected (user_id=None). Total: 5
2026-01-12 18:33:20,956 - cmt.websocket - INFO - websocket_devices:188 - WebSocket client disconnected normally
2026-01-12 18:33:20,956 - cmt.websocket - INFO - disconnect:62 - WebSocket disconnected. Total: 4
2026-01-12 18:33:20,957 - cmt.websocket - INFO - connect:49 - WebSocket connected (user_id=None). Total: 5
2026-01-12 18:33:24,955 - cmt.websocket - INFO - connect:49 - WebSocket connected (user_id=None). Total: 6
2026-01-12 18:33:24,957 - cmt.websocket - INFO - websocket_devices:188 - WebSocket client disconnected normally
2026-01-12 18:33:24,958 - cmt.websocket - INFO - disconnect:62 - WebSocket disconnected. Total: 5
2026-01-12 18:33:28,957 - cmt.websocket - INFO - websocket_devices:188 - WebSocket client disconnected normally
2026-01-12 18:33:28,958 - cmt.websocket - INFO - disconnect:62 - WebSocket disconnected. Total: 4
2026-01-12 18:33:28,961 - cmt.websocket - INFO - connect:49 - WebSocket connected (user_id=None). Total: 5
2026-01-12 18:33:32,954 - cmt.websocket - INFO - connect:49 - WebSocket connected (user_id=None). Total: 6
2026-01-12 18:33:32,955 - cmt.websocket - INFO - websocket_devices:188 - WebSocket client disconnected normally
2026-01-12 18:33:32,955 - cmt.websocket - INFO - disconnect:62 - WebSocket disconnected. Total: 5
2026-01-12 18:33:36,955 - cmt.websocket - INFO - websocket_devices:188 - WebSocket client disconnected normally
2026-01-12 18:33:36,955 - cmt.websocket - INFO - disconnect:62 - WebSocket disconnected. Total: 4
2026-01-12 18:33:36,957 - cmt.websocket - INFO - connect:49 - WebSocket connected (user_id=None). Total: 5
2026-01-12 18:33:40,957 - cmt.websocket - INFO - connect:49 - WebSocket connected (user_id=None). Total: 6
2026-01-12 18:33:40,958 - cmt.websocket - INFO - websocket_devices:188 - WebSocket client disconnected normally
2026-01-12 18:33:40,959 - cmt.websocket - INFO - disconnect:62 - WebSocket disconnected. Total: 5
2026-01-12 18:33:44,954 - cmt.websocket - INFO - connect:49 - WebSocket connected (user_id=None). Total: 6
2026-01-12 18:33:44,956 - cmt.websocket - INFO - websocket_devices:188 - WebSocket client disconnected normally
2026-01-12 18:33:44,956 - cmt.websocket - INFO - disconnect:62 - WebSocket disconnected. Total: 5
2026-01-12 18:33:48,957 - cmt.websocket - INFO - connect:49 - WebSocket connected (user_id=None). Total: 6
2026-01-12 18:33:48,958 - cmt.websocket - INFO - websocket_devices:188 - WebSocket client disconnected normally
2026-01-12 18:33:48,958 - cmt.websocket - INFO - disconnect:62 - WebSocket disconnected. Total: 5
2026-01-12 18:33:52,958 - cmt.websocket - INFO - connect:49 - WebSocket connected (user_id=None). Total: 6
2026-01-12 18:33:52,959 - cmt.websocket - INFO - websocket_devices:188 - WebSocket client disconnected normally
2026-01-12 18:33:52,959 - cmt.websocket - INFO - disconnect:62 - WebSocket disconnected. Total: 5
2026-01-12 18:33:56,960 - cmt.websocket - INFO - connect:49 - WebSocket connected (user_id=None). Total: 6
2026-01-12 18:33:56,969 - cmt.websocket - INFO - websocket_devices:188 - WebSocket client disconnected normally
2026-01-12 18:33:56,969 - cmt.websocket - INFO - disconnect:62 - WebSocket disconnected. Total: 5
2026-01-12 18:34:00,954 - cmt.websocket - INFO - connect:49 - WebSocket connected (user_id=None). Total: 6
2026-01-12 18:34:00,956 - cmt.websocket - INFO - websocket_devices:188 - WebSocket client disconnected normally
2026-01-12 18:34:00,957 - cmt.websocket - INFO - disconnect:62 - WebSocket disconnected. Total: 5
2026-01-12 18:34:04,957 - cmt.websocket - INFO - connect:49 - WebSocket connected (user_id=None). Total: 6
2026-01-12 18:34:04,960 - cmt.websocket - INFO - websocket_devices:188 - WebSocket client disconnected normally
2026-01-12 18:34:04,960 - cmt.websocket - INFO - disconnect:62 - WebSocket disconnected. Total: 5
2026-01-12 18:34:08,953 - cmt.websocket - INFO - websocket_devices:188 - WebSocket client disconnected normally
2026-01-12 18:34:08,953 - cmt.websocket - INFO - disconnect:62 - WebSocket disconnected. Total: 4
2026-01-12 18:34:08,955 - cmt.websocket - INFO - connect:49 - WebSocket connected (user_id=None). Total: 5
2026-01-12 18:34:12,955 - cmt.websocket - INFO - connect:49 - WebSocket connected (user_id=None). Total: 6
2026-01-12 18:34:12,955 - cmt.websocket - INFO - websocket_devices:188 - WebSocket client disconnected normally
2026-01-12 18:34:12,956 - cmt.websocket - INFO - disconnect:62 - WebSocket disconnected. Total: 5
2026-01-12 18:34:16,961 - cmt.websocket - INFO - connect:49 - WebSocket connected (user_id=None). Total: 6
2026-01-12 18:34:16,963 - cmt.websocket - INFO - websocket_devices:188 - WebSocket client disconnected normally
2026-01-12 18:34:16,965 - cmt.websocket - INFO - disconnect:62 - WebSocket disconnected. Total: 5
2026-01-12 18:34:20,955 - cmt.websocket - INFO - websocket_devices:188 - WebSocket client disconnected normally
2026-01-12 18:34:20,956 - cmt.websocket - INFO - disconnect:62 - WebSocket disconnected. Total: 4
2026-01-12 18:34:20,958 - cmt.websocket - INFO - connect:49 - WebSocket connected (user_id=None). Total: 5
2026-01-12 18:34:24,957 - cmt.websocket - INFO - connect:49 - WebSocket connected (user_id=None). Total: 6
2026-01-12 18:34:24,961 - cmt.websocket - INFO - websocket_devices:188 - WebSocket client disconnected normally
2026-01-12 18:34:24,962 - cmt.websocket - INFO - disconnect:62 - WebSocket disconnected. Total: 5
2026-01-12 18:34:28,952 - cmt.websocket - INFO - connect:49 - WebSocket connected (user_id=None). Total: 6
2026-01-12 18:34:28,954 - cmt.websocket - INFO - websocket_devices:188 - WebSocket client disconnected normally
2026-01-12 18:34:28,954 - cmt.websocket - INFO - disconnect:62 - WebSocket disconnected. Total: 5
2026-01-12 18:34:32,955 - cmt.websocket - INFO - connect:49 - WebSocket connected (user_id=None). Total: 6
2026-01-12 18:34:32,957 - cmt.websocket - INFO - websocket_devices:188 - WebSocket client disconnected normally
2026-01-12 18:34:32,958 - cmt.websocket - INFO - disconnect:62 - WebSocket disconnected. Total: 5
2026-01-12 18:34:36,963 - cmt.websocket - INFO - connect:49 - WebSocket connected (user_id=None). Total: 6
2026-01-12 18:34:36,973 - cmt.websocket - INFO - websocket_devices:188 - WebSocket client disconnected normally
2026-01-12 18:34:36,973 - cmt.websocket - INFO - disconnect:62 - WebSocket disconnected. Total: 5
2026-01-12 18:34:40,958 - cmt.websocket - INFO - connect:49 - WebSocket connected (user_id=None). Total: 6
2026-01-12 18:34:40,961 - cmt.websocket - INFO - websocket_devices:188 - WebSocket client disconnected normally
2026-01-12 18:34:40,962 - cmt.websocket - INFO - disconnect:62 - WebSocket disconnected. Total: 5
2026-01-12 18:34:44,955 - cmt.websocket - INFO - connect:49 - WebSocket connected (user_id=None). Total: 6
2026-01-12 18:34:44,956 - cmt.websocket - INFO - websocket_devices:188 - WebSocket client disconnected normally
2026-01-12 18:34:44,957 - cmt.websocket - INFO - disconnect:62 - WebSocket disconnected. Total: 5
2026-01-12 18:34:48,977 - cmt.websocket - INFO - connect:49 - WebSocket connected (user_id=None). Total: 6
2026-01-12 18:34:48,981 - cmt.websocket - INFO - websocket_devices:188 - WebSocket client disconnected normally
2026-01-12 18:34:48,981 - cmt.websocket - INFO - disconnect:62 - WebSocket disconnected. Total: 5
2026-01-12 18:34:53,012 - cmt.websocket - INFO - connect:49 - WebSocket connected (user_id=None). Total: 6
2026-01-12 18:34:53,034 - cmt.websocket - INFO - websocket_devices:188 - WebSocket client disconnected normally
2026-01-12 18:34:53,038 - cmt.websocket - INFO - disconnect:62 - WebSocket disconnected. Total: 5
2026-01-12 18:34:56,983 - cmt.websocket - INFO - connect:49 - WebSocket connected (user_id=None). Total: 6
2026-01-12 18:34:56,997 - cmt.websocket - INFO - websocket_devices:188 - WebSocket client disconnected normally
2026-01-12 18:34:57,001 - cmt.websocket - INFO - disconnect:62 - WebSocket disconnected. Total: 5
2026-01-12 18:35:00,961 - cmt.websocket - INFO - websocket_devices:188 - WebSocket client disconnected normally
2026-01-12 18:35:00,963 - cmt.websocket - INFO - disconnect:62 - WebSocket disconnected. Total: 4
2026-01-12 18:35:00,969 - cmt.websocket - INFO - connect:49 - WebSocket connected (user_id=None). Total: 5
2026-01-12 18:35:04,957 - cmt.websocket - INFO - connect:49 - WebSocket connected (user_id=None). Total: 6
2026-01-12 18:35:04,959 - cmt.websocket - INFO - websocket_devices:188 - WebSocket client disconnected normally
2026-01-12 18:35:04,960 - cmt.websocket - INFO - disconnect:62 - WebSocket disconnected. Total: 5
2026-01-12 18:35:08,953 - cmt.websocket - INFO - websocket_devices:188 - WebSocket client disconnected normally
2026-01-12 18:35:08,954 - cmt.websocket - INFO - disconnect:62 - WebSocket disconnected. Total: 4
2026-01-12 18:35:08,955 - cmt.websocket - INFO - connect:49 - WebSocket connected (user_id=None). Total: 5
2026-01-12 18:35:12,952 - cmt.websocket - INFO - connect:49 - WebSocket connected (user_id=None). Total: 6
2026-01-12 18:35:12,954 - cmt.websocket - INFO - websocket_devices:188 - WebSocket client disconnected normally
2026-01-12 18:35:12,954 - cmt.websocket - INFO - disconnect:62 - WebSocket disconnected. Total: 5
2026-01-12 18:35:16,970 - cmt.websocket - INFO - connect:49 - WebSocket connected (user_id=None). Total: 6
2026-01-12 18:35:16,974 - cmt.websocket - INFO - websocket_devices:188 - WebSocket client disconnected normally
2026-01-12 18:35:16,974 - cmt.websocket - INFO - disconnect:62 - WebSocket disconnected. Total: 5
2026-01-12 18:35:20,954 - cmt.websocket - INFO - connect:49 - WebSocket connected (user_id=None). Total: 6
2026-01-12 18:35:20,955 - cmt.websocket - INFO - websocket_devices:188 - WebSocket client disconnected normally
2026-01-12 18:35:20,956 - cmt.websocket - INFO - disconnect:62 - WebSocket disconnected. Total: 5
2026-01-12 18:35:24,963 - cmt.websocket - INFO - connect:49 - WebSocket connected (user_id=None). Total: 6
2026-01-12 18:35:24,967 - cmt.websocket - INFO - websocket_devices:188 - WebSocket client disconnected normally
2026-01-12 18:35:24,967 - cmt.websocket - INFO - disconnect:62 - WebSocket disconnected. Total: 5
2026-01-12 18:35:28,951 - cmt.websocket - INFO - websocket_devices:188 - WebSocket client disconnected normally
2026-01-12 18:35:28,951 - cmt.websocket - INFO - disconnect:62 - WebSocket disconnected. Total: 4
2026-01-12 18:35:28,953 - cmt.websocket - INFO - connect:49 - WebSocket connected (user_id=None). Total: 5
2026-01-12 18:35:32,986 - cmt.websocket - INFO - connect:49 - WebSocket connected (user_id=None). Total: 6
2026-01-12 18:35:32,991 - cmt.websocket - INFO - websocket_devices:188 - WebSocket client disconnected normally
2026-01-12 18:35:32,992 - cmt.websocket - INFO - disconnect:62 - WebSocket disconnected. Total: 5
2026-01-12 18:35:36,970 - cmt.websocket - INFO - websocket_devices:188 - WebSocket client disconnected normally
2026-01-12 18:35:36,972 - cmt.websocket - INFO - disconnect:62 - WebSocket disconnected. Total: 4
2026-01-12 18:35:36,977 - cmt.websocket - INFO - connect:49 - WebSocket connected (user_id=None). Total: 5
2026-01-12 18:35:40,960 - cmt.websocket - INFO - connect:49 - WebSocket connected (user_id=None). Total: 6
2026-01-12 18:35:40,963 - cmt.websocket - INFO - websocket_devices:188 - WebSocket client disconnected normally
2026-01-12 18:35:40,964 - cmt.websocket - INFO - disconnect:62 - WebSocket disconnected. Total: 5
2026-01-12 18:35:44,954 - cmt.websocket - INFO - connect:49 - WebSocket connected (user_id=None). Total: 6
2026-01-12 18:35:44,956 - cmt.websocket - INFO - websocket_devices:188 - WebSocket client disconnected normally
2026-01-12 18:35:44,957 - cmt.websocket - INFO - disconnect:62 - WebSocket disconnected. Total: 5
2026-01-12 18:35:48,952 - cmt.websocket - INFO - connect:49 - WebSocket connected (user_id=None). Total: 6
2026-01-12 18:35:48,953 - cmt.websocket - INFO - websocket_devices:188 - WebSocket client disconnected normally
2026-01-12 18:35:48,954 - cmt.websocket - INFO - disconnect:62 - WebSocket disconnected. Total: 5
2026-01-12 18:35:52,958 - cmt.websocket - INFO - connect:49 - WebSocket connected (user_id=None). Total: 6
2026-01-12 18:35:52,962 - cmt.websocket - INFO - websocket_devices:188 - WebSocket client disconnected normally
2026-01-12 18:35:52,964 - cmt.websocket - INFO - disconnect:62 - WebSocket disconnected. Total: 5
2026-01-12 18:35:56,960 - cmt.websocket - INFO - connect:49 - WebSocket connected (user_id=None). Total: 6
2026-01-12 18:35:56,962 - cmt.websocket - INFO - websocket_devices:188 - WebSocket client disconnected normally
2026-01-12 18:35:56,963 - cmt.websocket - INFO - disconnect:62 - WebSocket disconnected. Total: 5
2026-01-12 18:36:00,955 - cmt.websocket - INFO - websocket_devices:188 - WebSocket client disconnected normally
2026-01-12 18:36:00,955 - cmt.websocket - INFO - disconnect:62 - WebSocket disconnected. Total: 4
2026-01-12 18:36:00,957 - cmt.websocket - INFO - connect:49 - WebSocket connected (user_id=None). Total: 5
2026-01-12 18:36:04,955 - cmt.websocket - INFO - connect:49 - WebSocket connected (user_id=None). Total: 6
2026-01-12 18:36:04,957 - cmt.websocket - INFO - websocket_devices:188 - WebSocket client disconnected normally
2026-01-12 18:36:04,958 - cmt.websocket - INFO - disconnect:62 - WebSocket disconnected. Total: 5
2026-01-12 18:36:08,954 - cmt.websocket - INFO - connect:49 - WebSocket connected (user_id=None). Total: 6
2026-01-12 18:36:08,955 - cmt.websocket - INFO - websocket_devices:188 - WebSocket client disconnected normally
2026-01-12 18:36:08,955 - cmt.websocket - INFO - disconnect:62 - WebSocket disconnected. Total: 5
2026-01-12 18:36:12,960 - cmt.websocket - INFO - connect:49 - WebSocket connected (user_id=None). Total: 6
2026-01-12 18:36:12,963 - cmt.websocket - INFO - websocket_devices:188 - WebSocket client disconnected normally
2026-01-12 18:36:12,963 - cmt.websocket - INFO - disconnect:62 - WebSocket disconnected. Total: 5
2026-01-12 18:36:16,955 - cmt.websocket - INFO - connect:49 - WebSocket connected (user_id=None). Total: 6
2026-01-12 18:36:16,958 - cmt.websocket - INFO - websocket_devices:188 - WebSocket client disconnected normally
2026-01-12 18:36:16,959 - cmt.websocket - INFO - disconnect:62 - WebSocket disconnected. Total: 5
2026-01-12 18:36:20,958 - cmt.websocket - INFO - websocket_devices:188 - WebSocket client disconnected normally
2026-01-12 18:36:20,959 - cmt.websocket - INFO - disconnect:62 - WebSocket disconnected. Total: 4
2026-01-12 18:36:20,961 - cmt.websocket - INFO - connect:49 - WebSocket connected (user_id=None). Total: 5
2026-01-12 18:36:24,955 - cmt.websocket - INFO - connect:49 - WebSocket connected (user_id=None). Total: 6
2026-01-12 18:36:24,955 - cmt.websocket - INFO - websocket_devices:188 - WebSocket client disconnected normally
2026-01-12 18:36:24,956 - cmt.websocket - INFO - disconnect:62 - WebSocket disconnected. Total: 5
2026-01-12 18:36:28,955 - cmt.websocket - INFO - connect:49 - WebSocket connected (user_id=None). Total: 6
2026-01-12 18:36:28,958 - cmt.websocket - INFO - websocket_devices:188 - WebSocket client disconnected normally
2026-01-12 18:36:28,959 - cmt.websocket - INFO - disconnect:62 - WebSocket disconnected. Total: 5
2026-01-12 18:36:32,957 - cmt.websocket - INFO - connect:49 - WebSocket connected (user_id=None). Total: 6
2026-01-12 18:36:32,957 - cmt.websocket - INFO - websocket_devices:188 - WebSocket client disconnected normally
2026-01-12 18:36:32,958 - cmt.websocket - INFO - disconnect:62 - WebSocket disconnected. Total: 5
2026-01-12 18:36:36,960 - cmt.websocket - INFO - connect:49 - WebSocket connected (user_id=None). Total: 6
2026-01-12 18:36:36,963 - cmt.websocket - INFO - websocket_devices:188 - WebSocket client disconnected normally
2026-01-12 18:36:36,963 - cmt.websocket - INFO - disconnect:62 - WebSocket disconnected. Total: 5
2026-01-12 18:36:40,954 - cmt.websocket - INFO - connect:49 - WebSocket connected (user_id=None). Total: 6
2026-01-12 18:36:40,956 - cmt.websocket - INFO - websocket_devices:188 - WebSocket client disconnected normally
2026-01-12 18:36:40,958 - cmt.websocket - INFO - disconnect:62 - WebSocket disconnected. Total: 5
2026-01-12 18:36:44,952 - cmt.websocket - INFO - connect:49 - WebSocket connected (user_id=None). Total: 6
2026-01-12 18:36:44,953 - cmt.websocket - INFO - websocket_devices:188 - WebSocket client disconnected normally
2026-01-12 18:36:44,953 - cmt.websocket - INFO - disconnect:62 - WebSocket disconnected. Total: 5
2026-01-12 18:36:48,960 - cmt.websocket - INFO - connect:49 - WebSocket connected (user_id=None). Total: 6
2026-01-12 18:36:48,961 - cmt.websocket - INFO - websocket_devices:188 - WebSocket client disconnected normally
2026-01-12 18:36:48,962 - cmt.websocket - INFO - disconnect:62 - WebSocket disconnected. Total: 5
2026-01-12 18:36:52,961 - cmt.websocket - INFO - connect:49 - WebSocket connected (user_id=None). Total: 6
2026-01-12 18:36:52,966 - cmt.websocket - INFO - websocket_devices:188 - WebSocket client disconnected normally
2026-01-12 18:36:52,968 - cmt.websocket - INFO - disconnect:62 - WebSocket disconnected. Total: 5
2026-01-12 18:36:56,955 - cmt.websocket - INFO - connect:49 - WebSocket connected (user_id=None). Total: 6
2026-01-12 18:36:56,958 - cmt.websocket - INFO - websocket_devices:188 - WebSocket client disconnected normally
2026-01-12 18:36:56,958 - cmt.websocket - INFO - disconnect:62 - WebSocket disconnected. Total: 5
2026-01-12 18:37:00,957 - cmt.websocket - INFO - connect:49 - WebSocket connected (user_id=None). Total: 6
2026-01-12 18:37:00,958 - cmt.websocket - INFO - websocket_devices:188 - WebSocket client disconnected normally
2026-01-12 18:37:00,959 - cmt.websocket - INFO - disconnect:62 - WebSocket disconnected. Total: 5
2026-01-12 18:37:04,954 - cmt.websocket - INFO - connect:49 - WebSocket connected (user_id=None). Total: 6
2026-01-12 18:37:04,955 - cmt.websocket - INFO - websocket_devices:188 - WebSocket client disconnected normally
2026-01-12 18:37:04,956 - cmt.websocket - INFO - disconnect:62 - WebSocket disconnected. Total: 5
2026-01-12 18:37:08,956 - cmt.websocket - INFO - connect:49 - WebSocket connected (user_id=None). Total: 6
2026-01-12 18:37:08,959 - cmt.websocket - INFO - websocket_devices:188 - WebSocket client disconnected normally
2026-01-12 18:37:08,960 - cmt.websocket - INFO - disconnect:62 - WebSocket disconnected. Total: 5
2026-01-12 18:37:12,957 - cmt.websocket - INFO - connect:49 - WebSocket connected (user_id=None). Total: 6
2026-01-12 18:37:12,964 - cmt.websocket - INFO - websocket_devices:188 - WebSocket client disconnected normally
2026-01-12 18:37:12,965 - cmt.websocket - INFO - disconnect:62 - WebSocket disconnected. Total: 5
2026-01-12 18:37:16,963 - cmt.websocket - INFO - connect:49 - WebSocket connected (user_id=None). Total: 6
2026-01-12 18:37:16,968 - cmt.websocket - INFO - websocket_devices:188 - WebSocket client disconnected normally
2026-01-12 18:37:16,970 - cmt.websocket - INFO - disconnect:62 - WebSocket disconnected. Total: 5
2026-01-12 18:37:20,955 - cmt.websocket - INFO - websocket_devices:188 - WebSocket client disconnected normally
2026-01-12 18:37:20,955 - cmt.websocket - INFO - disconnect:62 - WebSocket disconnected. Total: 4
2026-01-12 18:37:20,957 - cmt.websocket - INFO - connect:49 - WebSocket connected (user_id=None). Total: 5
2026-01-12 18:37:24,967 - cmt.websocket - INFO - connect:49 - WebSocket connected (user_id=None). Total: 6
2026-01-12 18:37:24,970 - cmt.websocket - INFO - websocket_devices:188 - WebSocket client disconnected normally
2026-01-12 18:37:24,971 - cmt.websocket - INFO - disconnect:62 - WebSocket disconnected. Total: 5
2026-01-12 18:37:28,955 - cmt.websocket - INFO - websocket_devices:188 - WebSocket client disconnected normally
2026-01-12 18:37:28,955 - cmt.websocket - INFO - disconnect:62 - WebSocket disconnected. Total: 4
2026-01-12 18:37:28,958 - cmt.websocket - INFO - connect:49 - WebSocket connected (user_id=None). Total: 5
2026-01-12 18:37:32,956 - cmt.websocket - INFO - connect:49 - WebSocket connected (user_id=None). Total: 6
2026-01-12 18:37:32,957 - cmt.websocket - INFO - websocket_devices:188 - WebSocket client disconnected normally
2026-01-12 18:37:32,957 - cmt.websocket - INFO - disconnect:62 - WebSocket disconnected. Total: 5
2026-01-12 18:37:36,954 - cmt.websocket - INFO - connect:49 - WebSocket connected (user_id=None). Total: 6
2026-01-12 18:37:36,955 - cmt.websocket - INFO - websocket_devices:188 - WebSocket client disconnected normally
2026-01-12 18:37:36,955 - cmt.websocket - INFO - disconnect:62 - WebSocket disconnected. Total: 5
2026-01-12 18:37:40,956 - cmt.websocket - INFO - websocket_devices:188 - WebSocket client disconnected normally
2026-01-12 18:37:40,956 - cmt.websocket - INFO - disconnect:62 - WebSocket disconnected. Total: 4
2026-01-12 18:37:40,957 - cmt.websocket - INFO - connect:49 - WebSocket connected (user_id=None). Total: 5
2026-01-12 18:37:44,963 - cmt.websocket - INFO - connect:49 - WebSocket connected (user_id=None). Total: 6
2026-01-12 18:37:44,970 - cmt.websocket - INFO - websocket_devices:188 - WebSocket client disconnected normally
2026-01-12 18:37:44,971 - cmt.websocket - INFO - disconnect:62 - WebSocket disconnected. Total: 5
2026-01-12 18:37:48,955 - cmt.websocket - INFO - connect:49 - WebSocket connected (user_id=None). Total: 6
2026-01-12 18:37:48,956 - cmt.websocket - INFO - websocket_devices:188 - WebSocket client disconnected normally
2026-01-12 18:37:48,956 - cmt.websocket - INFO - disconnect:62 - WebSocket disconnected. Total: 5
2026-01-12 18:37:52,954 - cmt.websocket - INFO - connect:49 - WebSocket connected (user_id=None). Total: 6
2026-01-12 18:37:52,956 - cmt.websocket - INFO - websocket_devices:188 - WebSocket client disconnected normally
2026-01-12 18:37:52,958 - cmt.websocket - INFO - disconnect:62 - WebSocket disconnected. Total: 5
2026-01-12 18:37:56,956 - cmt.websocket - INFO - connect:49 - WebSocket connected (user_id=None). Total: 6
2026-01-12 18:37:56,959 - cmt.websocket - INFO - websocket_devices:188 - WebSocket client disconnected normally
2026-01-12 18:37:56,959 - cmt.websocket - INFO - disconnect:62 - WebSocket disconnected. Total: 5
2026-01-12 18:38:00,955 - cmt.websocket - INFO - websocket_devices:188 - WebSocket client disconnected normally
2026-01-12 18:38:00,955 - cmt.websocket - INFO - disconnect:62 - WebSocket disconnected. Total: 4
2026-01-12 18:38:00,957 - cmt.websocket - INFO - connect:49 - WebSocket connected (user_id=None). Total: 5
2026-01-12 18:38:04,957 - cmt.websocket - INFO - connect:49 - WebSocket connected (user_id=None). Total: 6
2026-01-12 18:38:04,961 - cmt.websocket - INFO - websocket_devices:188 - WebSocket client disconnected normally
2026-01-12 18:38:04,961 - cmt.websocket - INFO - disconnect:62 - WebSocket disconnected. Total: 5
2026-01-12 18:38:08,955 - cmt.websocket - INFO - connect:49 - WebSocket connected (user_id=None). Total: 6
2026-01-12 18:38:08,955 - cmt.websocket - INFO - websocket_devices:188 - WebSocket client disconnected normally
2026-01-12 18:38:08,956 - cmt.websocket - INFO - disconnect:62 - WebSocket disconnected. Total: 5
2026-01-12 18:38:12,957 - cmt.websocket - INFO - connect:49 - WebSocket connected (user_id=None). Total: 6
2026-01-12 18:38:12,959 - cmt.websocket - INFO - websocket_devices:188 - WebSocket client disconnected normally
2026-01-12 18:38:12,960 - cmt.websocket - INFO - disconnect:62 - WebSocket disconnected. Total: 5
2026-01-12 18:38:16,977 - cmt.websocket - INFO - connect:49 - WebSocket connected (user_id=None). Total: 6
2026-01-12 18:38:16,987 - cmt.websocket - INFO - websocket_devices:188 - WebSocket client disconnected normally
2026-01-12 18:38:16,988 - cmt.websocket - INFO - disconnect:62 - WebSocket disconnected. Total: 5
2026-01-12 18:38:20,959 - cmt.websocket - INFO - connect:49 - WebSocket connected (user_id=None). Total: 6
2026-01-12 18:38:20,964 - cmt.websocket - INFO - websocket_devices:188 - WebSocket client disconnected normally
2026-01-12 18:38:20,965 - cmt.websocket - INFO - disconnect:62 - WebSocket disconnected. Total: 5
2026-01-12 18:38:24,955 - cmt.websocket - INFO - connect:49 - WebSocket connected (user_id=None). Total: 6
2026-01-12 18:38:24,957 - cmt.websocket - INFO - websocket_devices:188 - WebSocket client disconnected normally
2026-01-12 18:38:24,958 - cmt.websocket - INFO - disconnect:62 - WebSocket disconnected. Total: 5
2026-01-12 18:38:28,953 - cmt.websocket - INFO - connect:49 - WebSocket connected (user_id=None). Total: 6
2026-01-12 18:38:28,954 - cmt.websocket - INFO - websocket_devices:188 - WebSocket client disconnected normally
2026-01-12 18:38:28,954 - cmt.websocket - INFO - disconnect:62 - WebSocket disconnected. Total: 5
2026-01-12 18:38:32,957 - cmt.websocket - INFO - connect:49 - WebSocket connected (user_id=None). Total: 6
2026-01-12 18:38:32,959 - cmt.websocket - INFO - websocket_devices:188 - WebSocket client disconnected normally
2026-01-12 18:38:32,960 - cmt.websocket - INFO - disconnect:62 - WebSocket disconnected. Total: 5
2026-01-12 18:38:36,954 - cmt.websocket - INFO - websocket_devices:188 - WebSocket client disconnected normally
2026-01-12 18:38:36,954 - cmt.websocket - INFO - disconnect:62 - WebSocket disconnected. Total: 4
2026-01-12 18:38:36,955 - cmt.websocket - INFO - connect:49 - WebSocket connected (user_id=None). Total: 5
2026-01-12 18:38:40,962 - cmt.websocket - INFO - connect:49 - WebSocket connected (user_id=None). Total: 6
2026-01-12 18:38:40,967 - cmt.websocket - INFO - websocket_devices:188 - WebSocket client disconnected normally
2026-01-12 18:38:40,968 - cmt.websocket - INFO - disconnect:62 - WebSocket disconnected. Total: 5
2026-01-12 18:38:44,956 - cmt.websocket - INFO - connect:49 - WebSocket connected (user_id=None). Total: 6
2026-01-12 18:38:44,958 - cmt.websocket - INFO - websocket_devices:188 - WebSocket client disconnected normally
2026-01-12 18:38:44,959 - cmt.websocket - INFO - disconnect:62 - WebSocket disconnected. Total: 5
2026-01-12 18:38:48,962 - cmt.websocket - INFO - connect:49 - WebSocket connected (user_id=None). Total: 6
2026-01-12 18:38:48,965 - cmt.websocket - INFO - websocket_devices:188 - WebSocket client disconnected normally
2026-01-12 18:38:48,965 - cmt.websocket - INFO - disconnect:62 - WebSocket disconnected. Total: 5
2026-01-12 18:38:52,997 - cmt.websocket - INFO - connect:49 - WebSocket connected (user_id=None). Total: 6
2026-01-12 18:38:53,002 - cmt.websocket - INFO - websocket_devices:188 - WebSocket client disconnected normally
2026-01-12 18:38:53,003 - cmt.websocket - INFO - disconnect:62 - WebSocket disconnected. Total: 5
2026-01-12 18:38:56,984 - cmt.websocket - INFO - connect:49 - WebSocket connected (user_id=None). Total: 6
2026-01-12 18:38:56,987 - cmt.websocket - INFO - websocket_devices:188 - WebSocket client disconnected normally
2026-01-12 18:38:56,988 - cmt.websocket - INFO - disconnect:62 - WebSocket disconnected. Total: 5
2026-01-12 18:39:00,981 - cmt.websocket - INFO - connect:49 - WebSocket connected (user_id=None). Total: 6
2026-01-12 18:39:00,984 - cmt.websocket - INFO - websocket_devices:188 - WebSocket client disconnected normally
2026-01-12 18:39:00,985 - cmt.websocket - INFO - disconnect:62 - WebSocket disconnected. Total: 5
2026-01-12 18:39:04,981 - cmt.websocket - INFO - connect:49 - WebSocket connected (user_id=None). Total: 6
2026-01-12 18:39:04,983 - cmt.websocket - INFO - websocket_devices:188 - WebSocket client disconnected normally
2026-01-12 18:39:04,984 - cmt.websocket - INFO - disconnect:62 - WebSocket disconnected. Total: 5
2026-01-12 18:39:09,001 - cmt.websocket - INFO - connect:49 - WebSocket connected (user_id=None). Total: 6
2026-01-12 18:39:09,015 - cmt.websocket - INFO - websocket_devices:188 - WebSocket client disconnected normally
2026-01-12 18:39:09,016 - cmt.websocket - INFO - disconnect:62 - WebSocket disconnected. Total: 5
2026-01-12 18:39:12,979 - cmt.websocket - INFO - connect:49 - WebSocket connected (user_id=None). Total: 6
2026-01-12 18:39:12,981 - cmt.websocket - INFO - websocket_devices:188 - WebSocket client disconnected normally
2026-01-12 18:39:12,982 - cmt.websocket - INFO - disconnect:62 - WebSocket disconnected. Total: 5
2026-01-12 18:39:16,988 - cmt.websocket - INFO - connect:49 - WebSocket connected (user_id=None). Total: 6
2026-01-12 18:39:16,992 - cmt.websocket - INFO - websocket_devices:188 - WebSocket client disconnected normally
2026-01-12 18:39:16,992 - cmt.websocket - INFO - disconnect:62 - WebSocket disconnected. Total: 5
2026-01-12 18:39:20,989 - cmt.websocket - INFO - connect:49 - WebSocket connected (user_id=None). Total: 6
2026-01-12 18:39:20,991 - cmt.websocket - INFO - websocket_devices:188 - WebSocket client disconnected normally
2026-01-12 18:39:20,992 - cmt.websocket - INFO - disconnect:62 - WebSocket disconnected. Total: 5
2026-01-12 18:39:25,005 - cmt.websocket - INFO - connect:49 - WebSocket connected (user_id=None). Total: 6
2026-01-12 18:39:25,012 - cmt.websocket - INFO - websocket_devices:188 - WebSocket client disconnected normally
2026-01-12 18:39:25,013 - cmt.websocket - INFO - disconnect:62 - WebSocket disconnected. Total: 5
2026-01-12 18:39:28,989 - cmt.websocket - INFO - connect:49 - WebSocket connected (user_id=None). Total: 6
2026-01-12 18:39:28,991 - cmt.websocket - INFO - websocket_devices:188 - WebSocket client disconnected normally
2026-01-12 18:39:28,991 - cmt.websocket - INFO - disconnect:62 - WebSocket disconnected. Total: 5
2026-01-12 18:39:32,987 - cmt.websocket - INFO - connect:49 - WebSocket connected (user_id=None). Total: 6
2026-01-12 18:39:32,989 - cmt.websocket - INFO - websocket_devices:188 - WebSocket client disconnected normally
2026-01-12 18:39:32,990 - cmt.websocket - INFO - disconnect:62 - WebSocket disconnected. Total: 5
2026-01-12 18:39:36,991 - cmt.websocket - INFO - connect:49 - WebSocket connected (user_id=None). Total: 6
2026-01-12 18:39:36,995 - cmt.websocket - INFO - websocket_devices:188 - WebSocket client disconnected normally
2026-01-12 18:39:36,996 - cmt.websocket - INFO - disconnect:62 - WebSocket disconnected. Total: 5
2026-01-12 18:39:40,993 - cmt.websocket - INFO - connect:49 - WebSocket connected (user_id=None). Total: 6
2026-01-12 18:39:40,996 - cmt.websocket - INFO - websocket_devices:188 - WebSocket client disconnected normally
2026-01-12 18:39:40,997 - cmt.websocket - INFO - disconnect:62 - WebSocket disconnected. Total: 5
2026-01-12 18:39:44,987 - cmt.websocket - INFO - connect:49 - WebSocket connected (user_id=None). Total: 6
2026-01-12 18:39:44,989 - cmt.websocket - INFO - websocket_devices:188 - WebSocket client disconnected normally
2026-01-12 18:39:44,990 - cmt.websocket - INFO - disconnect:62 - WebSocket disconnected. Total: 5
2026-01-12 18:39:48,989 - cmt.websocket - INFO - connect:49 - WebSocket connected (user_id=None). Total: 6
2026-01-12 18:39:48,991 - cmt.websocket - INFO - websocket_devices:188 - WebSocket client disconnected normally
2026-01-12 18:39:48,992 - cmt.websocket - INFO - disconnect:62 - WebSocket disconnected. Total: 5
2026-01-12 18:39:52,994 - cmt.websocket - INFO - connect:49 - WebSocket connected (user_id=None). Total: 6
2026-01-12 18:39:52,997 - cmt.websocket - INFO - websocket_devices:188 - WebSocket client disconnected normally
2026-01-12 18:39:52,997 - cmt.websocket - INFO - disconnect:62 - WebSocket disconnected. Total: 5
2026-01-12 18:39:56,992 - cmt.websocket - INFO - connect:49 - WebSocket connected (user_id=None). Total: 6
2026-01-12 18:39:56,992 - cmt.websocket - INFO - websocket_devices:188 - WebSocket client disconnected normally
2026-01-12 18:39:56,993 - cmt.websocket - INFO - disconnect:62 - WebSocket disconnected. Total: 5
2026-01-12 18:40:00,990 - cmt.websocket - INFO - connect:49 - WebSocket connected (user_id=None). Total: 6
2026-01-12 18:40:00,991 - cmt.websocket - INFO - websocket_devices:188 - WebSocket client disconnected normally
2026-01-12 18:40:00,992 - cmt.websocket - INFO - disconnect:62 - WebSocket disconnected. Total: 5
2026-01-12 18:40:04,990 - cmt.websocket - INFO - connect:49 - WebSocket connected (user_id=None). Total: 6
2026-01-12 18:40:04,993 - cmt.websocket - INFO - websocket_devices:188 - WebSocket client disconnected normally
2026-01-12 18:40:04,993 - cmt.websocket - INFO - disconnect:62 - WebSocket disconnected. Total: 5
2026-01-12 18:40:08,993 - cmt.websocket - INFO - connect:49 - WebSocket connected (user_id=None). Total: 6
2026-01-12 18:40:08,997 - cmt.websocket - INFO - websocket_devices:188 - WebSocket client disconnected normally
2026-01-12 18:40:08,998 - cmt.websocket - INFO - disconnect:62 - WebSocket disconnected. Total: 5
2026-01-12 18:40:12,991 - cmt.websocket - INFO - connect:49 - WebSocket connected (user_id=None). Total: 6
2026-01-12 18:40:12,992 - cmt.websocket - INFO - websocket_devices:188 - WebSocket client disconnected normally
2026-01-12 18:40:12,993 - cmt.websocket - INFO - disconnect:62 - WebSocket disconnected. Total: 5
2026-01-12 18:40:17,006 - cmt.websocket - INFO - connect:49 - WebSocket connected (user_id=None). Total: 6
2026-01-12 18:40:17,009 - cmt.websocket - INFO - websocket_devices:188 - WebSocket client disconnected normally
2026-01-12 18:40:17,009 - cmt.websocket - INFO - disconnect:62 - WebSocket disconnected. Total: 5
2026-01-12 18:40:20,990 - cmt.websocket - INFO - connect:49 - WebSocket connected (user_id=None). Total: 6
2026-01-12 18:40:20,994 - cmt.websocket - INFO - websocket_devices:188 - WebSocket client disconnected normally
2026-01-12 18:40:20,994 - cmt.websocket - INFO - disconnect:62 - WebSocket disconnected. Total: 5
2026-01-12 18:40:25,002 - cmt.websocket - INFO - connect:49 - WebSocket connected (user_id=None). Total: 6
2026-01-12 18:40:25,006 - cmt.websocket - INFO - websocket_devices:188 - WebSocket client disconnected normally
2026-01-12 18:40:25,007 - cmt.websocket - INFO - disconnect:62 - WebSocket disconnected. Total: 5
2026-01-12 18:40:28,989 - cmt.websocket - INFO - websocket_devices:188 - WebSocket client disconnected normally
2026-01-12 18:40:28,990 - cmt.websocket - INFO - disconnect:62 - WebSocket disconnected. Total: 4
2026-01-12 18:40:28,991 - cmt.websocket - INFO - connect:49 - WebSocket connected (user_id=None). Total: 5
2026-01-12 18:40:32,989 - cmt.websocket - INFO - connect:49 - WebSocket connected (user_id=None). Total: 6
2026-01-12 18:40:32,990 - cmt.websocket - INFO - websocket_devices:188 - WebSocket client disconnected normally
2026-01-12 18:40:32,990 - cmt.websocket - INFO - disconnect:62 - WebSocket disconnected. Total: 5
2026-01-12 18:40:36,992 - cmt.websocket - INFO - connect:49 - WebSocket connected (user_id=None). Total: 6
2026-01-12 18:40:36,996 - cmt.websocket - INFO - websocket_devices:188 - WebSocket client disconnected normally
2026-01-12 18:40:36,998 - cmt.websocket - INFO - disconnect:62 - WebSocket disconnected. Total: 5
2026-01-12 18:40:40,991 - cmt.websocket - INFO - connect:49 - WebSocket connected (user_id=None). Total: 6
2026-01-12 18:40:40,993 - cmt.websocket - INFO - websocket_devices:188 - WebSocket client disconnected normally
2026-01-12 18:40:40,994 - cmt.websocket - INFO - disconnect:62 - WebSocket disconnected. Total: 5
2026-01-12 18:40:44,997 - cmt.websocket - INFO - connect:49 - WebSocket connected (user_id=None). Total: 6
2026-01-12 18:40:45,005 - cmt.websocket - INFO - websocket_devices:188 - WebSocket client disconnected normally
2026-01-12 18:40:45,007 - cmt.websocket - INFO - disconnect:62 - WebSocket disconnected. Total: 5
2026-01-12 18:40:48,991 - cmt.websocket - INFO - connect:49 - WebSocket connected (user_id=None). Total: 6
2026-01-12 18:40:48,993 - cmt.websocket - INFO - websocket_devices:188 - WebSocket client disconnected normally
2026-01-12 18:40:48,995 - cmt.websocket - INFO - disconnect:62 - WebSocket disconnected. Total: 5
2026-01-12 18:40:52,990 - cmt.websocket - INFO - connect:49 - WebSocket connected (user_id=None). Total: 6
2026-01-12 18:40:52,992 - cmt.websocket - INFO - websocket_devices:188 - WebSocket client disconnected normally
2026-01-12 18:40:52,993 - cmt.websocket - INFO - disconnect:62 - WebSocket disconnected. Total: 5
2026-01-12 18:40:56,990 - cmt.websocket - INFO - connect:49 - WebSocket connected (user_id=None). Total: 6
2026-01-12 18:40:56,993 - cmt.websocket - INFO - websocket_devices:188 - WebSocket client disconnected normally
2026-01-12 18:40:56,993 - cmt.websocket - INFO - disconnect:62 - WebSocket disconnected. Total: 5
2026-01-12 18:41:00,994 - cmt.websocket - INFO - connect:49 - WebSocket connected (user_id=None). Total: 6
2026-01-12 18:41:00,997 - cmt.websocket - INFO - websocket_devices:188 - WebSocket client disconnected normally
2026-01-12 18:41:00,997 - cmt.websocket - INFO - disconnect:62 - WebSocket disconnected. Total: 5
2026-01-12 18:41:04,996 - cmt.websocket - INFO - connect:49 - WebSocket connected (user_id=None). Total: 6
2026-01-12 18:41:04,999 - cmt.websocket - INFO - websocket_devices:188 - WebSocket client disconnected normally
2026-01-12 18:41:05,000 - cmt.websocket - INFO - disconnect:62 - WebSocket disconnected. Total: 5
2026-01-12 18:41:08,992 - cmt.websocket - INFO - connect:49 - WebSocket connected (user_id=None). Total: 6
2026-01-12 18:41:08,993 - cmt.websocket - INFO - websocket_devices:188 - WebSocket client disconnected normally
2026-01-12 18:41:08,994 - cmt.websocket - INFO - disconnect:62 - WebSocket disconnected. Total: 5
2026-01-12 18:41:12,991 - cmt.websocket - INFO - connect:49 - WebSocket connected (user_id=None). Total: 6
2026-01-12 18:41:12,992 - cmt.websocket - INFO - websocket_devices:188 - WebSocket client disconnected normally
2026-01-12 18:41:12,993 - cmt.websocket - INFO - disconnect:62 - WebSocket disconnected. Total: 5
2026-01-12 18:41:17,001 - cmt.websocket - INFO - connect:49 - WebSocket connected (user_id=None). Total: 6
2026-01-12 18:41:17,006 - cmt.websocket - INFO - websocket_devices:188 - WebSocket client disconnected normally
2026-01-12 18:41:17,007 - cmt.websocket - INFO - disconnect:62 - WebSocket disconnected. Total: 5
2026-01-12 18:41:21,009 - cmt.websocket - INFO - connect:49 - WebSocket connected (user_id=None). Total: 6
2026-01-12 18:41:21,013 - cmt.websocket - INFO - websocket_devices:188 - WebSocket client disconnected normally
2026-01-12 18:41:21,013 - cmt.websocket - INFO - disconnect:62 - WebSocket disconnected. Total: 5
2026-01-12 18:41:24,996 - cmt.websocket - INFO - connect:49 - WebSocket connected (user_id=None). Total: 6
2026-01-12 18:41:25,001 - cmt.websocket - INFO - websocket_devices:188 - WebSocket client disconnected normally
2026-01-12 18:41:25,003 - cmt.websocket - INFO - disconnect:62 - WebSocket disconnected. Total: 5
2026-01-12 18:41:28,996 - cmt.websocket - INFO - connect:49 - WebSocket connected (user_id=None). Total: 6
2026-01-12 18:41:28,998 - cmt.websocket - INFO - websocket_devices:188 - WebSocket client disconnected normally
2026-01-12 18:41:28,999 - cmt.websocket - INFO - disconnect:62 - WebSocket disconnected. Total: 5
2026-01-12 18:41:32,991 - cmt.websocket - INFO - connect:49 - WebSocket connected (user_id=None). Total: 6
2026-01-12 18:41:32,992 - cmt.websocket - INFO - websocket_devices:188 - WebSocket client disconnected normally
2026-01-12 18:41:32,992 - cmt.websocket - INFO - disconnect:62 - WebSocket disconnected. Total: 5
2026-01-12 18:41:36,992 - cmt.websocket - INFO - connect:49 - WebSocket connected (user_id=None). Total: 6
2026-01-12 18:41:36,994 - cmt.websocket - INFO - websocket_devices:188 - WebSocket client disconnected normally
2026-01-12 18:41:36,995 - cmt.websocket - INFO - disconnect:62 - WebSocket disconnected. Total: 5
2026-01-12 18:41:40,996 - cmt.websocket - INFO - connect:49 - WebSocket connected (user_id=None). Total: 6
2026-01-12 18:41:40,999 - cmt.websocket - INFO - websocket_devices:188 - WebSocket client disconnected normally
2026-01-12 18:41:41,000 - cmt.websocket - INFO - disconnect:62 - WebSocket disconnected. Total: 5
2026-01-12 18:41:44,994 - cmt.websocket - INFO - connect:49 - WebSocket connected (user_id=None). Total: 6
2026-01-12 18:41:44,996 - cmt.websocket - INFO - websocket_devices:188 - WebSocket client disconnected normally
2026-01-12 18:41:44,997 - cmt.websocket - INFO - disconnect:62 - WebSocket disconnected. Total: 5
2026-01-12 18:41:48,992 - cmt.websocket - INFO - connect:49 - WebSocket connected (user_id=None). Total: 6
2026-01-12 18:41:48,992 - cmt.websocket - INFO - websocket_devices:188 - WebSocket client disconnected normally
2026-01-12 18:41:48,993 - cmt.websocket - INFO - disconnect:62 - WebSocket disconnected. Total: 5
2026-01-12 18:41:52,999 - cmt.websocket - INFO - connect:49 - WebSocket connected (user_id=None). Total: 6
2026-01-12 18:41:53,001 - cmt.websocket - INFO - websocket_devices:188 - WebSocket client disconnected normally
2026-01-12 18:41:53,001 - cmt.websocket - INFO - disconnect:62 - WebSocket disconnected. Total: 5
2026-01-12 18:41:57,009 - cmt.websocket - INFO - connect:49 - WebSocket connected (user_id=None). Total: 6
2026-01-12 18:41:57,013 - cmt.websocket - INFO - websocket_devices:188 - WebSocket client disconnected normally
2026-01-12 18:41:57,013 - cmt.websocket - INFO - disconnect:62 - WebSocket disconnected. Total: 5
2026-01-12 18:42:00,991 - cmt.websocket - INFO - connect:49 - WebSocket connected (user_id=None). Total: 6
2026-01-12 18:42:00,992 - cmt.websocket - INFO - websocket_devices:188 - WebSocket client disconnected normally
2026-01-12 18:42:00,993 - cmt.websocket - INFO - disconnect:62 - WebSocket disconnected. Total: 5
2026-01-12 18:42:04,994 - cmt.websocket - INFO - connect:49 - WebSocket connected (user_id=None). Total: 6
2026-01-12 18:42:05,004 - cmt.websocket - INFO - websocket_devices:188 - WebSocket client disconnected normally
2026-01-12 18:42:05,004 - cmt.websocket - INFO - disconnect:62 - WebSocket disconnected. Total: 5
2026-01-12 18:42:09,017 - cmt.websocket - INFO - connect:49 - WebSocket connected (user_id=None). Total: 6
2026-01-12 18:42:09,029 - cmt.websocket - INFO - websocket_devices:188 - WebSocket client disconnected normally
2026-01-12 18:42:09,030 - cmt.websocket - INFO - disconnect:62 - WebSocket disconnected. Total: 5
2026-01-12 18:42:12,995 - cmt.websocket - INFO - connect:49 - WebSocket connected (user_id=None). Total: 6
2026-01-12 18:42:12,999 - cmt.websocket - INFO - websocket_devices:188 - WebSocket client disconnected normally
2026-01-12 18:42:12,999 - cmt.websocket - INFO - disconnect:62 - WebSocket disconnected. Total: 5
2026-01-12 18:42:16,991 - cmt.websocket - INFO - websocket_devices:188 - WebSocket client disconnected normally
2026-01-12 18:42:16,993 - cmt.websocket - INFO - disconnect:62 - WebSocket disconnected. Total: 4
2026-01-12 18:42:17,004 - cmt.websocket - INFO - connect:49 - WebSocket connected (user_id=None). Total: 5
2026-01-12 18:42:20,993 - cmt.websocket - INFO - connect:49 - WebSocket connected (user_id=None). Total: 6
2026-01-12 18:42:20,995 - cmt.websocket - INFO - websocket_devices:188 - WebSocket client disconnected normally
2026-01-12 18:42:20,997 - cmt.websocket - INFO - disconnect:62 - WebSocket disconnected. Total: 5
2026-01-12 18:42:24,993 - cmt.websocket - INFO - connect:49 - WebSocket connected (user_id=None). Total: 6
2026-01-12 18:42:24,996 - cmt.websocket - INFO - websocket_devices:188 - WebSocket client disconnected normally
2026-01-12 18:42:24,997 - cmt.websocket - INFO - disconnect:62 - WebSocket disconnected. Total: 5
2026-01-12 18:42:28,991 - cmt.websocket - INFO - connect:49 - WebSocket connected (user_id=None). Total: 6
2026-01-12 18:42:28,992 - cmt.websocket - INFO - websocket_devices:188 - WebSocket client disconnected normally
2026-01-12 18:42:28,993 - cmt.websocket - INFO - disconnect:62 - WebSocket disconnected. Total: 5
2026-01-12 18:42:32,990 - cmt.websocket - INFO - connect:49 - WebSocket connected (user_id=None). Total: 6
2026-01-12 18:42:32,993 - cmt.websocket - INFO - websocket_devices:188 - WebSocket client disconnected normally
2026-01-12 18:42:32,993 - cmt.websocket - INFO - disconnect:62 - WebSocket disconnected. Total: 5
2026-01-12 18:42:36,991 - cmt.websocket - INFO - connect:49 - WebSocket connected (user_id=None). Total: 6
2026-01-12 18:42:36,993 - cmt.websocket - INFO - websocket_devices:188 - WebSocket client disconnected normally
2026-01-12 18:42:36,994 - cmt.websocket - INFO - disconnect:62 - WebSocket disconnected. Total: 5
2026-01-12 18:42:40,991 - cmt.websocket - INFO - connect:49 - WebSocket connected (user_id=None). Total: 6
2026-01-12 18:42:40,993 - cmt.websocket - INFO - websocket_devices:188 - WebSocket client disconnected normally
2026-01-12 18:42:40,993 - cmt.websocket - INFO - disconnect:62 - WebSocket disconnected. Total: 5
2026-01-12 18:42:44,993 - cmt.websocket - INFO - connect:49 - WebSocket connected (user_id=None). Total: 6
2026-01-12 18:42:44,996 - cmt.websocket - INFO - websocket_devices:188 - WebSocket client disconnected normally
2026-01-12 18:42:44,997 - cmt.websocket - INFO - disconnect:62 - WebSocket disconnected. Total: 5
2026-01-12 18:42:48,992 - cmt.websocket - INFO - connect:49 - WebSocket connected (user_id=None). Total: 6
2026-01-12 18:42:48,992 - cmt.websocket - INFO - websocket_devices:188 - WebSocket client disconnected normally
2026-01-12 18:42:48,993 - cmt.websocket - INFO - disconnect:62 - WebSocket disconnected. Total: 5
2026-01-12 18:42:52,994 - cmt.websocket - INFO - connect:49 - WebSocket connected (user_id=None). Total: 6
2026-01-12 18:42:52,997 - cmt.websocket - INFO - websocket_devices:188 - WebSocket client disconnected normally
2026-01-12 18:42:52,997 - cmt.websocket - INFO - disconnect:62 - WebSocket disconnected. Total: 5
2026-01-12 18:42:56,992 - cmt.websocket - INFO - connect:49 - WebSocket connected (user_id=None). Total: 6
2026-01-12 18:42:56,994 - cmt.websocket - INFO - websocket_devices:188 - WebSocket client disconnected normally
2026-01-12 18:42:56,995 - cmt.websocket - INFO - disconnect:62 - WebSocket disconnected. Total: 5
2026-01-12 18:43:00,997 - cmt.websocket - INFO - connect:49 - WebSocket connected (user_id=None). Total: 6
2026-01-12 18:43:01,000 - cmt.websocket - INFO - websocket_devices:188 - WebSocket client disconnected normally
2026-01-12 18:43:01,002 - cmt.websocket - INFO - disconnect:62 - WebSocket disconnected. Total: 5
2026-01-12 18:43:04,991 - cmt.websocket - INFO - connect:49 - WebSocket connected (user_id=None). Total: 6
2026-01-12 18:43:04,993 - cmt.websocket - INFO - websocket_devices:188 - WebSocket client disconnected normally
2026-01-12 18:43:04,993 - cmt.websocket - INFO - disconnect:62 - WebSocket disconnected. Total: 5
2026-01-12 18:43:09,002 - cmt.websocket - INFO - connect:49 - WebSocket connected (user_id=None). Total: 6
2026-01-12 18:43:09,004 - cmt.websocket - INFO - websocket_devices:188 - WebSocket client disconnected normally
2026-01-12 18:43:09,005 - cmt.websocket - INFO - disconnect:62 - WebSocket disconnected. Total: 5
2026-01-12 18:43:12,991 - cmt.websocket - INFO - connect:49 - WebSocket connected (user_id=None). Total: 6
2026-01-12 18:43:12,992 - cmt.websocket - INFO - websocket_devices:188 - WebSocket client disconnected normally
2026-01-12 18:43:12,993 - cmt.websocket - INFO - disconnect:62 - WebSocket disconnected. Total: 5
2026-01-12 18:43:16,998 - cmt.websocket - INFO - connect:49 - WebSocket connected (user_id=None). Total: 6
2026-01-12 18:43:17,014 - cmt.websocket - INFO - websocket_devices:188 - WebSocket client disconnected normally
2026-01-12 18:43:17,015 - cmt.websocket - INFO - disconnect:62 - WebSocket disconnected. Total: 5
2026-01-12 18:43:20,990 - cmt.websocket - INFO - connect:49 - WebSocket connected (user_id=None). Total: 6
2026-01-12 18:43:20,991 - cmt.websocket - INFO - websocket_devices:188 - WebSocket client disconnected normally
2026-01-12 18:43:20,992 - cmt.websocket - INFO - disconnect:62 - WebSocket disconnected. Total: 5
2026-01-12 18:43:24,991 - cmt.websocket - INFO - connect:49 - WebSocket connected (user_id=None). Total: 6
2026-01-12 18:43:24,994 - cmt.websocket - INFO - websocket_devices:188 - WebSocket client disconnected normally
2026-01-12 18:43:24,995 - cmt.websocket - INFO - disconnect:62 - WebSocket disconnected. Total: 5
2026-01-12 18:43:28,990 - cmt.websocket - INFO - websocket_devices:188 - WebSocket client disconnected normally
2026-01-12 18:43:28,990 - cmt.websocket - INFO - disconnect:62 - WebSocket disconnected. Total: 4
2026-01-12 18:43:28,993 - cmt.websocket - INFO - connect:49 - WebSocket connected (user_id=None). Total: 5
2026-01-12 18:43:32,991 - cmt.websocket - INFO - connect:49 - WebSocket connected (user_id=None). Total: 6
2026-01-12 18:43:32,993 - cmt.websocket - INFO - websocket_devices:188 - WebSocket client disconnected normally
2026-01-12 18:43:32,994 - cmt.websocket - INFO - disconnect:62 - WebSocket disconnected. Total: 5
2026-01-12 18:43:37,001 - cmt.websocket - INFO - connect:49 - WebSocket connected (user_id=None). Total: 6
2026-01-12 18:43:37,006 - cmt.websocket - INFO - websocket_devices:188 - WebSocket client disconnected normally
2026-01-12 18:43:37,006 - cmt.websocket - INFO - disconnect:62 - WebSocket disconnected. Total: 5
2026-01-12 18:43:40,993 - cmt.websocket - INFO - connect:49 - WebSocket connected (user_id=None). Total: 6
2026-01-12 18:43:40,996 - cmt.websocket - INFO - websocket_devices:188 - WebSocket client disconnected normally
2026-01-12 18:43:40,997 - cmt.websocket - INFO - disconnect:62 - WebSocket disconnected. Total: 5
2026-01-12 18:43:44,997 - cmt.websocket - INFO - connect:49 - WebSocket connected (user_id=None). Total: 6
2026-01-12 18:43:45,000 - cmt.websocket - INFO - websocket_devices:188 - WebSocket client disconnected normally
2026-01-12 18:43:45,001 - cmt.websocket - INFO - disconnect:62 - WebSocket disconnected. Total: 5
2026-01-12 18:43:48,994 - cmt.websocket - INFO - connect:49 - WebSocket connected (user_id=None). Total: 6
2026-01-12 18:43:48,998 - cmt.websocket - INFO - websocket_devices:188 - WebSocket client disconnected normally
2026-01-12 18:43:48,998 - cmt.websocket - INFO - disconnect:62 - WebSocket disconnected. Total: 5
2026-01-12 18:43:52,992 - cmt.websocket - INFO - websocket_devices:188 - WebSocket client disconnected normally
2026-01-12 18:43:52,995 - cmt.websocket - INFO - disconnect:62 - WebSocket disconnected. Total: 4
2026-01-12 18:43:52,996 - cmt.websocket - INFO - connect:49 - WebSocket connected (user_id=None). Total: 5
2026-01-12 18:43:56,989 - cmt.websocket - INFO - websocket_devices:188 - WebSocket client disconnected normally
2026-01-12 18:43:56,990 - cmt.websocket - INFO - disconnect:62 - WebSocket disconnected. Total: 4
2026-01-12 18:43:56,991 - cmt.websocket - INFO - connect:49 - WebSocket connected (user_id=None). Total: 5
2026-01-12 18:44:00,994 - cmt.websocket - INFO - connect:49 - WebSocket connected (user_id=None). Total: 6
2026-01-12 18:44:00,998 - cmt.websocket - INFO - websocket_devices:188 - WebSocket client disconnected normally
2026-01-12 18:44:00,999 - cmt.websocket - INFO - disconnect:62 - WebSocket disconnected. Total: 5
2026-01-12 18:44:04,996 - cmt.websocket - INFO - connect:49 - WebSocket connected (user_id=None). Total: 6
2026-01-12 18:44:04,998 - cmt.websocket - INFO - websocket_devices:188 - WebSocket client disconnected normally
2026-01-12 18:44:04,999 - cmt.websocket - INFO - disconnect:62 - WebSocket disconnected. Total: 5
2026-01-12 18:44:08,995 - cmt.websocket - INFO - connect:49 - WebSocket connected (user_id=None). Total: 6
2026-01-12 18:44:08,998 - cmt.websocket - INFO - websocket_devices:188 - WebSocket client disconnected normally
2026-01-12 18:44:08,999 - cmt.websocket - INFO - disconnect:62 - WebSocket disconnected. Total: 5
2026-01-12 18:44:12,992 - cmt.websocket - INFO - connect:49 - WebSocket connected (user_id=None). Total: 6
2026-01-12 18:44:12,994 - cmt.websocket - INFO - websocket_devices:188 - WebSocket client disconnected normally
2026-01-12 18:44:12,994 - cmt.websocket - INFO - disconnect:62 - WebSocket disconnected. Total: 5
2026-01-12 18:44:17,008 - cmt.websocket - INFO - connect:49 - WebSocket connected (user_id=None). Total: 6
2026-01-12 18:44:17,026 - cmt.websocket - INFO - websocket_devices:188 - WebSocket client disconnected normally
2026-01-12 18:44:17,028 - cmt.websocket - INFO - disconnect:62 - WebSocket disconnected. Total: 5
2026-01-12 18:44:20,989 - cmt.websocket - INFO - websocket_devices:188 - WebSocket client disconnected normally
2026-01-12 18:44:20,990 - cmt.websocket - INFO - disconnect:62 - WebSocket disconnected. Total: 4
2026-01-12 18:44:20,991 - cmt.websocket - INFO - connect:49 - WebSocket connected (user_id=None). Total: 5
2026-01-12 18:44:24,996 - cmt.websocket - INFO - connect:49 - WebSocket connected (user_id=None). Total: 6
2026-01-12 18:44:24,997 - cmt.websocket - INFO - websocket_devices:188 - WebSocket client disconnected normally
2026-01-12 18:44:24,998 - cmt.websocket - INFO - disconnect:62 - WebSocket disconnected. Total: 5
2026-01-12 18:44:28,993 - cmt.websocket - INFO - connect:49 - WebSocket connected (user_id=None). Total: 6
2026-01-12 18:44:28,995 - cmt.websocket - INFO - websocket_devices:188 - WebSocket client disconnected normally
2026-01-12 18:44:28,996 - cmt.websocket - INFO - disconnect:62 - WebSocket disconnected. Total: 5
2026-01-12 18:44:32,994 - cmt.websocket - INFO - connect:49 - WebSocket connected (user_id=None). Total: 6
2026-01-12 18:44:32,996 - cmt.websocket - INFO - websocket_devices:188 - WebSocket client disconnected normally
2026-01-12 18:44:32,997 - cmt.websocket - INFO - disconnect:62 - WebSocket disconnected. Total: 5
2026-01-12 18:44:36,991 - cmt.websocket - INFO - connect:49 - WebSocket connected (user_id=None). Total: 6
2026-01-12 18:44:36,993 - cmt.websocket - INFO - websocket_devices:188 - WebSocket client disconnected normally
2026-01-12 18:44:36,993 - cmt.websocket - INFO - disconnect:62 - WebSocket disconnected. Total: 5
2026-01-12 18:44:40,992 - cmt.websocket - INFO - connect:49 - WebSocket connected (user_id=None). Total: 6
2026-01-12 18:44:40,994 - cmt.websocket - INFO - websocket_devices:188 - WebSocket client disconnected normally
2026-01-12 18:44:40,995 - cmt.websocket - INFO - disconnect:62 - WebSocket disconnected. Total: 5
2026-01-12 18:44:44,991 - cmt.websocket - INFO - connect:49 - WebSocket connected (user_id=None). Total: 6
2026-01-12 18:44:44,992 - cmt.websocket - INFO - websocket_devices:188 - WebSocket client disconnected normally
2026-01-12 18:44:44,993 - cmt.websocket - INFO - disconnect:62 - WebSocket disconnected. Total: 5
2026-01-12 18:44:48,992 - cmt.websocket - INFO - websocket_devices:188 - WebSocket client disconnected normally
2026-01-12 18:44:48,993 - cmt.websocket - INFO - disconnect:62 - WebSocket disconnected. Total: 4
2026-01-12 18:44:48,995 - cmt.websocket - INFO - connect:49 - WebSocket connected (user_id=None). Total: 5
2026-01-12 18:44:52,997 - cmt.websocket - INFO - connect:49 - WebSocket connected (user_id=None). Total: 6
2026-01-12 18:44:53,000 - cmt.websocket - INFO - websocket_devices:188 - WebSocket client disconnected normally
2026-01-12 18:44:53,006 - cmt.websocket - INFO - disconnect:62 - WebSocket disconnected. Total: 5
2026-01-12 18:44:57,016 - cmt.websocket - INFO - connect:49 - WebSocket connected (user_id=None). Total: 6
2026-01-12 18:44:57,025 - cmt.websocket - INFO - websocket_devices:188 - WebSocket client disconnected normally
2026-01-12 18:44:57,025 - cmt.websocket - INFO - disconnect:62 - WebSocket disconnected. Total: 5
2026-01-12 18:45:00,999 - cmt.websocket - INFO - connect:49 - WebSocket connected (user_id=None). Total: 6
2026-01-12 18:45:01,002 - cmt.websocket - INFO - websocket_devices:188 - WebSocket client disconnected normally
2026-01-12 18:45:01,003 - cmt.websocket - INFO - disconnect:62 - WebSocket disconnected. Total: 5
2026-01-12 18:45:04,994 - cmt.websocket - INFO - connect:49 - WebSocket connected (user_id=None). Total: 6
2026-01-12 18:45:04,995 - cmt.websocket - INFO - websocket_devices:188 - WebSocket client disconnected normally
2026-01-12 18:45:04,995 - cmt.websocket - INFO - disconnect:62 - WebSocket disconnected. Total: 5
2026-01-12 18:45:08,997 - cmt.websocket - INFO - connect:49 - WebSocket connected (user_id=None). Total: 6
2026-01-12 18:45:09,001 - cmt.websocket - INFO - websocket_devices:188 - WebSocket client disconnected normally
2026-01-12 18:45:09,002 - cmt.websocket - INFO - disconnect:62 - WebSocket disconnected. Total: 5
2026-01-12 18:45:12,995 - cmt.websocket - INFO - connect:49 - WebSocket connected (user_id=None). Total: 6
2026-01-12 18:45:12,997 - cmt.websocket - INFO - websocket_devices:188 - WebSocket client disconnected normally
2026-01-12 18:45:12,998 - cmt.websocket - INFO - disconnect:62 - WebSocket disconnected. Total: 5
2026-01-12 18:45:17,003 - cmt.websocket - INFO - connect:49 - WebSocket connected (user_id=None). Total: 6
2026-01-12 18:45:17,009 - cmt.websocket - INFO - websocket_devices:188 - WebSocket client disconnected normally
2026-01-12 18:45:17,010 - cmt.websocket - INFO - disconnect:62 - WebSocket disconnected. Total: 5
2026-01-12 18:45:20,992 - cmt.websocket - INFO - connect:49 - WebSocket connected (user_id=None). Total: 6
2026-01-12 18:45:20,995 - cmt.websocket - INFO - websocket_devices:188 - WebSocket client disconnected normally
2026-01-12 18:45:20,996 - cmt.websocket - INFO - disconnect:62 - WebSocket disconnected. Total: 5
2026-01-12 18:45:24,995 - cmt.websocket - INFO - connect:49 - WebSocket connected (user_id=None). Total: 6
2026-01-12 18:45:24,997 - cmt.websocket - INFO - websocket_devices:188 - WebSocket client disconnected normally
2026-01-12 18:45:24,998 - cmt.websocket - INFO - disconnect:62 - WebSocket disconnected. Total: 5
2026-01-12 18:45:28,999 - cmt.websocket - INFO - connect:49 - WebSocket connected (user_id=None). Total: 6
2026-01-12 18:45:29,001 - cmt.websocket - INFO - websocket_devices:188 - WebSocket client disconnected normally
2026-01-12 18:45:29,005 - cmt.websocket - INFO - disconnect:62 - WebSocket disconnected. Total: 5
2026-01-12 18:45:32,992 - cmt.websocket - INFO - connect:49 - WebSocket connected (user_id=None). Total: 6
2026-01-12 18:45:32,994 - cmt.websocket - INFO - websocket_devices:188 - WebSocket client disconnected normally
2026-01-12 18:45:32,994 - cmt.websocket - INFO - disconnect:62 - WebSocket disconnected. Total: 5
2026-01-12 18:45:36,993 - cmt.websocket - INFO - connect:49 - WebSocket connected (user_id=None). Total: 6
2026-01-12 18:45:36,995 - cmt.websocket - INFO - websocket_devices:188 - WebSocket client disconnected normally
2026-01-12 18:45:36,996 - cmt.websocket - INFO - disconnect:62 - WebSocket disconnected. Total: 5
2026-01-12 18:45:40,995 - cmt.websocket - INFO - connect:49 - WebSocket connected (user_id=None). Total: 6
2026-01-12 18:45:40,995 - cmt.websocket - INFO - websocket_devices:188 - WebSocket client disconnected normally
2026-01-12 18:45:40,996 - cmt.websocket - INFO - disconnect:62 - WebSocket disconnected. Total: 5
2026-01-12 18:45:44,995 - cmt.websocket - INFO - connect:49 - WebSocket connected (user_id=None). Total: 6
2026-01-12 18:45:44,998 - cmt.websocket - INFO - websocket_devices:188 - WebSocket client disconnected normally
2026-01-12 18:45:44,998 - cmt.websocket - INFO - disconnect:62 - WebSocket disconnected. Total: 5
2026-01-12 18:45:48,990 - cmt.websocket - INFO - connect:49 - WebSocket connected (user_id=None). Total: 6
2026-01-12 18:45:48,991 - cmt.websocket - INFO - websocket_devices:188 - WebSocket client disconnected normally
2026-01-12 18:45:48,992 - cmt.websocket - INFO - disconnect:62 - WebSocket disconnected. Total: 5
2026-01-12 18:45:52,994 - cmt.websocket - INFO - connect:49 - WebSocket connected (user_id=None). Total: 6
2026-01-12 18:45:52,994 - cmt.websocket - INFO - websocket_devices:188 - WebSocket client disconnected normally
2026-01-12 18:45:52,995 - cmt.websocket - INFO - disconnect:62 - WebSocket disconnected. Total: 5
2026-01-12 18:45:57,000 - cmt.websocket - INFO - connect:49 - WebSocket connected (user_id=None). Total: 6
2026-01-12 18:45:57,005 - cmt.websocket - INFO - websocket_devices:188 - WebSocket client disconnected normally
2026-01-12 18:45:57,005 - cmt.websocket - INFO - disconnect:62 - WebSocket disconnected. Total: 5
2026-01-12 18:46:00,994 - cmt.websocket - INFO - connect:49 - WebSocket connected (user_id=None). Total: 6
2026-01-12 18:46:00,995 - cmt.websocket - INFO - websocket_devices:188 - WebSocket client disconnected normally
2026-01-12 18:46:00,995 - cmt.websocket - INFO - disconnect:62 - WebSocket disconnected. Total: 5
2026-01-12 18:46:04,992 - cmt.websocket - INFO - websocket_devices:188 - WebSocket client disconnected normally
2026-01-12 18:46:04,993 - cmt.websocket - INFO - disconnect:62 - WebSocket disconnected. Total: 4
2026-01-12 18:46:04,993 - cmt.websocket - INFO - connect:49 - WebSocket connected (user_id=None). Total: 5
2026-01-12 18:46:08,993 - cmt.websocket - INFO - connect:49 - WebSocket connected (user_id=None). Total: 6
2026-01-12 18:46:08,995 - cmt.websocket - INFO - websocket_devices:188 - WebSocket client disconnected normally
2026-01-12 18:46:08,997 - cmt.websocket - INFO - disconnect:62 - WebSocket disconnected. Total: 5
2026-01-12 18:46:12,992 - cmt.websocket - INFO - websocket_devices:188 - WebSocket client disconnected normally
2026-01-12 18:46:12,992 - cmt.websocket - INFO - disconnect:62 - WebSocket disconnected. Total: 4
2026-01-12 18:46:12,994 - cmt.websocket - INFO - connect:49 - WebSocket connected (user_id=None). Total: 5
2026-01-12 18:46:16,994 - cmt.websocket - INFO - websocket_devices:188 - WebSocket client disconnected normally
2026-01-12 18:46:16,995 - cmt.websocket - INFO - disconnect:62 - WebSocket disconnected. Total: 4
2026-01-12 18:46:16,996 - cmt.websocket - INFO - connect:49 - WebSocket connected (user_id=None). Total: 5
2026-01-12 18:46:21,000 - cmt.websocket - INFO - connect:49 - WebSocket connected (user_id=None). Total: 6
2026-01-12 18:46:21,004 - cmt.websocket - INFO - websocket_devices:188 - WebSocket client disconnected normally
2026-01-12 18:46:21,005 - cmt.websocket - INFO - disconnect:62 - WebSocket disconnected. Total: 5
2026-01-12 18:46:24,994 - cmt.websocket - INFO - connect:49 - WebSocket connected (user_id=None). Total: 6
2026-01-12 18:46:24,995 - cmt.websocket - INFO - websocket_devices:188 - WebSocket client disconnected normally
2026-01-12 18:46:24,996 - cmt.websocket - INFO - disconnect:62 - WebSocket disconnected. Total: 5
2026-01-12 18:46:28,993 - cmt.websocket - INFO - connect:49 - WebSocket connected (user_id=None). Total: 6
2026-01-12 18:46:28,994 - cmt.websocket - INFO - websocket_devices:188 - WebSocket client disconnected normally
2026-01-12 18:46:28,995 - cmt.websocket - INFO - disconnect:62 - WebSocket disconnected. Total: 5
2026-01-12 18:46:32,995 - cmt.websocket - INFO - connect:49 - WebSocket connected (user_id=None). Total: 6
2026-01-12 18:46:32,997 - cmt.websocket - INFO - websocket_devices:188 - WebSocket client disconnected normally
2026-01-12 18:46:33,000 - cmt.websocket - INFO - disconnect:62 - WebSocket disconnected. Total: 5
2026-01-12 18:46:37,000 - cmt.websocket - INFO - connect:49 - WebSocket connected (user_id=None). Total: 6
2026-01-12 18:46:37,006 - cmt.websocket - INFO - websocket_devices:188 - WebSocket client disconnected normally
2026-01-12 18:46:37,007 - cmt.websocket - INFO - disconnect:62 - WebSocket disconnected. Total: 5
2026-01-12 18:46:40,997 - cmt.websocket - INFO - connect:49 - WebSocket connected (user_id=None). Total: 6
2026-01-12 18:46:40,999 - cmt.websocket - INFO - websocket_devices:188 - WebSocket client disconnected normally
2026-01-12 18:46:40,999 - cmt.websocket - INFO - disconnect:62 - WebSocket disconnected. Total: 5
2026-01-12 18:46:44,993 - cmt.websocket - INFO - connect:49 - WebSocket connected (user_id=None). Total: 6
2026-01-12 18:46:44,995 - cmt.websocket - INFO - websocket_devices:188 - WebSocket client disconnected normally
2026-01-12 18:46:44,995 - cmt.websocket - INFO - disconnect:62 - WebSocket disconnected. Total: 5
2026-01-12 18:46:48,995 - cmt.websocket - INFO - connect:49 - WebSocket connected (user_id=None). Total: 6
2026-01-12 18:46:48,995 - cmt.websocket - INFO - websocket_devices:188 - WebSocket client disconnected normally
2026-01-12 18:46:48,996 - cmt.websocket - INFO - disconnect:62 - WebSocket disconnected. Total: 5
2026-01-12 18:46:52,995 - cmt.websocket - INFO - connect:49 - WebSocket connected (user_id=None). Total: 6
2026-01-12 18:46:52,998 - cmt.websocket - INFO - websocket_devices:188 - WebSocket client disconnected normally
2026-01-12 18:46:53,000 - cmt.websocket - INFO - disconnect:62 - WebSocket disconnected. Total: 5
2026-01-12 18:46:56,999 - cmt.websocket - INFO - connect:49 - WebSocket connected (user_id=None). Total: 6
2026-01-12 18:46:57,003 - cmt.websocket - INFO - websocket_devices:188 - WebSocket client disconnected normally
2026-01-12 18:46:57,004 - cmt.websocket - INFO - disconnect:62 - WebSocket disconnected. Total: 5
2026-01-12 18:47:01,019 - cmt.websocket - INFO - connect:49 - WebSocket connected (user_id=None). Total: 6
2026-01-12 18:47:01,026 - cmt.websocket - INFO - websocket_devices:188 - WebSocket client disconnected normally
2026-01-12 18:47:01,027 - cmt.websocket - INFO - disconnect:62 - WebSocket disconnected. Total: 5
2026-01-12 18:47:04,999 - cmt.websocket - INFO - connect:49 - WebSocket connected (user_id=None). Total: 6
2026-01-12 18:47:05,003 - cmt.websocket - INFO - websocket_devices:188 - WebSocket client disconnected normally
2026-01-12 18:47:05,005 - cmt.websocket - INFO - disconnect:62 - WebSocket disconnected. Total: 5
2026-01-12 18:47:08,995 - cmt.websocket - INFO - connect:49 - WebSocket connected (user_id=None). Total: 6
2026-01-12 18:47:08,996 - cmt.websocket - INFO - websocket_devices:188 - WebSocket client disconnected normally
2026-01-12 18:47:08,996 - cmt.websocket - INFO - disconnect:62 - WebSocket disconnected. Total: 5
2026-01-12 18:47:12,994 - cmt.websocket - INFO - websocket_devices:188 - WebSocket client disconnected normally
2026-01-12 18:47:12,995 - cmt.websocket - INFO - disconnect:62 - WebSocket disconnected. Total: 4
2026-01-12 18:47:12,997 - cmt.websocket - INFO - connect:49 - WebSocket connected (user_id=None). Total: 5
2026-01-12 18:47:17,000 - cmt.websocket - INFO - connect:49 - WebSocket connected (user_id=None). Total: 6
2026-01-12 18:47:17,003 - cmt.websocket - INFO - websocket_devices:188 - WebSocket client disconnected normally
2026-01-12 18:47:17,003 - cmt.websocket - INFO - disconnect:62 - WebSocket disconnected. Total: 5
2026-01-12 18:47:20,993 - cmt.websocket - INFO - websocket_devices:188 - WebSocket client disconnected normally
2026-01-12 18:47:20,994 - cmt.websocket - INFO - disconnect:62 - WebSocket disconnected. Total: 4
2026-01-12 18:47:21,006 - cmt.websocket - INFO - connect:49 - WebSocket connected (user_id=None). Total: 5
2026-01-12 18:47:24,996 - cmt.websocket - INFO - connect:49 - WebSocket connected (user_id=None). Total: 6
2026-01-12 18:47:24,997 - cmt.websocket - INFO - websocket_devices:188 - WebSocket client disconnected normally
2026-01-12 18:47:24,997 - cmt.websocket - INFO - disconnect:62 - WebSocket disconnected. Total: 5
2026-01-12 18:47:28,993 - cmt.websocket - INFO - connect:49 - WebSocket connected (user_id=None). Total: 6
2026-01-12 18:47:28,994 - cmt.websocket - INFO - websocket_devices:188 - WebSocket client disconnected normally
2026-01-12 18:47:28,995 - cmt.websocket - INFO - disconnect:62 - WebSocket disconnected. Total: 5
2026-01-12 18:47:32,993 - cmt.websocket - INFO - connect:49 - WebSocket connected (user_id=None). Total: 6
2026-01-12 18:47:32,995 - cmt.websocket - INFO - websocket_devices:188 - WebSocket client disconnected normally
2026-01-12 18:47:32,995 - cmt.websocket - INFO - disconnect:62 - WebSocket disconnected. Total: 5
2026-01-12 18:47:36,996 - cmt.websocket - INFO - connect:49 - WebSocket connected (user_id=None). Total: 6
2026-01-12 18:47:36,998 - cmt.websocket - INFO - websocket_devices:188 - WebSocket client disconnected normally
2026-01-12 18:47:36,998 - cmt.websocket - INFO - disconnect:62 - WebSocket disconnected. Total: 5
2026-01-12 18:47:40,992 - cmt.websocket - INFO - connect:49 - WebSocket connected (user_id=None). Total: 6
2026-01-12 18:47:40,994 - cmt.websocket - INFO - websocket_devices:188 - WebSocket client disconnected normally
2026-01-12 18:47:40,994 - cmt.websocket - INFO - disconnect:62 - WebSocket disconnected. Total: 5
2026-01-12 18:47:44,993 - cmt.websocket - INFO - connect:49 - WebSocket connected (user_id=None). Total: 6
2026-01-12 18:47:44,995 - cmt.websocket - INFO - websocket_devices:188 - WebSocket client disconnected normally
2026-01-12 18:47:44,995 - cmt.websocket - INFO - disconnect:62 - WebSocket disconnected. Total: 5
2026-01-12 18:47:48,994 - cmt.websocket - INFO - connect:49 - WebSocket connected (user_id=None). Total: 6
2026-01-12 18:47:48,995 - cmt.websocket - INFO - websocket_devices:188 - WebSocket client disconnected normally
2026-01-12 18:47:48,995 - cmt.websocket - INFO - disconnect:62 - WebSocket disconnected. Total: 5
2026-01-12 18:47:52,994 - cmt.websocket - INFO - connect:49 - WebSocket connected (user_id=None). Total: 6
2026-01-12 18:47:52,995 - cmt.websocket - INFO - websocket_devices:188 - WebSocket client disconnected normally
2026-01-12 18:47:52,995 - cmt.websocket - INFO - disconnect:62 - WebSocket disconnected. Total: 5
2026-01-12 18:47:56,997 - cmt.websocket - INFO - connect:49 - WebSocket connected (user_id=None). Total: 6
2026-01-12 18:47:56,998 - cmt.websocket - INFO - websocket_devices:188 - WebSocket client disconnected normally
2026-01-12 18:47:56,999 - cmt.websocket - INFO - disconnect:62 - WebSocket disconnected. Total: 5
2026-01-12 18:48:01,002 - cmt.websocket - INFO - connect:49 - WebSocket connected (user_id=None). Total: 6
2026-01-12 18:48:01,006 - cmt.websocket - INFO - websocket_devices:188 - WebSocket client disconnected normally
2026-01-12 18:48:01,007 - cmt.websocket - INFO - disconnect:62 - WebSocket disconnected. Total: 5
2026-01-12 18:48:04,996 - cmt.websocket - INFO - connect:49 - WebSocket connected (user_id=None). Total: 6
2026-01-12 18:48:05,001 - cmt.websocket - INFO - websocket_devices:188 - WebSocket client disconnected normally
2026-01-12 18:48:05,003 - cmt.websocket - INFO - disconnect:62 - WebSocket disconnected. Total: 5
2026-01-12 18:48:08,994 - cmt.websocket - INFO - connect:49 - WebSocket connected (user_id=None). Total: 6
2026-01-12 18:48:08,996 - cmt.websocket - INFO - websocket_devices:188 - WebSocket client disconnected normally
2026-01-12 18:48:08,997 - cmt.websocket - INFO - disconnect:62 - WebSocket disconnected. Total: 5
2026-01-12 18:48:12,993 - cmt.websocket - INFO - websocket_devices:188 - WebSocket client disconnected normally
2026-01-12 18:48:12,993 - cmt.websocket - INFO - disconnect:62 - WebSocket disconnected. Total: 4
2026-01-12 18:48:12,994 - cmt.websocket - INFO - connect:49 - WebSocket connected (user_id=None). Total: 5
2026-01-12 18:48:17,014 - cmt.websocket - INFO - connect:49 - WebSocket connected (user_id=None). Total: 6
2026-01-12 18:48:17,018 - cmt.websocket - INFO - websocket_devices:188 - WebSocket client disconnected normally
2026-01-12 18:48:17,019 - cmt.websocket - INFO - disconnect:62 - WebSocket disconnected. Total: 5
2026-01-12 18:48:21,005 - cmt.websocket - INFO - connect:49 - WebSocket connected (user_id=None). Total: 6
2026-01-12 18:48:21,007 - cmt.websocket - INFO - websocket_devices:188 - WebSocket client disconnected normally
2026-01-12 18:48:21,009 - cmt.websocket - INFO - disconnect:62 - WebSocket disconnected. Total: 5
2026-01-12 18:48:24,995 - cmt.websocket - INFO - connect:49 - WebSocket connected (user_id=None). Total: 6
2026-01-12 18:48:24,998 - cmt.websocket - INFO - websocket_devices:188 - WebSocket client disconnected normally
2026-01-12 18:48:24,999 - cmt.websocket - INFO - disconnect:62 - WebSocket disconnected. Total: 5
2026-01-12 18:48:29,000 - cmt.websocket - INFO - connect:49 - WebSocket connected (user_id=None). Total: 6
2026-01-12 18:48:29,002 - cmt.websocket - INFO - websocket_devices:188 - WebSocket client disconnected normally
2026-01-12 18:48:29,003 - cmt.websocket - INFO - disconnect:62 - WebSocket disconnected. Total: 5
2026-01-12 18:48:32,995 - cmt.websocket - INFO - connect:49 - WebSocket connected (user_id=None). Total: 6
2026-01-12 18:48:32,996 - cmt.websocket - INFO - websocket_devices:188 - WebSocket client disconnected normally
2026-01-12 18:48:32,997 - cmt.websocket - INFO - disconnect:62 - WebSocket disconnected. Total: 5
2026-01-12 18:48:37,014 - cmt.websocket - INFO - connect:49 - WebSocket connected (user_id=None). Total: 6
2026-01-12 18:48:37,017 - cmt.websocket - INFO - websocket_devices:188 - WebSocket client disconnected normally
2026-01-12 18:48:37,017 - cmt.websocket - INFO - disconnect:62 - WebSocket disconnected. Total: 5
2026-01-12 18:48:40,994 - cmt.websocket - INFO - connect:49 - WebSocket connected (user_id=None). Total: 6
2026-01-12 18:48:40,996 - cmt.websocket - INFO - websocket_devices:188 - WebSocket client disconnected normally
2026-01-12 18:48:40,997 - cmt.websocket - INFO - disconnect:62 - WebSocket disconnected. Total: 5
2026-01-12 18:48:45,004 - cmt.websocket - INFO - connect:49 - WebSocket connected (user_id=None). Total: 6
2026-01-12 18:48:45,010 - cmt.websocket - INFO - websocket_devices:188 - WebSocket client disconnected normally
2026-01-12 18:48:45,011 - cmt.websocket - INFO - disconnect:62 - WebSocket disconnected. Total: 5
2026-01-12 18:48:48,996 - cmt.websocket - INFO - connect:49 - WebSocket connected (user_id=None). Total: 6
2026-01-12 18:48:48,997 - cmt.websocket - INFO - websocket_devices:188 - WebSocket client disconnected normally
2026-01-12 18:48:48,997 - cmt.websocket - INFO - disconnect:62 - WebSocket disconnected. Total: 5
2026-01-12 18:48:52,995 - cmt.websocket - INFO - connect:49 - WebSocket connected (user_id=None). Total: 6
2026-01-12 18:48:52,996 - cmt.websocket - INFO - websocket_devices:188 - WebSocket client disconnected normally
2026-01-12 18:48:52,997 - cmt.websocket - INFO - disconnect:62 - WebSocket disconnected. Total: 5
2026-01-12 18:48:57,021 - cmt.websocket - INFO - connect:49 - WebSocket connected (user_id=None). Total: 6
2026-01-12 18:48:57,025 - cmt.websocket - INFO - websocket_devices:188 - WebSocket client disconnected normally
2026-01-12 18:48:57,025 - cmt.websocket - INFO - disconnect:62 - WebSocket disconnected. Total: 5
2026-01-12 18:49:00,997 - cmt.websocket - INFO - connect:49 - WebSocket connected (user_id=None). Total: 6
2026-01-12 18:49:01,000 - cmt.websocket - INFO - websocket_devices:188 - WebSocket client disconnected normally
2026-01-12 18:49:01,000 - cmt.websocket - INFO - disconnect:62 - WebSocket disconnected. Total: 5
2026-01-12 18:49:04,994 - cmt.websocket - INFO - connect:49 - WebSocket connected (user_id=None). Total: 6
2026-01-12 18:49:04,994 - cmt.websocket - INFO - websocket_devices:188 - WebSocket client disconnected normally
2026-01-12 18:49:04,995 - cmt.websocket - INFO - disconnect:62 - WebSocket disconnected. Total: 5
2026-01-12 18:49:08,994 - cmt.websocket - INFO - connect:49 - WebSocket connected (user_id=None). Total: 6
2026-01-12 18:49:08,996 - cmt.websocket - INFO - websocket_devices:188 - WebSocket client disconnected normally
2026-01-12 18:49:08,997 - cmt.websocket - INFO - disconnect:62 - WebSocket disconnected. Total: 5
2026-01-12 18:49:12,994 - cmt.websocket - INFO - connect:49 - WebSocket connected (user_id=None). Total: 6
2026-01-12 18:49:12,994 - cmt.websocket - INFO - websocket_devices:188 - WebSocket client disconnected normally
2026-01-12 18:49:12,995 - cmt.websocket - INFO - disconnect:62 - WebSocket disconnected. Total: 5
2026-01-12 18:49:17,034 - cmt.websocket - INFO - connect:49 - WebSocket connected (user_id=None). Total: 6
2026-01-12 18:49:17,044 - cmt.websocket - INFO - websocket_devices:188 - WebSocket client disconnected normally
2026-01-12 18:49:17,045 - cmt.websocket - INFO - disconnect:62 - WebSocket disconnected. Total: 5
2026-01-12 18:49:21,002 - cmt.websocket - INFO - connect:49 - WebSocket connected (user_id=None). Total: 6
2026-01-12 18:49:21,004 - cmt.websocket - INFO - websocket_devices:188 - WebSocket client disconnected normally
2026-01-12 18:49:21,004 - cmt.websocket - INFO - disconnect:62 - WebSocket disconnected. Total: 5
2026-01-12 18:49:25,007 - cmt.websocket - INFO - connect:49 - WebSocket connected (user_id=None). Total: 6
2026-01-12 18:49:25,009 - cmt.websocket - INFO - websocket_devices:188 - WebSocket client disconnected normally
2026-01-12 18:49:25,010 - cmt.websocket - INFO - disconnect:62 - WebSocket disconnected. Total: 5
2026-01-12 18:49:29,000 - cmt.websocket - INFO - connect:49 - WebSocket connected (user_id=None). Total: 6
2026-01-12 18:49:29,001 - cmt.websocket - INFO - websocket_devices:188 - WebSocket client disconnected normally
2026-01-12 18:49:29,001 - cmt.websocket - INFO - disconnect:62 - WebSocket disconnected. Total: 5
2026-01-12 18:49:32,997 - cmt.websocket - INFO - connect:49 - WebSocket connected (user_id=None). Total: 6
2026-01-12 18:49:32,999 - cmt.websocket - INFO - websocket_devices:188 - WebSocket client disconnected normally
2026-01-12 18:49:33,000 - cmt.websocket - INFO - disconnect:62 - WebSocket disconnected. Total: 5
2026-01-12 18:49:36,995 - cmt.websocket - INFO - connect:49 - WebSocket connected (user_id=None). Total: 6
2026-01-12 18:49:36,996 - cmt.websocket - INFO - websocket_devices:188 - WebSocket client disconnected normally
2026-01-12 18:49:36,996 - cmt.websocket - INFO - disconnect:62 - WebSocket disconnected. Total: 5
2026-01-12 18:49:40,994 - cmt.websocket - INFO - connect:49 - WebSocket connected (user_id=None). Total: 6
2026-01-12 18:49:40,995 - cmt.websocket - INFO - websocket_devices:188 - WebSocket client disconnected normally
2026-01-12 18:49:40,996 - cmt.websocket - INFO - disconnect:62 - WebSocket disconnected. Total: 5
2026-01-12 18:49:44,994 - cmt.websocket - INFO - connect:49 - WebSocket connected (user_id=None). Total: 6
2026-01-12 18:49:44,996 - cmt.websocket - INFO - websocket_devices:188 - WebSocket client disconnected normally
2026-01-12 18:49:44,996 - cmt.websocket - INFO - disconnect:62 - WebSocket disconnected. Total: 5
2026-01-12 18:49:48,999 - cmt.websocket - INFO - connect:49 - WebSocket connected (user_id=None). Total: 6
2026-01-12 18:49:49,001 - cmt.websocket - INFO - websocket_devices:188 - WebSocket client disconnected normally
2026-01-12 18:49:49,002 - cmt.websocket - INFO - disconnect:62 - WebSocket disconnected. Total: 5
2026-01-12 18:49:52,998 - cmt.websocket - INFO - connect:49 - WebSocket connected (user_id=None). Total: 6
2026-01-12 18:49:53,001 - cmt.websocket - INFO - websocket_devices:188 - WebSocket client disconnected normally
2026-01-12 18:49:53,002 - cmt.websocket - INFO - disconnect:62 - WebSocket disconnected. Total: 5
2026-01-12 18:49:56,999 - cmt.websocket - INFO - websocket_devices:188 - WebSocket client disconnected normally
2026-01-12 18:49:56,999 - cmt.websocket - INFO - disconnect:62 - WebSocket disconnected. Total: 4
2026-01-12 18:49:57,002 - cmt.websocket - INFO - connect:49 - WebSocket connected (user_id=None). Total: 5
2026-01-12 18:50:00,996 - cmt.websocket - INFO - connect:49 - WebSocket connected (user_id=None). Total: 6
2026-01-12 18:50:00,997 - cmt.websocket - INFO - websocket_devices:188 - WebSocket client disconnected normally
2026-01-12 18:50:00,998 - cmt.websocket - INFO - disconnect:62 - WebSocket disconnected. Total: 5
2026-01-12 18:50:04,996 - cmt.websocket - INFO - connect:49 - WebSocket connected (user_id=None). Total: 6
2026-01-12 18:50:04,997 - cmt.websocket - INFO - websocket_devices:188 - WebSocket client disconnected normally
2026-01-12 18:50:04,998 - cmt.websocket - INFO - disconnect:62 - WebSocket disconnected. Total: 5
2026-01-12 18:50:09,003 - cmt.websocket - INFO - connect:49 - WebSocket connected (user_id=None). Total: 6
2026-01-12 18:50:09,006 - cmt.websocket - INFO - websocket_devices:188 - WebSocket client disconnected normally
2026-01-12 18:50:09,007 - cmt.websocket - INFO - disconnect:62 - WebSocket disconnected. Total: 5
2026-01-12 18:50:12,995 - cmt.websocket - INFO - connect:49 - WebSocket connected (user_id=None). Total: 6
2026-01-12 18:50:12,996 - cmt.websocket - INFO - websocket_devices:188 - WebSocket client disconnected normally
2026-01-12 18:50:12,998 - cmt.websocket - INFO - disconnect:62 - WebSocket disconnected. Total: 5
2026-01-12 18:50:17,006 - cmt.websocket - INFO - connect:49 - WebSocket connected (user_id=None). Total: 6
2026-01-12 18:50:17,008 - cmt.websocket - INFO - websocket_devices:188 - WebSocket client disconnected normally
2026-01-12 18:50:17,008 - cmt.websocket - INFO - disconnect:62 - WebSocket disconnected. Total: 5
2026-01-12 18:50:21,000 - cmt.websocket - INFO - connect:49 - WebSocket connected (user_id=None). Total: 6
2026-01-12 18:50:21,002 - cmt.websocket - INFO - websocket_devices:188 - WebSocket client disconnected normally
2026-01-12 18:50:21,003 - cmt.websocket - INFO - disconnect:62 - WebSocket disconnected. Total: 5
2026-01-12 18:50:24,999 - cmt.websocket - INFO - connect:49 - WebSocket connected (user_id=None). Total: 6
2026-01-12 18:50:25,001 - cmt.websocket - INFO - websocket_devices:188 - WebSocket client disconnected normally
2026-01-12 18:50:25,001 - cmt.websocket - INFO - disconnect:62 - WebSocket disconnected. Total: 5
2026-01-12 18:50:29,000 - cmt.websocket - INFO - connect:49 - WebSocket connected (user_id=None). Total: 6
2026-01-12 18:50:29,003 - cmt.websocket - INFO - websocket_devices:188 - WebSocket client disconnected normally
2026-01-12 18:50:29,003 - cmt.websocket - INFO - disconnect:62 - WebSocket disconnected. Total: 5
2026-01-12 18:50:32,997 - cmt.websocket - INFO - connect:49 - WebSocket connected (user_id=None). Total: 6
2026-01-12 18:50:32,997 - cmt.websocket - INFO - websocket_devices:188 - WebSocket client disconnected normally
2026-01-12 18:50:32,998 - cmt.websocket - INFO - disconnect:62 - WebSocket disconnected. Total: 5
2026-01-12 18:50:37,004 - cmt.websocket - INFO - connect:49 - WebSocket connected (user_id=None). Total: 6
2026-01-12 18:50:37,009 - cmt.websocket - INFO - websocket_devices:188 - WebSocket client disconnected normally
2026-01-12 18:50:37,009 - cmt.websocket - INFO - disconnect:62 - WebSocket disconnected. Total: 5
2026-01-12 18:50:40,998 - cmt.websocket - INFO - connect:49 - WebSocket connected (user_id=None). Total: 6
2026-01-12 18:50:41,000 - cmt.websocket - INFO - websocket_devices:188 - WebSocket client disconnected normally
2026-01-12 18:50:41,001 - cmt.websocket - INFO - disconnect:62 - WebSocket disconnected. Total: 5
2026-01-12 18:50:44,995 - cmt.websocket - INFO - websocket_devices:188 - WebSocket client disconnected normally
2026-01-12 18:50:44,995 - cmt.websocket - INFO - disconnect:62 - WebSocket disconnected. Total: 4
2026-01-12 18:50:44,996 - cmt.websocket - INFO - connect:49 - WebSocket connected (user_id=None). Total: 5
2026-01-12 18:50:48,999 - cmt.websocket - INFO - connect:49 - WebSocket connected (user_id=None). Total: 6
2026-01-12 18:50:49,000 - cmt.websocket - INFO - websocket_devices:188 - WebSocket client disconnected normally
2026-01-12 18:50:49,001 - cmt.websocket - INFO - disconnect:62 - WebSocket disconnected. Total: 5
2026-01-12 18:50:53,004 - cmt.websocket - INFO - connect:49 - WebSocket connected (user_id=None). Total: 6
2026-01-12 18:50:53,011 - cmt.websocket - INFO - websocket_devices:188 - WebSocket client disconnected normally
2026-01-12 18:50:53,014 - cmt.websocket - INFO - disconnect:62 - WebSocket disconnected. Total: 5
2026-01-12 18:50:56,996 - cmt.websocket - INFO - connect:49 - WebSocket connected (user_id=None). Total: 6
2026-01-12 18:50:56,996 - cmt.websocket - INFO - websocket_devices:188 - WebSocket client disconnected normally
2026-01-12 18:50:56,997 - cmt.websocket - INFO - disconnect:62 - WebSocket disconnected. Total: 5
2026-01-12 18:51:01,003 - cmt.websocket - INFO - connect:49 - WebSocket connected (user_id=None). Total: 6
2026-01-12 18:51:01,006 - cmt.websocket - INFO - websocket_devices:188 - WebSocket client disconnected normally
2026-01-12 18:51:01,007 - cmt.websocket - INFO - disconnect:62 - WebSocket disconnected. Total: 5
2026-01-12 18:51:04,998 - cmt.websocket - INFO - connect:49 - WebSocket connected (user_id=None). Total: 6
2026-01-12 18:51:04,998 - cmt.websocket - INFO - websocket_devices:188 - WebSocket client disconnected normally
2026-01-12 18:51:04,999 - cmt.websocket - INFO - disconnect:62 - WebSocket disconnected. Total: 5
2026-01-12 18:51:09,000 - cmt.websocket - INFO - connect:49 - WebSocket connected (user_id=None). Total: 6
2026-01-12 18:51:09,003 - cmt.websocket - INFO - websocket_devices:188 - WebSocket client disconnected normally
2026-01-12 18:51:09,003 - cmt.websocket - INFO - disconnect:62 - WebSocket disconnected. Total: 5
2026-01-12 18:51:12,996 - cmt.websocket - INFO - connect:49 - WebSocket connected (user_id=None). Total: 6
2026-01-12 18:51:12,997 - cmt.websocket - INFO - websocket_devices:188 - WebSocket client disconnected normally
2026-01-12 18:51:12,997 - cmt.websocket - INFO - disconnect:62 - WebSocket disconnected. Total: 5
2026-01-12 18:51:17,004 - cmt.websocket - INFO - websocket_devices:188 - WebSocket client disconnected normally
2026-01-12 18:51:17,006 - cmt.websocket - INFO - disconnect:62 - WebSocket disconnected. Total: 4
2026-01-12 18:51:17,010 - cmt.websocket - INFO - connect:49 - WebSocket connected (user_id=None). Total: 5
2026-01-12 18:51:20,995 - cmt.websocket - INFO - websocket_devices:188 - WebSocket client disconnected normally
2026-01-12 18:51:20,996 - cmt.websocket - INFO - disconnect:62 - WebSocket disconnected. Total: 4
2026-01-12 18:51:20,998 - cmt.websocket - INFO - connect:49 - WebSocket connected (user_id=None). Total: 5
2026-01-12 18:51:24,996 - cmt.websocket - INFO - connect:49 - WebSocket connected (user_id=None). Total: 6
2026-01-12 18:51:24,998 - cmt.websocket - INFO - websocket_devices:188 - WebSocket client disconnected normally
2026-01-12 18:51:24,999 - cmt.websocket - INFO - disconnect:62 - WebSocket disconnected. Total: 5
2026-01-12 18:51:28,998 - cmt.websocket - INFO - connect:49 - WebSocket connected (user_id=None). Total: 6
2026-01-12 18:51:29,000 - cmt.websocket - INFO - websocket_devices:188 - WebSocket client disconnected normally
2026-01-12 18:51:29,001 - cmt.websocket - INFO - disconnect:62 - WebSocket disconnected. Total: 5
2026-01-12 18:51:33,008 - cmt.websocket - INFO - websocket_devices:188 - WebSocket client disconnected normally
2026-01-12 18:51:33,009 - cmt.websocket - INFO - disconnect:62 - WebSocket disconnected. Total: 4
2026-01-12 18:51:33,013 - cmt.websocket - INFO - connect:49 - WebSocket connected (user_id=None). Total: 5
2026-01-12 18:51:37,005 - cmt.websocket - INFO - connect:49 - WebSocket connected (user_id=None). Total: 6
2026-01-12 18:51:37,009 - cmt.websocket - INFO - websocket_devices:188 - WebSocket client disconnected normally
2026-01-12 18:51:37,009 - cmt.websocket - INFO - disconnect:62 - WebSocket disconnected. Total: 5
2026-01-12 18:51:40,999 - cmt.websocket - INFO - connect:49 - WebSocket connected (user_id=None). Total: 6
2026-01-12 18:51:41,002 - cmt.websocket - INFO - websocket_devices:188 - WebSocket client disconnected normally
2026-01-12 18:51:41,004 - cmt.websocket - INFO - disconnect:62 - WebSocket disconnected. Total: 5
2026-01-12 18:51:44,997 - cmt.websocket - INFO - connect:49 - WebSocket connected (user_id=None). Total: 6
2026-01-12 18:51:44,998 - cmt.websocket - INFO - websocket_devices:188 - WebSocket client disconnected normally
2026-01-12 18:51:44,999 - cmt.websocket - INFO - disconnect:62 - WebSocket disconnected. Total: 5
2026-01-12 18:51:49,004 - cmt.websocket - INFO - connect:49 - WebSocket connected (user_id=None). Total: 6
2026-01-12 18:51:49,006 - cmt.websocket - INFO - websocket_devices:188 - WebSocket client disconnected normally
2026-01-12 18:51:49,008 - cmt.websocket - INFO - disconnect:62 - WebSocket disconnected. Total: 5
2026-01-12 18:51:52,998 - cmt.websocket - INFO - connect:49 - WebSocket connected (user_id=None). Total: 6
2026-01-12 18:51:53,000 - cmt.websocket - INFO - websocket_devices:188 - WebSocket client disconnected normally
2026-01-12 18:51:53,001 - cmt.websocket - INFO - disconnect:62 - WebSocket disconnected. Total: 5
2026-01-12 18:51:56,997 - cmt.websocket - INFO - connect:49 - WebSocket connected (user_id=None). Total: 6
2026-01-12 18:51:56,998 - cmt.websocket - INFO - websocket_devices:188 - WebSocket client disconnected normally
2026-01-12 18:51:57,000 - cmt.websocket - INFO - disconnect:62 - WebSocket disconnected. Total: 5
2026-01-12 18:52:00,997 - cmt.websocket - INFO - connect:49 - WebSocket connected (user_id=None). Total: 6
2026-01-12 18:52:00,998 - cmt.websocket - INFO - websocket_devices:188 - WebSocket client disconnected normally
2026-01-12 18:52:00,999 - cmt.websocket - INFO - disconnect:62 - WebSocket disconnected. Total: 5
2026-01-12 18:52:04,999 - cmt.websocket - INFO - connect:49 - WebSocket connected (user_id=None). Total: 6
2026-01-12 18:52:05,000 - cmt.websocket - INFO - websocket_devices:188 - WebSocket client disconnected normally
2026-01-12 18:52:05,000 - cmt.websocket - INFO - disconnect:62 - WebSocket disconnected. Total: 5
2026-01-12 18:52:08,996 - cmt.websocket - INFO - connect:49 - WebSocket connected (user_id=None). Total: 6
2026-01-12 18:52:08,999 - cmt.websocket - INFO - websocket_devices:188 - WebSocket client disconnected normally
2026-01-12 18:52:08,999 - cmt.websocket - INFO - disconnect:62 - WebSocket disconnected. Total: 5
2026-01-12 18:52:12,996 - cmt.websocket - INFO - connect:49 - WebSocket connected (user_id=None). Total: 6
2026-01-12 18:52:12,997 - cmt.websocket - INFO - websocket_devices:188 - WebSocket client disconnected normally
2026-01-12 18:52:12,997 - cmt.websocket - INFO - disconnect:62 - WebSocket disconnected. Total: 5
2026-01-12 18:52:17,002 - cmt.websocket - INFO - connect:49 - WebSocket connected (user_id=None). Total: 6
2026-01-12 18:52:17,005 - cmt.websocket - INFO - websocket_devices:188 - WebSocket client disconnected normally
2026-01-12 18:52:17,006 - cmt.websocket - INFO - disconnect:62 - WebSocket disconnected. Total: 5
2026-01-12 18:52:21,006 - cmt.websocket - INFO - connect:49 - WebSocket connected (user_id=None). Total: 6
2026-01-12 18:52:21,006 - cmt.websocket - INFO - websocket_devices:188 - WebSocket client disconnected normally
2026-01-12 18:52:21,007 - cmt.websocket - INFO - disconnect:62 - WebSocket disconnected. Total: 5
2026-01-12 18:52:24,999 - cmt.websocket - INFO - connect:49 - WebSocket connected (user_id=None). Total: 6
2026-01-12 18:52:25,001 - cmt.websocket - INFO - websocket_devices:188 - WebSocket client disconnected normally
2026-01-12 18:52:25,002 - cmt.websocket - INFO - disconnect:62 - WebSocket disconnected. Total: 5
2026-01-12 18:52:28,999 - cmt.websocket - INFO - connect:49 - WebSocket connected (user_id=None). Total: 6
2026-01-12 18:52:29,001 - cmt.websocket - INFO - websocket_devices:188 - WebSocket client disconnected normally
2026-01-12 18:52:29,001 - cmt.websocket - INFO - disconnect:62 - WebSocket disconnected. Total: 5
2026-01-12 18:52:33,007 - cmt.websocket - INFO - connect:49 - WebSocket connected (user_id=None). Total: 6
2026-01-12 18:52:33,012 - cmt.websocket - INFO - websocket_devices:188 - WebSocket client disconnected normally
2026-01-12 18:52:33,012 - cmt.websocket - INFO - disconnect:62 - WebSocket disconnected. Total: 5
2026-01-12 18:52:36,995 - cmt.websocket - INFO - websocket_devices:188 - WebSocket client disconnected normally
2026-01-12 18:52:36,996 - cmt.websocket - INFO - disconnect:62 - WebSocket disconnected. Total: 4
2026-01-12 18:52:36,996 - cmt.websocket - INFO - connect:49 - WebSocket connected (user_id=None). Total: 5
2026-01-12 18:52:41,001 - cmt.websocket - INFO - connect:49 - WebSocket connected (user_id=None). Total: 6
2026-01-12 18:52:41,003 - cmt.websocket - INFO - websocket_devices:188 - WebSocket client disconnected normally
2026-01-12 18:52:41,004 - cmt.websocket - INFO - disconnect:62 - WebSocket disconnected. Total: 5
2026-01-12 18:52:44,995 - cmt.websocket - INFO - connect:49 - WebSocket connected (user_id=None). Total: 6
2026-01-12 18:52:44,998 - cmt.websocket - INFO - websocket_devices:188 - WebSocket client disconnected normally
2026-01-12 18:52:44,998 - cmt.websocket - INFO - disconnect:62 - WebSocket disconnected. Total: 5
2026-01-12 18:52:49,013 - cmt.websocket - INFO - connect:49 - WebSocket connected (user_id=None). Total: 6
2026-01-12 18:52:49,016 - cmt.websocket - INFO - websocket_devices:188 - WebSocket client disconnected normally
2026-01-12 18:52:49,016 - cmt.websocket - INFO - disconnect:62 - WebSocket disconnected. Total: 5
2026-01-12 18:52:52,997 - cmt.websocket - INFO - connect:49 - WebSocket connected (user_id=None). Total: 6
2026-01-12 18:52:53,001 - cmt.websocket - INFO - websocket_devices:188 - WebSocket client disconnected normally
2026-01-12 18:52:53,002 - cmt.websocket - INFO - disconnect:62 - WebSocket disconnected. Total: 5
2026-01-12 18:52:57,012 - cmt.websocket - INFO - connect:49 - WebSocket connected (user_id=None). Total: 6
2026-01-12 18:52:57,016 - cmt.websocket - INFO - websocket_devices:188 - WebSocket client disconnected normally
2026-01-12 18:52:57,017 - cmt.websocket - INFO - disconnect:62 - WebSocket disconnected. Total: 5
2026-01-12 18:53:01,001 - cmt.websocket - INFO - connect:49 - WebSocket connected (user_id=None). Total: 6
2026-01-12 18:53:01,002 - cmt.websocket - INFO - websocket_devices:188 - WebSocket client disconnected normally
2026-01-12 18:53:01,003 - cmt.websocket - INFO - disconnect:62 - WebSocket disconnected. Total: 5
2026-01-12 18:53:04,996 - cmt.websocket - INFO - connect:49 - WebSocket connected (user_id=None). Total: 6
2026-01-12 18:53:05,000 - cmt.websocket - INFO - websocket_devices:188 - WebSocket client disconnected normally
2026-01-12 18:53:05,001 - cmt.websocket - INFO - disconnect:62 - WebSocket disconnected. Total: 5
2026-01-12 18:53:09,003 - cmt.websocket - INFO - connect:49 - WebSocket connected (user_id=None). Total: 6
2026-01-12 18:53:09,008 - cmt.websocket - INFO - websocket_devices:188 - WebSocket client disconnected normally
2026-01-12 18:53:09,009 - cmt.websocket - INFO - disconnect:62 - WebSocket disconnected. Total: 5
2026-01-12 18:53:13,007 - cmt.websocket - INFO - connect:49 - WebSocket connected (user_id=None). Total: 6
2026-01-12 18:53:13,009 - cmt.websocket - INFO - websocket_devices:188 - WebSocket client disconnected normally
2026-01-12 18:53:13,009 - cmt.websocket - INFO - disconnect:62 - WebSocket disconnected. Total: 5
2026-01-12 18:53:17,011 - cmt.websocket - INFO - connect:49 - WebSocket connected (user_id=None). Total: 6
2026-01-12 18:53:17,014 - cmt.websocket - INFO - websocket_devices:188 - WebSocket client disconnected normally
2026-01-12 18:53:17,014 - cmt.websocket - INFO - disconnect:62 - WebSocket disconnected. Total: 5
2026-01-12 18:53:20,999 - cmt.websocket - INFO - connect:49 - WebSocket connected (user_id=None). Total: 6
2026-01-12 18:53:21,001 - cmt.websocket - INFO - websocket_devices:188 - WebSocket client disconnected normally
2026-01-12 18:53:21,001 - cmt.websocket - INFO - disconnect:62 - WebSocket disconnected. Total: 5
2026-01-12 18:53:25,006 - cmt.websocket - INFO - connect:49 - WebSocket connected (user_id=None). Total: 6
2026-01-12 18:53:25,010 - cmt.websocket - INFO - websocket_devices:188 - WebSocket client disconnected normally
2026-01-12 18:53:25,011 - cmt.websocket - INFO - disconnect:62 - WebSocket disconnected. Total: 5
2026-01-12 18:53:28,999 - cmt.websocket - INFO - connect:49 - WebSocket connected (user_id=None). Total: 6
2026-01-12 18:53:29,000 - cmt.websocket - INFO - websocket_devices:188 - WebSocket client disconnected normally
2026-01-12 18:53:29,001 - cmt.websocket - INFO - disconnect:62 - WebSocket disconnected. Total: 5
2026-01-12 18:53:33,000 - cmt.websocket - INFO - connect:49 - WebSocket connected (user_id=None). Total: 6
2026-01-12 18:53:33,003 - cmt.websocket - INFO - websocket_devices:188 - WebSocket client disconnected normally
2026-01-12 18:53:33,004 - cmt.websocket - INFO - disconnect:62 - WebSocket disconnected. Total: 5
2026-01-12 18:53:36,998 - cmt.websocket - INFO - connect:49 - WebSocket connected (user_id=None). Total: 6
2026-01-12 18:53:37,000 - cmt.websocket - INFO - websocket_devices:188 - WebSocket client disconnected normally
2026-01-12 18:53:37,000 - cmt.websocket - INFO - disconnect:62 - WebSocket disconnected. Total: 5
2026-01-12 18:53:40,999 - cmt.websocket - INFO - connect:49 - WebSocket connected (user_id=None). Total: 6
2026-01-12 18:53:41,001 - cmt.websocket - INFO - websocket_devices:188 - WebSocket client disconnected normally
2026-01-12 18:53:41,002 - cmt.websocket - INFO - disconnect:62 - WebSocket disconnected. Total: 5
2026-01-12 18:53:45,001 - cmt.websocket - INFO - connect:49 - WebSocket connected (user_id=None). Total: 6
2026-01-12 18:53:45,004 - cmt.websocket - INFO - websocket_devices:188 - WebSocket client disconnected normally
2026-01-12 18:53:45,004 - cmt.websocket - INFO - disconnect:62 - WebSocket disconnected. Total: 5
2026-01-12 18:53:48,998 - cmt.websocket - INFO - websocket_devices:188 - WebSocket client disconnected normally
2026-01-12 18:53:48,999 - cmt.websocket - INFO - disconnect:62 - WebSocket disconnected. Total: 4
2026-01-12 18:53:49,000 - cmt.websocket - INFO - connect:49 - WebSocket connected (user_id=None). Total: 5
2026-01-12 18:53:52,997 - cmt.websocket - INFO - connect:49 - WebSocket connected (user_id=None). Total: 6
2026-01-12 18:53:52,998 - cmt.websocket - INFO - websocket_devices:188 - WebSocket client disconnected normally
2026-01-12 18:53:52,999 - cmt.websocket - INFO - disconnect:62 - WebSocket disconnected. Total: 5
2026-01-12 18:53:56,998 - cmt.websocket - INFO - connect:49 - WebSocket connected (user_id=None). Total: 6
2026-01-12 18:53:57,000 - cmt.websocket - INFO - websocket_devices:188 - WebSocket client disconnected normally
2026-01-12 18:53:57,000 - cmt.websocket - INFO - disconnect:62 - WebSocket disconnected. Total: 5
2026-01-12 18:54:00,998 - cmt.websocket - INFO - connect:49 - WebSocket connected (user_id=None). Total: 6
2026-01-12 18:54:00,999 - cmt.websocket - INFO - websocket_devices:188 - WebSocket client disconnected normally
2026-01-12 18:54:00,999 - cmt.websocket - INFO - disconnect:62 - WebSocket disconnected. Total: 5
2026-01-12 18:54:05,000 - cmt.websocket - INFO - connect:49 - WebSocket connected (user_id=None). Total: 6
2026-01-12 18:54:05,002 - cmt.websocket - INFO - websocket_devices:188 - WebSocket client disconnected normally
2026-01-12 18:54:05,002 - cmt.websocket - INFO - disconnect:62 - WebSocket disconnected. Total: 5
2026-01-12 18:54:08,997 - cmt.websocket - INFO - connect:49 - WebSocket connected (user_id=None). Total: 6
2026-01-12 18:54:08,998 - cmt.websocket - INFO - websocket_devices:188 - WebSocket client disconnected normally
2026-01-12 18:54:08,998 - cmt.websocket - INFO - disconnect:62 - WebSocket disconnected. Total: 5
2026-01-12 18:54:12,998 - cmt.websocket - INFO - connect:49 - WebSocket connected (user_id=None). Total: 6
2026-01-12 18:54:12,998 - cmt.websocket - INFO - websocket_devices:188 - WebSocket client disconnected normally
2026-01-12 18:54:12,998 - cmt.websocket - INFO - disconnect:62 - WebSocket disconnected. Total: 5
2026-01-12 18:54:17,002 - cmt.websocket - INFO - connect:49 - WebSocket connected (user_id=None). Total: 6
2026-01-12 18:54:17,004 - cmt.websocket - INFO - websocket_devices:188 - WebSocket client disconnected normally
2026-01-12 18:54:17,004 - cmt.websocket - INFO - disconnect:62 - WebSocket disconnected. Total: 5
2026-01-12 18:54:20,999 - cmt.websocket - INFO - connect:49 - WebSocket connected (user_id=None). Total: 6
2026-01-12 18:54:21,000 - cmt.websocket - INFO - websocket_devices:188 - WebSocket client disconnected normally
2026-01-12 18:54:21,000 - cmt.websocket - INFO - disconnect:62 - WebSocket disconnected. Total: 5
2026-01-12 18:54:25,001 - cmt.websocket - INFO - connect:49 - WebSocket connected (user_id=None). Total: 6
2026-01-12 18:54:25,003 - cmt.websocket - INFO - websocket_devices:188 - WebSocket client disconnected normally
2026-01-12 18:54:25,003 - cmt.websocket - INFO - disconnect:62 - WebSocket disconnected. Total: 5
2026-01-12 18:54:28,998 - cmt.websocket - INFO - connect:49 - WebSocket connected (user_id=None). Total: 6
2026-01-12 18:54:28,999 - cmt.websocket - INFO - websocket_devices:188 - WebSocket client disconnected normally
2026-01-12 18:54:28,999 - cmt.websocket - INFO - disconnect:62 - WebSocket disconnected. Total: 5
2026-01-12 18:54:33,004 - cmt.websocket - INFO - connect:49 - WebSocket connected (user_id=None). Total: 6
2026-01-12 18:54:33,007 - cmt.websocket - INFO - websocket_devices:188 - WebSocket client disconnected normally
2026-01-12 18:54:33,008 - cmt.websocket - INFO - disconnect:62 - WebSocket disconnected. Total: 5
2026-01-12 18:54:37,005 - cmt.websocket - INFO - connect:49 - WebSocket connected (user_id=None). Total: 6
2026-01-12 18:54:37,007 - cmt.websocket - INFO - websocket_devices:188 - WebSocket client disconnected normally
2026-01-12 18:54:37,008 - cmt.websocket - INFO - disconnect:62 - WebSocket disconnected. Total: 5
2026-01-12 18:54:41,012 - cmt.websocket - INFO - connect:49 - WebSocket connected (user_id=None). Total: 6
2026-01-12 18:54:41,016 - cmt.websocket - INFO - websocket_devices:188 - WebSocket client disconnected normally
2026-01-12 18:54:41,016 - cmt.websocket - INFO - disconnect:62 - WebSocket disconnected. Total: 5
2026-01-12 18:54:41,824 - cmt.websocket - INFO - websocket_notifications:276 - Notification WebSocket disconnected (user_id=1)
2026-01-12 18:54:41,825 - cmt.websocket - INFO - disconnect:62 - WebSocket disconnected. Total: 4
2026-01-12 18:54:41,825 - cmt.websocket - INFO - websocket_notifications:276 - Notification WebSocket disconnected (user_id=1)
2026-01-12 18:54:41,826 - cmt.websocket - INFO - disconnect:62 - WebSocket disconnected. Total: 3
2026-01-12 18:54:42,524 - cmt.websocket - INFO - connect:49 - WebSocket connected (user_id=1). Total: 4
2026-01-12 18:54:42,527 - cmt.websocket - INFO - websocket_notifications:276 - Notification WebSocket disconnected (user_id=1)
2026-01-12 18:54:42,527 - cmt.websocket - INFO - disconnect:62 - WebSocket disconnected. Total: 3
2026-01-12 18:54:42,562 - cmt.websocket - INFO - connect:49 - WebSocket connected (user_id=1). Total: 4
2026-01-12 18:54:45,000 - cmt.websocket - INFO - connect:49 - WebSocket connected (user_id=None). Total: 5
2026-01-12 18:54:45,002 - cmt.websocket - INFO - websocket_devices:188 - WebSocket client disconnected normally
2026-01-12 18:54:45,003 - cmt.websocket - INFO - disconnect:62 - WebSocket disconnected. Total: 4
2026-01-12 18:54:45,525 - cmt.websocket - INFO - connect:49 - WebSocket connected (user_id=1). Total: 5
2026-01-12 18:54:48,998 - cmt.websocket - INFO - connect:49 - WebSocket connected (user_id=None). Total: 6
2026-01-12 18:54:49,000 - cmt.websocket - INFO - websocket_devices:188 - WebSocket client disconnected normally
2026-01-12 18:54:49,000 - cmt.websocket - INFO - disconnect:62 - WebSocket disconnected. Total: 5
2026-01-12 18:54:52,978 - cmt.websocket - INFO - connect:49 - WebSocket connected (user_id=None). Total: 6
2026-01-12 18:54:52,981 - cmt.websocket - INFO - websocket_devices:188 - WebSocket client disconnected normally
2026-01-12 18:54:52,981 - cmt.websocket - INFO - disconnect:62 - WebSocket disconnected. Total: 5
2026-01-12 18:54:56,976 - cmt.websocket - INFO - connect:49 - WebSocket connected (user_id=None). Total: 6
2026-01-12 18:54:56,978 - cmt.websocket - INFO - websocket_devices:188 - WebSocket client disconnected normally
2026-01-12 18:54:56,980 - cmt.websocket - INFO - disconnect:62 - WebSocket disconnected. Total: 5
2026-01-12 18:55:00,974 - cmt.websocket - INFO - connect:49 - WebSocket connected (user_id=None). Total: 6
2026-01-12 18:55:00,974 - cmt.websocket - INFO - websocket_devices:188 - WebSocket client disconnected normally
2026-01-12 18:55:00,975 - cmt.websocket - INFO - disconnect:62 - WebSocket disconnected. Total: 5
2026-01-12 18:55:04,976 - cmt.websocket - INFO - websocket_devices:188 - WebSocket client disconnected normally
2026-01-12 18:55:04,977 - cmt.websocket - INFO - disconnect:62 - WebSocket disconnected. Total: 4
2026-01-12 18:55:04,978 - cmt.websocket - INFO - connect:49 - WebSocket connected (user_id=None). Total: 5
2026-01-12 18:55:08,977 - cmt.websocket - INFO - connect:49 - WebSocket connected (user_id=None). Total: 6
2026-01-12 18:55:08,979 - cmt.websocket - INFO - websocket_devices:188 - WebSocket client disconnected normally
2026-01-12 18:55:08,980 - cmt.websocket - INFO - disconnect:62 - WebSocket disconnected. Total: 5
2026-01-12 18:55:12,974 - cmt.websocket - INFO - connect:49 - WebSocket connected (user_id=None). Total: 6
2026-01-12 18:55:12,977 - cmt.websocket - INFO - websocket_devices:188 - WebSocket client disconnected normally
2026-01-12 18:55:12,977 - cmt.websocket - INFO - disconnect:62 - WebSocket disconnected. Total: 5
2026-01-12 18:55:16,975 - cmt.websocket - INFO - connect:49 - WebSocket connected (user_id=None). Total: 6
2026-01-12 18:55:16,979 - cmt.websocket - INFO - websocket_devices:188 - WebSocket client disconnected normally
2026-01-12 18:55:16,979 - cmt.websocket - INFO - disconnect:62 - WebSocket disconnected. Total: 5
2026-01-12 18:55:20,968 - cmt.websocket - INFO - connect:49 - WebSocket connected (user_id=None). Total: 6
2026-01-12 18:55:20,970 - cmt.websocket - INFO - websocket_devices:188 - WebSocket client disconnected normally
2026-01-12 18:55:20,970 - cmt.websocket - INFO - disconnect:62 - WebSocket disconnected. Total: 5
2026-01-12 18:55:24,965 - cmt.websocket - INFO - websocket_devices:188 - WebSocket client disconnected normally
2026-01-12 18:55:24,966 - cmt.websocket - INFO - disconnect:62 - WebSocket disconnected. Total: 4
2026-01-12 18:55:24,966 - cmt.websocket - INFO - connect:49 - WebSocket connected (user_id=None). Total: 5
2026-01-12 18:55:28,966 - cmt.websocket - INFO - connect:49 - WebSocket connected (user_id=None). Total: 6
2026-01-12 18:55:28,967 - cmt.websocket - INFO - websocket_devices:188 - WebSocket client disconnected normally
2026-01-12 18:55:28,967 - cmt.websocket - INFO - disconnect:62 - WebSocket disconnected. Total: 5
2026-01-12 18:55:32,967 - cmt.websocket - INFO - connect:49 - WebSocket connected (user_id=None). Total: 6
2026-01-12 18:55:32,970 - cmt.websocket - INFO - websocket_devices:188 - WebSocket client disconnected normally
2026-01-12 18:55:32,971 - cmt.websocket - INFO - disconnect:62 - WebSocket disconnected. Total: 5
2026-01-12 18:55:36,967 - cmt.websocket - INFO - connect:49 - WebSocket connected (user_id=None). Total: 6
2026-01-12 18:55:36,968 - cmt.websocket - INFO - websocket_devices:188 - WebSocket client disconnected normally
2026-01-12 18:55:36,968 - cmt.websocket - INFO - disconnect:62 - WebSocket disconnected. Total: 5
2026-01-12 18:55:40,968 - cmt.websocket - INFO - connect:49 - WebSocket connected (user_id=None). Total: 6
2026-01-12 18:55:40,969 - cmt.websocket - INFO - websocket_devices:188 - WebSocket client disconnected normally
2026-01-12 18:55:40,969 - cmt.websocket - INFO - disconnect:62 - WebSocket disconnected. Total: 5
2026-01-12 18:55:44,971 - cmt.websocket - INFO - connect:49 - WebSocket connected (user_id=None). Total: 6
2026-01-12 18:55:44,983 - cmt.websocket - INFO - websocket_devices:188 - WebSocket client disconnected normally
2026-01-12 18:55:44,985 - cmt.websocket - INFO - disconnect:62 - WebSocket disconnected. Total: 5
2026-01-12 18:55:48,966 - cmt.websocket - INFO - connect:49 - WebSocket connected (user_id=None). Total: 6
2026-01-12 18:55:48,967 - cmt.websocket - INFO - websocket_devices:188 - WebSocket client disconnected normally
2026-01-12 18:55:48,967 - cmt.websocket - INFO - disconnect:62 - WebSocket disconnected. Total: 5
2026-01-12 18:55:52,966 - cmt.websocket - INFO - connect:49 - WebSocket connected (user_id=None). Total: 6
2026-01-12 18:55:52,968 - cmt.websocket - INFO - websocket_devices:188 - WebSocket client disconnected normally
2026-01-12 18:55:52,968 - cmt.websocket - INFO - disconnect:62 - WebSocket disconnected. Total: 5
2026-01-12 18:55:56,966 - cmt.websocket - INFO - connect:49 - WebSocket connected (user_id=None). Total: 6
2026-01-12 18:55:56,967 - cmt.websocket - INFO - websocket_devices:188 - WebSocket client disconnected normally
2026-01-12 18:55:56,967 - cmt.websocket - INFO - disconnect:62 - WebSocket disconnected. Total: 5
2026-01-12 18:56:00,968 - cmt.websocket - INFO - connect:49 - WebSocket connected (user_id=None). Total: 6
2026-01-12 18:56:00,971 - cmt.websocket - INFO - websocket_devices:188 - WebSocket client disconnected normally
2026-01-12 18:56:00,971 - cmt.websocket - INFO - disconnect:62 - WebSocket disconnected. Total: 5
2026-01-12 18:56:04,967 - cmt.websocket - INFO - connect:49 - WebSocket connected (user_id=None). Total: 6
2026-01-12 18:56:04,969 - cmt.websocket - INFO - websocket_devices:188 - WebSocket client disconnected normally
2026-01-12 18:56:04,970 - cmt.websocket - INFO - disconnect:62 - WebSocket disconnected. Total: 5
2026-01-12 18:56:08,994 - cmt.websocket - INFO - connect:49 - WebSocket connected (user_id=None). Total: 6
2026-01-12 18:56:08,998 - cmt.websocket - INFO - websocket_devices:188 - WebSocket client disconnected normally
2026-01-12 18:56:08,998 - cmt.websocket - INFO - disconnect:62 - WebSocket disconnected. Total: 5
2026-01-12 18:56:12,972 - cmt.websocket - INFO - websocket_devices:188 - WebSocket client disconnected normally
2026-01-12 18:56:12,976 - cmt.websocket - INFO - disconnect:62 - WebSocket disconnected. Total: 4
2026-01-12 18:56:12,978 - cmt.websocket - INFO - connect:49 - WebSocket connected (user_id=None). Total: 5
2026-01-12 18:56:16,966 - cmt.websocket - INFO - connect:49 - WebSocket connected (user_id=None). Total: 6
2026-01-12 18:56:16,968 - cmt.websocket - INFO - websocket_devices:188 - WebSocket client disconnected normally
2026-01-12 18:56:16,969 - cmt.websocket - INFO - disconnect:62 - WebSocket disconnected. Total: 5
2026-01-12 18:56:20,965 - cmt.websocket - INFO - websocket_devices:188 - WebSocket client disconnected normally
2026-01-12 18:56:20,965 - cmt.websocket - INFO - disconnect:62 - WebSocket disconnected. Total: 4
2026-01-12 18:56:20,966 - cmt.websocket - INFO - connect:49 - WebSocket connected (user_id=None). Total: 5
2026-01-12 18:56:24,968 - cmt.websocket - INFO - connect:49 - WebSocket connected (user_id=None). Total: 6
2026-01-12 18:56:24,974 - cmt.websocket - INFO - websocket_devices:188 - WebSocket client disconnected normally
2026-01-12 18:56:24,975 - cmt.websocket - INFO - disconnect:62 - WebSocket disconnected. Total: 5
2026-01-12 18:56:28,970 - cmt.websocket - INFO - connect:49 - WebSocket connected (user_id=None). Total: 6
2026-01-12 18:56:28,973 - cmt.websocket - INFO - websocket_devices:188 - WebSocket client disconnected normally
2026-01-12 18:56:28,973 - cmt.websocket - INFO - disconnect:62 - WebSocket disconnected. Total: 5
2026-01-12 18:56:32,966 - cmt.websocket - INFO - connect:49 - WebSocket connected (user_id=None). Total: 6
2026-01-12 18:56:32,968 - cmt.websocket - INFO - websocket_devices:188 - WebSocket client disconnected normally
2026-01-12 18:56:32,968 - cmt.websocket - INFO - disconnect:62 - WebSocket disconnected. Total: 5
2026-01-12 18:56:36,969 - cmt.websocket - INFO - connect:49 - WebSocket connected (user_id=None). Total: 6
2026-01-12 18:56:36,971 - cmt.websocket - INFO - websocket_devices:188 - WebSocket client disconnected normally
2026-01-12 18:56:36,971 - cmt.websocket - INFO - disconnect:62 - WebSocket disconnected. Total: 5
2026-01-12 18:56:40,967 - cmt.websocket - INFO - connect:49 - WebSocket connected (user_id=None). Total: 6
2026-01-12 18:56:40,968 - cmt.websocket - INFO - websocket_devices:188 - WebSocket client disconnected normally
2026-01-12 18:56:40,969 - cmt.websocket - INFO - disconnect:62 - WebSocket disconnected. Total: 5
2026-01-12 18:56:44,964 - cmt.websocket - INFO - connect:49 - WebSocket connected (user_id=None). Total: 6
2026-01-12 18:56:44,965 - cmt.websocket - INFO - websocket_devices:188 - WebSocket client disconnected normally
2026-01-12 18:56:44,965 - cmt.websocket - INFO - disconnect:62 - WebSocket disconnected. Total: 5
2026-01-12 18:56:48,965 - cmt.websocket - INFO - connect:49 - WebSocket connected (user_id=None). Total: 6
2026-01-12 18:56:48,967 - cmt.websocket - INFO - websocket_devices:188 - WebSocket client disconnected normally
2026-01-12 18:56:48,967 - cmt.websocket - INFO - disconnect:62 - WebSocket disconnected. Total: 5
2026-01-12 18:56:52,967 - cmt.websocket - INFO - connect:49 - WebSocket connected (user_id=None). Total: 6
2026-01-12 18:56:52,969 - cmt.websocket - INFO - websocket_devices:188 - WebSocket client disconnected normally
2026-01-12 18:56:52,969 - cmt.websocket - INFO - disconnect:62 - WebSocket disconnected. Total: 5
2026-01-12 18:56:56,981 - cmt.websocket - INFO - connect:49 - WebSocket connected (user_id=None). Total: 6
2026-01-12 18:56:56,984 - cmt.websocket - INFO - websocket_devices:188 - WebSocket client disconnected normally
2026-01-12 18:56:56,985 - cmt.websocket - INFO - disconnect:62 - WebSocket disconnected. Total: 5
2026-01-12 18:57:00,968 - cmt.websocket - INFO - connect:49 - WebSocket connected (user_id=None). Total: 6
2026-01-12 18:57:00,968 - cmt.websocket - INFO - websocket_devices:188 - WebSocket client disconnected normally
2026-01-12 18:57:00,969 - cmt.websocket - INFO - disconnect:62 - WebSocket disconnected. Total: 5
2026-01-12 18:57:04,968 - cmt.websocket - INFO - connect:49 - WebSocket connected (user_id=None). Total: 6
2026-01-12 18:57:04,969 - cmt.websocket - INFO - websocket_devices:188 - WebSocket client disconnected normally
2026-01-12 18:57:04,970 - cmt.websocket - INFO - disconnect:62 - WebSocket disconnected. Total: 5
2026-01-12 18:57:08,970 - cmt.websocket - INFO - connect:49 - WebSocket connected (user_id=None). Total: 6
2026-01-12 18:57:08,976 - cmt.websocket - INFO - websocket_devices:188 - WebSocket client disconnected normally
2026-01-12 18:57:08,977 - cmt.websocket - INFO - disconnect:62 - WebSocket disconnected. Total: 5
2026-01-12 18:57:12,967 - cmt.websocket - INFO - connect:49 - WebSocket connected (user_id=None). Total: 6
2026-01-12 18:57:12,969 - cmt.websocket - INFO - websocket_devices:188 - WebSocket client disconnected normally
2026-01-12 18:57:12,969 - cmt.websocket - INFO - disconnect:62 - WebSocket disconnected. Total: 5
2026-01-12 18:57:16,969 - cmt.websocket - INFO - connect:49 - WebSocket connected (user_id=None). Total: 6
2026-01-12 18:57:16,972 - cmt.websocket - INFO - websocket_devices:188 - WebSocket client disconnected normally
2026-01-12 18:57:16,973 - cmt.websocket - INFO - disconnect:62 - WebSocket disconnected. Total: 5
2026-01-12 18:57:20,965 - cmt.websocket - INFO - connect:49 - WebSocket connected (user_id=None). Total: 6
2026-01-12 18:57:20,965 - cmt.websocket - INFO - websocket_devices:188 - WebSocket client disconnected normally
2026-01-12 18:57:20,966 - cmt.websocket - INFO - disconnect:62 - WebSocket disconnected. Total: 5
2026-01-12 18:57:24,973 - cmt.websocket - INFO - connect:49 - WebSocket connected (user_id=None). Total: 6
2026-01-12 18:57:24,978 - cmt.websocket - INFO - websocket_devices:188 - WebSocket client disconnected normally
2026-01-12 18:57:24,979 - cmt.websocket - INFO - disconnect:62 - WebSocket disconnected. Total: 5
2026-01-12 18:57:28,983 - cmt.websocket - INFO - connect:49 - WebSocket connected (user_id=None). Total: 6
2026-01-12 18:57:28,985 - cmt.websocket - INFO - websocket_devices:188 - WebSocket client disconnected normally
2026-01-12 18:57:28,985 - cmt.websocket - INFO - disconnect:62 - WebSocket disconnected. Total: 5
2026-01-12 18:57:32,970 - cmt.websocket - INFO - connect:49 - WebSocket connected (user_id=None). Total: 6
2026-01-12 18:57:32,972 - cmt.websocket - INFO - websocket_devices:188 - WebSocket client disconnected normally
2026-01-12 18:57:32,973 - cmt.websocket - INFO - disconnect:62 - WebSocket disconnected. Total: 5
2026-01-12 18:57:36,984 - cmt.websocket - INFO - connect:49 - WebSocket connected (user_id=None). Total: 6
2026-01-12 18:57:36,986 - cmt.websocket - INFO - websocket_devices:188 - WebSocket client disconnected normally
2026-01-12 18:57:36,986 - cmt.websocket - INFO - disconnect:62 - WebSocket disconnected. Total: 5
2026-01-12 18:57:40,967 - cmt.websocket - INFO - connect:49 - WebSocket connected (user_id=None). Total: 6
2026-01-12 18:57:40,968 - cmt.websocket - INFO - websocket_devices:188 - WebSocket client disconnected normally
2026-01-12 18:57:40,969 - cmt.websocket - INFO - disconnect:62 - WebSocket disconnected. Total: 5
2026-01-12 18:57:44,963 - cmt.websocket - INFO - connect:49 - WebSocket connected (user_id=None). Total: 6
2026-01-12 18:57:44,964 - cmt.websocket - INFO - websocket_devices:188 - WebSocket client disconnected normally
2026-01-12 18:57:44,964 - cmt.websocket - INFO - disconnect:62 - WebSocket disconnected. Total: 5
2026-01-12 18:57:48,968 - cmt.websocket - INFO - connect:49 - WebSocket connected (user_id=None). Total: 6
2026-01-12 18:57:48,970 - cmt.websocket - INFO - websocket_devices:188 - WebSocket client disconnected normally
2026-01-12 18:57:48,971 - cmt.websocket - INFO - disconnect:62 - WebSocket disconnected. Total: 5
2026-01-12 18:57:52,968 - cmt.websocket - INFO - connect:49 - WebSocket connected (user_id=None). Total: 6
2026-01-12 18:57:52,970 - cmt.websocket - INFO - websocket_devices:188 - WebSocket client disconnected normally
2026-01-12 18:57:52,971 - cmt.websocket - INFO - disconnect:62 - WebSocket disconnected. Total: 5
2026-01-12 18:57:56,965 - cmt.websocket - INFO - connect:49 - WebSocket connected (user_id=None). Total: 6
2026-01-12 18:57:56,965 - cmt.websocket - INFO - websocket_devices:188 - WebSocket client disconnected normally
2026-01-12 18:57:56,965 - cmt.websocket - INFO - disconnect:62 - WebSocket disconnected. Total: 5
2026-01-12 18:58:00,965 - cmt.websocket - INFO - connect:49 - WebSocket connected (user_id=None). Total: 6
2026-01-12 18:58:00,966 - cmt.websocket - INFO - websocket_devices:188 - WebSocket client disconnected normally
2026-01-12 18:58:00,967 - cmt.websocket - INFO - disconnect:62 - WebSocket disconnected. Total: 5
2026-01-12 18:58:04,967 - cmt.websocket - INFO - connect:49 - WebSocket connected (user_id=None). Total: 6
2026-01-12 18:58:04,968 - cmt.websocket - INFO - websocket_devices:188 - WebSocket client disconnected normally
2026-01-12 18:58:04,969 - cmt.websocket - INFO - disconnect:62 - WebSocket disconnected. Total: 5
2026-01-12 18:58:08,966 - cmt.websocket - INFO - connect:49 - WebSocket connected (user_id=None). Total: 6
2026-01-12 18:58:08,967 - cmt.websocket - INFO - websocket_devices:188 - WebSocket client disconnected normally
2026-01-12 18:58:08,969 - cmt.websocket - INFO - disconnect:62 - WebSocket disconnected. Total: 5
2026-01-12 18:58:12,967 - cmt.websocket - INFO - connect:49 - WebSocket connected (user_id=None). Total: 6
2026-01-12 18:58:12,968 - cmt.websocket - INFO - websocket_devices:188 - WebSocket client disconnected normally
2026-01-12 18:58:12,969 - cmt.websocket - INFO - disconnect:62 - WebSocket disconnected. Total: 5
2026-01-12 18:58:16,968 - cmt.websocket - INFO - connect:49 - WebSocket connected (user_id=None). Total: 6
2026-01-12 18:58:16,975 - cmt.websocket - INFO - websocket_devices:188 - WebSocket client disconnected normally
2026-01-12 18:58:16,979 - cmt.websocket - INFO - disconnect:62 - WebSocket disconnected. Total: 5
2026-01-12 18:58:20,967 - cmt.websocket - INFO - connect:49 - WebSocket connected (user_id=None). Total: 6
2026-01-12 18:58:20,969 - cmt.websocket - INFO - websocket_devices:188 - WebSocket client disconnected normally
2026-01-12 18:58:20,972 - cmt.websocket - INFO - disconnect:62 - WebSocket disconnected. Total: 5
2026-01-12 18:58:24,969 - cmt.websocket - INFO - connect:49 - WebSocket connected (user_id=None). Total: 6
2026-01-12 18:58:24,972 - cmt.websocket - INFO - websocket_devices:188 - WebSocket client disconnected normally
2026-01-12 18:58:24,972 - cmt.websocket - INFO - disconnect:62 - WebSocket disconnected. Total: 5
2026-01-12 18:58:28,972 - cmt.websocket - INFO - connect:49 - WebSocket connected (user_id=None). Total: 6
2026-01-12 18:58:28,972 - cmt.websocket - INFO - websocket_devices:188 - WebSocket client disconnected normally
2026-01-12 18:58:28,973 - cmt.websocket - INFO - disconnect:62 - WebSocket disconnected. Total: 5
2026-01-12 18:58:32,965 - cmt.websocket - INFO - connect:49 - WebSocket connected (user_id=None). Total: 6
2026-01-12 18:58:32,966 - cmt.websocket - INFO - websocket_devices:188 - WebSocket client disconnected normally
2026-01-12 18:58:32,966 - cmt.websocket - INFO - disconnect:62 - WebSocket disconnected. Total: 5
2026-01-12 18:58:36,964 - cmt.websocket - INFO - websocket_devices:188 - WebSocket client disconnected normally
2026-01-12 18:58:36,965 - cmt.websocket - INFO - disconnect:62 - WebSocket disconnected. Total: 4
2026-01-12 18:58:36,965 - cmt.websocket - INFO - connect:49 - WebSocket connected (user_id=None). Total: 5
2026-01-12 18:58:40,965 - cmt.websocket - INFO - connect:49 - WebSocket connected (user_id=None). Total: 6
2026-01-12 18:58:40,967 - cmt.websocket - INFO - websocket_devices:188 - WebSocket client disconnected normally
2026-01-12 18:58:40,967 - cmt.websocket - INFO - disconnect:62 - WebSocket disconnected. Total: 5
2026-01-12 18:58:44,971 - cmt.websocket - INFO - connect:49 - WebSocket connected (user_id=None). Total: 6
2026-01-12 18:58:44,976 - cmt.websocket - INFO - websocket_devices:188 - WebSocket client disconnected normally
2026-01-12 18:58:44,977 - cmt.websocket - INFO - disconnect:62 - WebSocket disconnected. Total: 5
2026-01-12 18:58:48,968 - cmt.websocket - INFO - connect:49 - WebSocket connected (user_id=None). Total: 6
2026-01-12 18:58:48,971 - cmt.websocket - INFO - websocket_devices:188 - WebSocket client disconnected normally
2026-01-12 18:58:48,972 - cmt.websocket - INFO - disconnect:62 - WebSocket disconnected. Total: 5
2026-01-12 18:58:52,966 - cmt.websocket - INFO - connect:49 - WebSocket connected (user_id=None). Total: 6
2026-01-12 18:58:52,968 - cmt.websocket - INFO - websocket_devices:188 - WebSocket client disconnected normally
2026-01-12 18:58:52,968 - cmt.websocket - INFO - disconnect:62 - WebSocket disconnected. Total: 5
2026-01-12 18:58:56,964 - cmt.websocket - INFO - connect:49 - WebSocket connected (user_id=None). Total: 6
2026-01-12 18:58:56,965 - cmt.websocket - INFO - websocket_devices:188 - WebSocket client disconnected normally
2026-01-12 18:58:56,965 - cmt.websocket - INFO - disconnect:62 - WebSocket disconnected. Total: 5
2026-01-12 18:59:00,967 - cmt.websocket - INFO - websocket_devices:188 - WebSocket client disconnected normally
2026-01-12 18:59:00,967 - cmt.websocket - INFO - disconnect:62 - WebSocket disconnected. Total: 4
2026-01-12 18:59:00,968 - cmt.websocket - INFO - connect:49 - WebSocket connected (user_id=None). Total: 5
2026-01-12 18:59:04,964 - cmt.websocket - INFO - connect:49 - WebSocket connected (user_id=None). Total: 6
2026-01-12 18:59:04,966 - cmt.websocket - INFO - websocket_devices:188 - WebSocket client disconnected normally
2026-01-12 18:59:04,966 - cmt.websocket - INFO - disconnect:62 - WebSocket disconnected. Total: 5
2026-01-12 18:59:08,964 - cmt.websocket - INFO - connect:49 - WebSocket connected (user_id=None). Total: 6
2026-01-12 18:59:08,965 - cmt.websocket - INFO - websocket_devices:188 - WebSocket client disconnected normally
2026-01-12 18:59:08,966 - cmt.websocket - INFO - disconnect:62 - WebSocket disconnected. Total: 5
2026-01-12 18:59:12,965 - cmt.websocket - INFO - connect:49 - WebSocket connected (user_id=None). Total: 6
2026-01-12 18:59:12,966 - cmt.websocket - INFO - websocket_devices:188 - WebSocket client disconnected normally
2026-01-12 18:59:12,967 - cmt.websocket - INFO - disconnect:62 - WebSocket disconnected. Total: 5
2026-01-12 18:59:16,968 - cmt.websocket - INFO - connect:49 - WebSocket connected (user_id=None). Total: 6
2026-01-12 18:59:16,970 - cmt.websocket - INFO - websocket_devices:188 - WebSocket client disconnected normally
2026-01-12 18:59:16,971 - cmt.websocket - INFO - disconnect:62 - WebSocket disconnected. Total: 5
2026-01-12 18:59:20,969 - cmt.websocket - INFO - connect:49 - WebSocket connected (user_id=None). Total: 6
2026-01-12 18:59:20,971 - cmt.websocket - INFO - websocket_devices:188 - WebSocket client disconnected normally
2026-01-12 18:59:20,972 - cmt.websocket - INFO - disconnect:62 - WebSocket disconnected. Total: 5
2026-01-12 18:59:24,987 - cmt.websocket - INFO - connect:49 - WebSocket connected (user_id=None). Total: 6
2026-01-12 18:59:24,989 - cmt.websocket - INFO - websocket_devices:188 - WebSocket client disconnected normally
2026-01-12 18:59:24,989 - cmt.websocket - INFO - disconnect:62 - WebSocket disconnected. Total: 5
2026-01-12 18:59:28,965 - cmt.websocket - INFO - websocket_devices:188 - WebSocket client disconnected normally
2026-01-12 18:59:28,969 - cmt.websocket - INFO - disconnect:62 - WebSocket disconnected. Total: 4
2026-01-12 18:59:28,977 - cmt.websocket - INFO - connect:49 - WebSocket connected (user_id=None). Total: 5
2026-01-12 18:59:32,968 - cmt.websocket - INFO - websocket_devices:188 - WebSocket client disconnected normally
2026-01-12 18:59:32,968 - cmt.websocket - INFO - disconnect:62 - WebSocket disconnected. Total: 4
2026-01-12 18:59:32,969 - cmt.websocket - INFO - connect:49 - WebSocket connected (user_id=None). Total: 5
2026-01-12 18:59:36,963 - cmt.websocket - INFO - websocket_devices:188 - WebSocket client disconnected normally
2026-01-12 18:59:36,964 - cmt.websocket - INFO - disconnect:62 - WebSocket disconnected. Total: 4
2026-01-12 18:59:36,964 - cmt.websocket - INFO - connect:49 - WebSocket connected (user_id=None). Total: 5
2026-01-12 18:59:40,967 - cmt.websocket - INFO - connect:49 - WebSocket connected (user_id=None). Total: 6
2026-01-12 18:59:40,971 - cmt.websocket - INFO - websocket_devices:188 - WebSocket client disconnected normally
2026-01-12 18:59:40,971 - cmt.websocket - INFO - disconnect:62 - WebSocket disconnected. Total: 5
2026-01-12 18:59:44,965 - cmt.websocket - INFO - connect:49 - WebSocket connected (user_id=None). Total: 6
2026-01-12 18:59:44,967 - cmt.websocket - INFO - websocket_devices:188 - WebSocket client disconnected normally
2026-01-12 18:59:44,968 - cmt.websocket - INFO - disconnect:62 - WebSocket disconnected. Total: 5
2026-01-12 18:59:48,968 - cmt.websocket - INFO - connect:49 - WebSocket connected (user_id=None). Total: 6
2026-01-12 18:59:48,970 - cmt.websocket - INFO - websocket_devices:188 - WebSocket client disconnected normally
2026-01-12 18:59:48,971 - cmt.websocket - INFO - disconnect:62 - WebSocket disconnected. Total: 5
2026-01-12 18:59:52,970 - cmt.websocket - INFO - websocket_devices:188 - WebSocket client disconnected normally
2026-01-12 18:59:52,972 - cmt.websocket - INFO - disconnect:62 - WebSocket disconnected. Total: 4
2026-01-12 18:59:52,975 - cmt.websocket - INFO - connect:49 - WebSocket connected (user_id=None). Total: 5
2026-01-12 18:59:56,969 - cmt.websocket - INFO - connect:49 - WebSocket connected (user_id=None). Total: 6
2026-01-12 18:59:56,972 - cmt.websocket - INFO - websocket_devices:188 - WebSocket client disconnected normally
2026-01-12 18:59:56,974 - cmt.websocket - INFO - disconnect:62 - WebSocket disconnected. Total: 5
2026-01-12 19:00:00,965 - cmt.websocket - INFO - connect:49 - WebSocket connected (user_id=None). Total: 6
2026-01-12 19:00:00,966 - cmt.websocket - INFO - websocket_devices:188 - WebSocket client disconnected normally
2026-01-12 19:00:00,967 - cmt.websocket - INFO - disconnect:62 - WebSocket disconnected. Total: 5
2026-01-12 19:00:04,967 - cmt.websocket - INFO - connect:49 - WebSocket connected (user_id=None). Total: 6
2026-01-12 19:00:04,969 - cmt.websocket - INFO - websocket_devices:188 - WebSocket client disconnected normally
2026-01-12 19:00:04,970 - cmt.websocket - INFO - disconnect:62 - WebSocket disconnected. Total: 5
2026-01-12 19:00:08,972 - cmt.websocket - INFO - connect:49 - WebSocket connected (user_id=None). Total: 6
2026-01-12 19:00:08,976 - cmt.websocket - INFO - websocket_devices:188 - WebSocket client disconnected normally
2026-01-12 19:00:08,977 - cmt.websocket - INFO - disconnect:62 - WebSocket disconnected. Total: 5
2026-01-12 19:00:12,969 - cmt.websocket - INFO - connect:49 - WebSocket connected (user_id=None). Total: 6
2026-01-12 19:00:12,969 - cmt.websocket - INFO - websocket_devices:188 - WebSocket client disconnected normally
2026-01-12 19:00:12,970 - cmt.websocket - INFO - disconnect:62 - WebSocket disconnected. Total: 5
2026-01-12 19:00:16,971 - cmt.websocket - INFO - connect:49 - WebSocket connected (user_id=None). Total: 6
2026-01-12 19:00:16,973 - cmt.websocket - INFO - websocket_devices:188 - WebSocket client disconnected normally
2026-01-12 19:00:16,975 - cmt.websocket - INFO - disconnect:62 - WebSocket disconnected. Total: 5
2026-01-12 19:00:20,964 - cmt.websocket - INFO - websocket_devices:188 - WebSocket client disconnected normally
2026-01-12 19:00:20,965 - cmt.websocket - INFO - disconnect:62 - WebSocket disconnected. Total: 4
2026-01-12 19:00:20,966 - cmt.websocket - INFO - connect:49 - WebSocket connected (user_id=None). Total: 5
2026-01-12 19:00:24,975 - cmt.websocket - INFO - websocket_devices:188 - WebSocket client disconnected normally
2026-01-12 19:00:24,977 - cmt.websocket - INFO - disconnect:62 - WebSocket disconnected. Total: 4
2026-01-12 19:00:24,981 - cmt.websocket - INFO - connect:49 - WebSocket connected (user_id=None). Total: 5
2026-01-12 19:00:28,971 - cmt.websocket - INFO - connect:49 - WebSocket connected (user_id=None). Total: 6
2026-01-12 19:00:28,980 - cmt.websocket - INFO - websocket_devices:188 - WebSocket client disconnected normally
2026-01-12 19:00:28,982 - cmt.websocket - INFO - disconnect:62 - WebSocket disconnected. Total: 5
2026-01-12 19:00:32,965 - cmt.websocket - INFO - connect:49 - WebSocket connected (user_id=None). Total: 6
2026-01-12 19:00:32,968 - cmt.websocket - INFO - websocket_devices:188 - WebSocket client disconnected normally
2026-01-12 19:00:32,969 - cmt.websocket - INFO - disconnect:62 - WebSocket disconnected. Total: 5
2026-01-12 19:00:36,964 - cmt.websocket - INFO - connect:49 - WebSocket connected (user_id=None). Total: 6
2026-01-12 19:00:36,966 - cmt.websocket - INFO - websocket_devices:188 - WebSocket client disconnected normally
2026-01-12 19:00:36,967 - cmt.websocket - INFO - disconnect:62 - WebSocket disconnected. Total: 5
2026-01-12 19:00:40,965 - cmt.websocket - INFO - websocket_devices:188 - WebSocket client disconnected normally
2026-01-12 19:00:40,966 - cmt.websocket - INFO - disconnect:62 - WebSocket disconnected. Total: 4
2026-01-12 19:00:40,968 - cmt.websocket - INFO - connect:49 - WebSocket connected (user_id=None). Total: 5
2026-01-12 19:00:44,966 - cmt.websocket - INFO - websocket_devices:188 - WebSocket client disconnected normally
2026-01-12 19:00:44,967 - cmt.websocket - INFO - disconnect:62 - WebSocket disconnected. Total: 4
2026-01-12 19:00:44,968 - cmt.websocket - INFO - connect:49 - WebSocket connected (user_id=None). Total: 5
2026-01-12 19:00:48,967 - cmt.websocket - INFO - connect:49 - WebSocket connected (user_id=None). Total: 6
2026-01-12 19:00:48,970 - cmt.websocket - INFO - websocket_devices:188 - WebSocket client disconnected normally
2026-01-12 19:00:48,970 - cmt.websocket - INFO - disconnect:62 - WebSocket disconnected. Total: 5
2026-01-12 19:00:52,964 - cmt.websocket - INFO - websocket_devices:188 - WebSocket client disconnected normally
2026-01-12 19:00:52,965 - cmt.websocket - INFO - disconnect:62 - WebSocket disconnected. Total: 4
2026-01-12 19:00:52,966 - cmt.websocket - INFO - connect:49 - WebSocket connected (user_id=None). Total: 5
2026-01-12 19:00:56,966 - cmt.websocket - INFO - connect:49 - WebSocket connected (user_id=None). Total: 6
2026-01-12 19:00:56,967 - cmt.websocket - INFO - websocket_devices:188 - WebSocket client disconnected normally
2026-01-12 19:00:56,968 - cmt.websocket - INFO - disconnect:62 - WebSocket disconnected. Total: 5
2026-01-12 19:01:00,967 - cmt.websocket - INFO - connect:49 - WebSocket connected (user_id=None). Total: 6
2026-01-12 19:01:00,969 - cmt.websocket - INFO - websocket_devices:188 - WebSocket client disconnected normally
2026-01-12 19:01:00,969 - cmt.websocket - INFO - disconnect:62 - WebSocket disconnected. Total: 5
2026-01-12 19:01:04,967 - cmt.websocket - INFO - connect:49 - WebSocket connected (user_id=None). Total: 6
2026-01-12 19:01:04,969 - cmt.websocket - INFO - websocket_devices:188 - WebSocket client disconnected normally
2026-01-12 19:01:04,969 - cmt.websocket - INFO - disconnect:62 - WebSocket disconnected. Total: 5
2026-01-12 19:01:08,982 - cmt.websocket - INFO - connect:49 - WebSocket connected (user_id=None). Total: 6
2026-01-12 19:01:08,987 - cmt.websocket - INFO - websocket_devices:188 - WebSocket client disconnected normally
2026-01-12 19:01:08,987 - cmt.websocket - INFO - disconnect:62 - WebSocket disconnected. Total: 5
2026-01-12 19:01:12,969 - cmt.websocket - INFO - connect:49 - WebSocket connected (user_id=None). Total: 6
2026-01-12 19:01:12,971 - cmt.websocket - INFO - websocket_devices:188 - WebSocket client disconnected normally
2026-01-12 19:01:12,971 - cmt.websocket - INFO - disconnect:62 - WebSocket disconnected. Total: 5
2026-01-12 19:01:16,977 - cmt.websocket - INFO - connect:49 - WebSocket connected (user_id=None). Total: 6
2026-01-12 19:01:16,982 - cmt.websocket - INFO - websocket_devices:188 - WebSocket client disconnected normally
2026-01-12 19:01:16,983 - cmt.websocket - INFO - disconnect:62 - WebSocket disconnected. Total: 5
2026-01-12 19:01:20,973 - cmt.websocket - INFO - connect:49 - WebSocket connected (user_id=None). Total: 6
2026-01-12 19:01:20,977 - cmt.websocket - INFO - websocket_devices:188 - WebSocket client disconnected normally
2026-01-12 19:01:20,979 - cmt.websocket - INFO - disconnect:62 - WebSocket disconnected. Total: 5
2026-01-12 19:01:24,968 - cmt.websocket - INFO - connect:49 - WebSocket connected (user_id=None). Total: 6
2026-01-12 19:01:24,972 - cmt.websocket - INFO - websocket_devices:188 - WebSocket client disconnected normally
2026-01-12 19:01:24,972 - cmt.websocket - INFO - disconnect:62 - WebSocket disconnected. Total: 5
2026-01-12 19:01:28,975 - cmt.websocket - INFO - connect:49 - WebSocket connected (user_id=None). Total: 6
2026-01-12 19:01:28,978 - cmt.websocket - INFO - websocket_devices:188 - WebSocket client disconnected normally
2026-01-12 19:01:28,979 - cmt.websocket - INFO - disconnect:62 - WebSocket disconnected. Total: 5
2026-01-12 19:01:32,965 - cmt.websocket - INFO - connect:49 - WebSocket connected (user_id=None). Total: 6
2026-01-12 19:01:32,966 - cmt.websocket - INFO - websocket_devices:188 - WebSocket client disconnected normally
2026-01-12 19:01:32,966 - cmt.websocket - INFO - disconnect:62 - WebSocket disconnected. Total: 5
2026-01-12 19:01:36,966 - cmt.websocket - INFO - connect:49 - WebSocket connected (user_id=None). Total: 6
2026-01-12 19:01:36,969 - cmt.websocket - INFO - websocket_devices:188 - WebSocket client disconnected normally
2026-01-12 19:01:36,969 - cmt.websocket - INFO - disconnect:62 - WebSocket disconnected. Total: 5
2026-01-12 19:01:40,974 - cmt.websocket - INFO - connect:49 - WebSocket connected (user_id=None). Total: 6
2026-01-12 19:01:40,975 - cmt.websocket - INFO - websocket_devices:188 - WebSocket client disconnected normally
2026-01-12 19:01:40,975 - cmt.websocket - INFO - disconnect:62 - WebSocket disconnected. Total: 5
2026-01-12 19:01:44,966 - cmt.websocket - INFO - connect:49 - WebSocket connected (user_id=None). Total: 6
2026-01-12 19:01:44,967 - cmt.websocket - INFO - websocket_devices:188 - WebSocket client disconnected normally
2026-01-12 19:01:44,967 - cmt.websocket - INFO - disconnect:62 - WebSocket disconnected. Total: 5
2026-01-12 19:01:48,968 - cmt.websocket - INFO - connect:49 - WebSocket connected (user_id=None). Total: 6
2026-01-12 19:01:48,972 - cmt.websocket - INFO - websocket_devices:188 - WebSocket client disconnected normally
2026-01-12 19:01:48,972 - cmt.websocket - INFO - disconnect:62 - WebSocket disconnected. Total: 5
2026-01-12 19:01:52,980 - cmt.websocket - INFO - connect:49 - WebSocket connected (user_id=None). Total: 6
2026-01-12 19:01:52,985 - cmt.websocket - INFO - websocket_devices:188 - WebSocket client disconnected normally
2026-01-12 19:01:52,985 - cmt.websocket - INFO - disconnect:62 - WebSocket disconnected. Total: 5
2026-01-12 19:01:56,973 - cmt.websocket - INFO - connect:49 - WebSocket connected (user_id=None). Total: 6
2026-01-12 19:01:56,975 - cmt.websocket - INFO - websocket_devices:188 - WebSocket client disconnected normally
2026-01-12 19:01:56,976 - cmt.websocket - INFO - disconnect:62 - WebSocket disconnected. Total: 5
2026-01-12 19:02:00,971 - cmt.websocket - INFO - connect:49 - WebSocket connected (user_id=None). Total: 6
2026-01-12 19:02:00,974 - cmt.websocket - INFO - websocket_devices:188 - WebSocket client disconnected normally
2026-01-12 19:02:00,976 - cmt.websocket - INFO - disconnect:62 - WebSocket disconnected. Total: 5
2026-01-12 19:02:04,965 - cmt.websocket - INFO - connect:49 - WebSocket connected (user_id=None). Total: 6
2026-01-12 19:02:04,966 - cmt.websocket - INFO - websocket_devices:188 - WebSocket client disconnected normally
2026-01-12 19:02:04,968 - cmt.websocket - INFO - disconnect:62 - WebSocket disconnected. Total: 5
2026-01-12 19:02:08,965 - cmt.websocket - INFO - connect:49 - WebSocket connected (user_id=None). Total: 6
2026-01-12 19:02:08,966 - cmt.websocket - INFO - websocket_devices:188 - WebSocket client disconnected normally
2026-01-12 19:02:08,966 - cmt.websocket - INFO - disconnect:62 - WebSocket disconnected. Total: 5
2026-01-12 19:02:12,968 - cmt.websocket - INFO - connect:49 - WebSocket connected (user_id=None). Total: 6
2026-01-12 19:02:12,968 - cmt.websocket - INFO - websocket_devices:188 - WebSocket client disconnected normally
2026-01-12 19:02:12,969 - cmt.websocket - INFO - disconnect:62 - WebSocket disconnected. Total: 5
2026-01-12 19:02:17,001 - cmt.websocket - INFO - connect:49 - WebSocket connected (user_id=None). Total: 6
2026-01-12 19:02:17,007 - cmt.websocket - INFO - websocket_devices:188 - WebSocket client disconnected normally
2026-01-12 19:02:17,007 - cmt.websocket - INFO - disconnect:62 - WebSocket disconnected. Total: 5
2026-01-12 19:02:20,965 - cmt.websocket - INFO - connect:49 - WebSocket connected (user_id=None). Total: 6
2026-01-12 19:02:20,966 - cmt.websocket - INFO - websocket_devices:188 - WebSocket client disconnected normally
2026-01-12 19:02:20,967 - cmt.websocket - INFO - disconnect:62 - WebSocket disconnected. Total: 5
2026-01-12 19:02:24,978 - cmt.websocket - INFO - connect:49 - WebSocket connected (user_id=None). Total: 6
2026-01-12 19:02:24,980 - cmt.websocket - INFO - websocket_devices:188 - WebSocket client disconnected normally
2026-01-12 19:02:24,981 - cmt.websocket - INFO - disconnect:62 - WebSocket disconnected. Total: 5
2026-01-12 19:02:28,969 - cmt.websocket - INFO - connect:49 - WebSocket connected (user_id=None). Total: 6
2026-01-12 19:02:28,972 - cmt.websocket - INFO - websocket_devices:188 - WebSocket client disconnected normally
2026-01-12 19:02:28,973 - cmt.websocket - INFO - disconnect:62 - WebSocket disconnected. Total: 5
2026-01-12 19:02:32,965 - cmt.websocket - INFO - connect:49 - WebSocket connected (user_id=None). Total: 6
2026-01-12 19:02:32,967 - cmt.websocket - INFO - websocket_devices:188 - WebSocket client disconnected normally
2026-01-12 19:02:32,968 - cmt.websocket - INFO - disconnect:62 - WebSocket disconnected. Total: 5
2026-01-12 19:02:36,967 - cmt.websocket - INFO - websocket_devices:188 - WebSocket client disconnected normally
2026-01-12 19:02:36,968 - cmt.websocket - INFO - disconnect:62 - WebSocket disconnected. Total: 4
2026-01-12 19:02:36,969 - cmt.websocket - INFO - connect:49 - WebSocket connected (user_id=None). Total: 5
2026-01-12 19:02:40,992 - cmt.websocket - INFO - connect:49 - WebSocket connected (user_id=None). Total: 6
2026-01-12 19:02:41,000 - cmt.websocket - INFO - websocket_devices:188 - WebSocket client disconnected normally
2026-01-12 19:02:41,000 - cmt.websocket - INFO - disconnect:62 - WebSocket disconnected. Total: 5
2026-01-12 19:02:44,965 - cmt.websocket - INFO - connect:49 - WebSocket connected (user_id=None). Total: 6
2026-01-12 19:02:44,966 - cmt.websocket - INFO - websocket_devices:188 - WebSocket client disconnected normally
2026-01-12 19:02:44,967 - cmt.websocket - INFO - disconnect:62 - WebSocket disconnected. Total: 5
2026-01-12 19:02:48,965 - cmt.websocket - INFO - websocket_devices:188 - WebSocket client disconnected normally
2026-01-12 19:02:48,966 - cmt.websocket - INFO - disconnect:62 - WebSocket disconnected. Total: 4
2026-01-12 19:02:48,968 - cmt.websocket - INFO - connect:49 - WebSocket connected (user_id=None). Total: 5
2026-01-12 19:02:52,966 - cmt.websocket - INFO - connect:49 - WebSocket connected (user_id=None). Total: 6
2026-01-12 19:02:52,967 - cmt.websocket - INFO - websocket_devices:188 - WebSocket client disconnected normally
2026-01-12 19:02:52,968 - cmt.websocket - INFO - disconnect:62 - WebSocket disconnected. Total: 5
2026-01-12 19:02:56,966 - cmt.websocket - INFO - connect:49 - WebSocket connected (user_id=None). Total: 6
2026-01-12 19:02:56,968 - cmt.websocket - INFO - websocket_devices:188 - WebSocket client disconnected normally
2026-01-12 19:02:56,968 - cmt.websocket - INFO - disconnect:62 - WebSocket disconnected. Total: 5
2026-01-12 19:03:00,966 - cmt.websocket - INFO - connect:49 - WebSocket connected (user_id=None). Total: 6
2026-01-12 19:03:00,967 - cmt.websocket - INFO - websocket_devices:188 - WebSocket client disconnected normally
2026-01-12 19:03:00,967 - cmt.websocket - INFO - disconnect:62 - WebSocket disconnected. Total: 5
2026-01-12 19:03:04,968 - cmt.websocket - INFO - connect:49 - WebSocket connected (user_id=None). Total: 6
2026-01-12 19:03:04,970 - cmt.websocket - INFO - websocket_devices:188 - WebSocket client disconnected normally
2026-01-12 19:03:04,970 - cmt.websocket - INFO - disconnect:62 - WebSocket disconnected. Total: 5
2026-01-12 19:03:08,967 - cmt.websocket - INFO - connect:49 - WebSocket connected (user_id=None). Total: 6
2026-01-12 19:03:08,970 - cmt.websocket - INFO - websocket_devices:188 - WebSocket client disconnected normally
2026-01-12 19:03:08,971 - cmt.websocket - INFO - disconnect:62 - WebSocket disconnected. Total: 5
2026-01-12 19:03:12,965 - cmt.websocket - INFO - connect:49 - WebSocket connected (user_id=None). Total: 6
2026-01-12 19:03:12,966 - cmt.websocket - INFO - websocket_devices:188 - WebSocket client disconnected normally
2026-01-12 19:03:12,967 - cmt.websocket - INFO - disconnect:62 - WebSocket disconnected. Total: 5
2026-01-12 19:03:16,969 - cmt.websocket - INFO - connect:49 - WebSocket connected (user_id=None). Total: 6
2026-01-12 19:03:16,972 - cmt.websocket - INFO - websocket_devices:188 - WebSocket client disconnected normally
2026-01-12 19:03:16,972 - cmt.websocket - INFO - disconnect:62 - WebSocket disconnected. Total: 5
2026-01-12 19:03:20,968 - cmt.websocket - INFO - connect:49 - WebSocket connected (user_id=None). Total: 6
2026-01-12 19:03:20,970 - cmt.websocket - INFO - websocket_devices:188 - WebSocket client disconnected normally
2026-01-12 19:03:20,970 - cmt.websocket - INFO - disconnect:62 - WebSocket disconnected. Total: 5
2026-01-12 19:03:24,967 - cmt.websocket - INFO - connect:49 - WebSocket connected (user_id=None). Total: 6
2026-01-12 19:03:24,969 - cmt.websocket - INFO - websocket_devices:188 - WebSocket client disconnected normally
2026-01-12 19:03:24,970 - cmt.websocket - INFO - disconnect:62 - WebSocket disconnected. Total: 5
2026-01-12 19:03:28,973 - cmt.websocket - INFO - connect:49 - WebSocket connected (user_id=None). Total: 6
2026-01-12 19:03:28,975 - cmt.websocket - INFO - websocket_devices:188 - WebSocket client disconnected normally
2026-01-12 19:03:28,976 - cmt.websocket - INFO - disconnect:62 - WebSocket disconnected. Total: 5
2026-01-12 19:03:32,966 - cmt.websocket - INFO - connect:49 - WebSocket connected (user_id=None). Total: 6
2026-01-12 19:03:32,967 - cmt.websocket - INFO - websocket_devices:188 - WebSocket client disconnected normally
2026-01-12 19:03:32,968 - cmt.websocket - INFO - disconnect:62 - WebSocket disconnected. Total: 5
2026-01-12 19:03:36,967 - cmt.websocket - INFO - connect:49 - WebSocket connected (user_id=None). Total: 6
2026-01-12 19:03:36,968 - cmt.websocket - INFO - websocket_devices:188 - WebSocket client disconnected normally
2026-01-12 19:03:36,968 - cmt.websocket - INFO - disconnect:62 - WebSocket disconnected. Total: 5
2026-01-12 19:03:40,968 - cmt.websocket - INFO - connect:49 - WebSocket connected (user_id=None). Total: 6
2026-01-12 19:03:40,970 - cmt.websocket - INFO - websocket_devices:188 - WebSocket client disconnected normally
2026-01-12 19:03:40,971 - cmt.websocket - INFO - disconnect:62 - WebSocket disconnected. Total: 5
2026-01-12 19:03:44,964 - cmt.websocket - INFO - websocket_devices:188 - WebSocket client disconnected normally
2026-01-12 19:03:44,965 - cmt.websocket - INFO - disconnect:62 - WebSocket disconnected. Total: 4
2026-01-12 19:03:44,965 - cmt.websocket - INFO - connect:49 - WebSocket connected (user_id=None). Total: 5
2026-01-12 19:03:48,969 - cmt.websocket - INFO - connect:49 - WebSocket connected (user_id=None). Total: 6
2026-01-12 19:03:48,977 - cmt.websocket - INFO - websocket_devices:188 - WebSocket client disconnected normally
2026-01-12 19:03:48,987 - cmt.websocket - INFO - disconnect:62 - WebSocket disconnected. Total: 5
2026-01-12 19:03:52,965 - cmt.websocket - INFO - connect:49 - WebSocket connected (user_id=None). Total: 6
2026-01-12 19:03:52,966 - cmt.websocket - INFO - websocket_devices:188 - WebSocket client disconnected normally
2026-01-12 19:03:52,967 - cmt.websocket - INFO - disconnect:62 - WebSocket disconnected. Total: 5
2026-01-12 19:03:56,967 - cmt.websocket - INFO - connect:49 - WebSocket connected (user_id=None). Total: 6
2026-01-12 19:03:56,968 - cmt.websocket - INFO - websocket_devices:188 - WebSocket client disconnected normally
2026-01-12 19:03:56,968 - cmt.websocket - INFO - disconnect:62 - WebSocket disconnected. Total: 5
2026-01-12 19:04:00,970 - cmt.websocket - INFO - connect:49 - WebSocket connected (user_id=None). Total: 6
2026-01-12 19:04:00,971 - cmt.websocket - INFO - websocket_devices:188 - WebSocket client disconnected normally
2026-01-12 19:04:00,972 - cmt.websocket - INFO - disconnect:62 - WebSocket disconnected. Total: 5
2026-01-12 19:04:04,966 - cmt.websocket - INFO - connect:49 - WebSocket connected (user_id=None). Total: 6
2026-01-12 19:04:04,968 - cmt.websocket - INFO - websocket_devices:188 - WebSocket client disconnected normally
2026-01-12 19:04:04,969 - cmt.websocket - INFO - disconnect:62 - WebSocket disconnected. Total: 5
2026-01-12 19:04:08,968 - cmt.websocket - INFO - connect:49 - WebSocket connected (user_id=None). Total: 6
2026-01-12 19:04:08,972 - cmt.websocket - INFO - websocket_devices:188 - WebSocket client disconnected normally
2026-01-12 19:04:08,974 - cmt.websocket - INFO - disconnect:62 - WebSocket disconnected. Total: 5
2026-01-12 19:04:12,972 - cmt.websocket - INFO - connect:49 - WebSocket connected (user_id=None). Total: 6
2026-01-12 19:04:12,976 - cmt.websocket - INFO - websocket_devices:188 - WebSocket client disconnected normally
2026-01-12 19:04:12,977 - cmt.websocket - INFO - disconnect:62 - WebSocket disconnected. Total: 5
2026-01-12 19:04:16,969 - cmt.websocket - INFO - websocket_devices:188 - WebSocket client disconnected normally
2026-01-12 19:04:16,970 - cmt.websocket - INFO - disconnect:62 - WebSocket disconnected. Total: 4
2026-01-12 19:04:16,974 - cmt.websocket - INFO - connect:49 - WebSocket connected (user_id=None). Total: 5
2026-01-12 19:04:20,968 - cmt.websocket - INFO - websocket_devices:188 - WebSocket client disconnected normally
2026-01-12 19:04:20,970 - cmt.websocket - INFO - disconnect:62 - WebSocket disconnected. Total: 4
2026-01-12 19:04:20,974 - cmt.websocket - INFO - connect:49 - WebSocket connected (user_id=None). Total: 5
2026-01-12 19:04:24,963 - cmt.websocket - INFO - connect:49 - WebSocket connected (user_id=None). Total: 6
2026-01-12 19:04:24,964 - cmt.websocket - INFO - websocket_devices:188 - WebSocket client disconnected normally
2026-01-12 19:04:24,965 - cmt.websocket - INFO - disconnect:62 - WebSocket disconnected. Total: 5
2026-01-12 19:04:28,969 - cmt.websocket - INFO - connect:49 - WebSocket connected (user_id=None). Total: 6
2026-01-12 19:04:28,972 - cmt.websocket - INFO - websocket_devices:188 - WebSocket client disconnected normally
2026-01-12 19:04:28,973 - cmt.websocket - INFO - disconnect:62 - WebSocket disconnected. Total: 5
2026-01-12 19:04:32,965 - cmt.websocket - INFO - connect:49 - WebSocket connected (user_id=None). Total: 6
2026-01-12 19:04:32,968 - cmt.websocket - INFO - websocket_devices:188 - WebSocket client disconnected normally
2026-01-12 19:04:32,968 - cmt.websocket - INFO - disconnect:62 - WebSocket disconnected. Total: 5
2026-01-12 19:04:36,962 - cmt.websocket - INFO - websocket_devices:188 - WebSocket client disconnected normally
2026-01-12 19:04:36,963 - cmt.websocket - INFO - disconnect:62 - WebSocket disconnected. Total: 4
2026-01-12 19:04:36,965 - cmt.websocket - INFO - connect:49 - WebSocket connected (user_id=None). Total: 5
2026-01-12 19:04:40,965 - cmt.websocket - INFO - websocket_devices:188 - WebSocket client disconnected normally
2026-01-12 19:04:40,970 - cmt.websocket - INFO - disconnect:62 - WebSocket disconnected. Total: 4
2026-01-12 19:04:40,984 - cmt.websocket - INFO - connect:49 - WebSocket connected (user_id=None). Total: 5
2026-01-12 19:04:44,960 - cmt.websocket - INFO - websocket_devices:188 - WebSocket client disconnected normally
2026-01-12 19:04:44,960 - cmt.websocket - INFO - disconnect:62 - WebSocket disconnected. Total: 4
2026-01-12 19:04:44,961 - cmt.websocket - INFO - connect:49 - WebSocket connected (user_id=None). Total: 5
2026-01-12 19:04:48,962 - cmt.websocket - INFO - connect:49 - WebSocket connected (user_id=None). Total: 6
2026-01-12 19:04:48,963 - cmt.websocket - INFO - websocket_devices:188 - WebSocket client disconnected normally
2026-01-12 19:04:48,963 - cmt.websocket - INFO - disconnect:62 - WebSocket disconnected. Total: 5
2026-01-12 19:04:52,965 - cmt.websocket - INFO - connect:49 - WebSocket connected (user_id=None). Total: 6
2026-01-12 19:04:52,965 - cmt.websocket - INFO - websocket_devices:188 - WebSocket client disconnected normally
2026-01-12 19:04:52,965 - cmt.websocket - INFO - disconnect:62 - WebSocket disconnected. Total: 5
2026-01-12 19:04:56,967 - cmt.websocket - INFO - connect:49 - WebSocket connected (user_id=None). Total: 6
2026-01-12 19:04:56,968 - cmt.websocket - INFO - websocket_devices:188 - WebSocket client disconnected normally
2026-01-12 19:04:56,968 - cmt.websocket - INFO - disconnect:62 - WebSocket disconnected. Total: 5
2026-01-12 19:05:00,969 - cmt.websocket - INFO - connect:49 - WebSocket connected (user_id=None). Total: 6
2026-01-12 19:05:00,971 - cmt.websocket - INFO - websocket_devices:188 - WebSocket client disconnected normally
2026-01-12 19:05:00,971 - cmt.websocket - INFO - disconnect:62 - WebSocket disconnected. Total: 5
2026-01-12 19:05:04,966 - cmt.websocket - INFO - websocket_devices:188 - WebSocket client disconnected normally
2026-01-12 19:05:04,966 - cmt.websocket - INFO - disconnect:62 - WebSocket disconnected. Total: 4
2026-01-12 19:05:04,967 - cmt.websocket - INFO - connect:49 - WebSocket connected (user_id=None). Total: 5
2026-01-12 19:05:08,970 - cmt.websocket - INFO - connect:49 - WebSocket connected (user_id=None). Total: 6
2026-01-12 19:05:08,972 - cmt.websocket - INFO - websocket_devices:188 - WebSocket client disconnected normally
2026-01-12 19:05:08,972 - cmt.websocket - INFO - disconnect:62 - WebSocket disconnected. Total: 5
2026-01-12 19:05:12,965 - cmt.websocket - INFO - websocket_devices:188 - WebSocket client disconnected normally
2026-01-12 19:05:12,966 - cmt.websocket - INFO - disconnect:62 - WebSocket disconnected. Total: 4
2026-01-12 19:05:12,968 - cmt.websocket - INFO - connect:49 - WebSocket connected (user_id=None). Total: 5
2026-01-12 19:05:16,968 - cmt.websocket - INFO - connect:49 - WebSocket connected (user_id=None). Total: 6
2026-01-12 19:05:16,969 - cmt.websocket - INFO - websocket_devices:188 - WebSocket client disconnected normally
2026-01-12 19:05:16,969 - cmt.websocket - INFO - disconnect:62 - WebSocket disconnected. Total: 5
2026-01-12 19:05:20,965 - cmt.websocket - INFO - websocket_devices:188 - WebSocket client disconnected normally
2026-01-12 19:05:20,965 - cmt.websocket - INFO - disconnect:62 - WebSocket disconnected. Total: 4
2026-01-12 19:05:20,966 - cmt.websocket - INFO - connect:49 - WebSocket connected (user_id=None). Total: 5
2026-01-12 19:05:24,969 - cmt.websocket - INFO - connect:49 - WebSocket connected (user_id=None). Total: 6
2026-01-12 19:05:24,969 - cmt.websocket - INFO - websocket_devices:188 - WebSocket client disconnected normally
2026-01-12 19:05:24,970 - cmt.websocket - INFO - disconnect:62 - WebSocket disconnected. Total: 5
2026-01-12 19:05:28,967 - cmt.websocket - INFO - connect:49 - WebSocket connected (user_id=None). Total: 6
2026-01-12 19:05:28,968 - cmt.websocket - INFO - websocket_devices:188 - WebSocket client disconnected normally
2026-01-12 19:05:28,968 - cmt.websocket - INFO - disconnect:62 - WebSocket disconnected. Total: 5
2026-01-12 19:05:33,023 - cmt.websocket - INFO - connect:49 - WebSocket connected (user_id=None). Total: 6
2026-01-12 19:05:33,027 - cmt.websocket - INFO - websocket_devices:188 - WebSocket client disconnected normally
2026-01-12 19:05:33,027 - cmt.websocket - INFO - disconnect:62 - WebSocket disconnected. Total: 5
2026-01-12 19:05:36,985 - cmt.websocket - INFO - connect:49 - WebSocket connected (user_id=None). Total: 6
2026-01-12 19:05:36,995 - cmt.websocket - INFO - websocket_devices:188 - WebSocket client disconnected normally
2026-01-12 19:05:36,998 - cmt.websocket - INFO - disconnect:62 - WebSocket disconnected. Total: 5
2026-01-12 19:05:40,974 - cmt.websocket - INFO - websocket_devices:188 - WebSocket client disconnected normally
2026-01-12 19:05:40,976 - cmt.websocket - INFO - disconnect:62 - WebSocket disconnected. Total: 4
2026-01-12 19:05:40,982 - cmt.websocket - INFO - connect:49 - WebSocket connected (user_id=None). Total: 5
2026-01-12 19:05:44,970 - cmt.websocket - INFO - connect:49 - WebSocket connected (user_id=None). Total: 6
2026-01-12 19:05:44,972 - cmt.websocket - INFO - websocket_devices:188 - WebSocket client disconnected normally
2026-01-12 19:05:44,973 - cmt.websocket - INFO - disconnect:62 - WebSocket disconnected. Total: 5
2026-01-12 19:05:48,967 - cmt.websocket - INFO - websocket_devices:188 - WebSocket client disconnected normally
2026-01-12 19:05:48,969 - cmt.websocket - INFO - disconnect:62 - WebSocket disconnected. Total: 4
2026-01-12 19:05:48,971 - cmt.websocket - INFO - connect:49 - WebSocket connected (user_id=None). Total: 5
2026-01-12 19:05:52,972 - cmt.websocket - INFO - connect:49 - WebSocket connected (user_id=None). Total: 6
2026-01-12 19:05:52,972 - cmt.websocket - INFO - websocket_devices:188 - WebSocket client disconnected normally
2026-01-12 19:05:52,973 - cmt.websocket - INFO - disconnect:62 - WebSocket disconnected. Total: 5
2026-01-12 19:05:56,965 - cmt.websocket - INFO - connect:49 - WebSocket connected (user_id=None). Total: 6
2026-01-12 19:05:56,966 - cmt.websocket - INFO - websocket_devices:188 - WebSocket client disconnected normally
2026-01-12 19:05:56,966 - cmt.websocket - INFO - disconnect:62 - WebSocket disconnected. Total: 5
2026-01-12 19:06:00,969 - cmt.websocket - INFO - connect:49 - WebSocket connected (user_id=None). Total: 6
2026-01-12 19:06:00,971 - cmt.websocket - INFO - websocket_devices:188 - WebSocket client disconnected normally
2026-01-12 19:06:00,972 - cmt.websocket - INFO - disconnect:62 - WebSocket disconnected. Total: 5
2026-01-12 19:06:04,966 - cmt.websocket - INFO - websocket_devices:188 - WebSocket client disconnected normally
2026-01-12 19:06:04,966 - cmt.websocket - INFO - disconnect:62 - WebSocket disconnected. Total: 4
2026-01-12 19:06:04,968 - cmt.websocket - INFO - connect:49 - WebSocket connected (user_id=None). Total: 5
2026-01-12 19:06:08,965 - cmt.websocket - INFO - websocket_devices:188 - WebSocket client disconnected normally
2026-01-12 19:06:08,966 - cmt.websocket - INFO - disconnect:62 - WebSocket disconnected. Total: 4
2026-01-12 19:06:08,967 - cmt.websocket - INFO - connect:49 - WebSocket connected (user_id=None). Total: 5
2026-01-12 19:06:12,970 - cmt.websocket - INFO - connect:49 - WebSocket connected (user_id=None). Total: 6
2026-01-12 19:06:12,972 - cmt.websocket - INFO - websocket_devices:188 - WebSocket client disconnected normally
2026-01-12 19:06:12,972 - cmt.websocket - INFO - disconnect:62 - WebSocket disconnected. Total: 5
2026-01-12 19:06:16,966 - cmt.websocket - INFO - websocket_devices:188 - WebSocket client disconnected normally
2026-01-12 19:06:16,967 - cmt.websocket - INFO - disconnect:62 - WebSocket disconnected. Total: 4
2026-01-12 19:06:16,967 - cmt.websocket - INFO - connect:49 - WebSocket connected (user_id=None). Total: 5
2026-01-12 19:06:20,972 - cmt.websocket - INFO - websocket_devices:188 - WebSocket client disconnected normally
2026-01-12 19:06:20,977 - cmt.websocket - INFO - disconnect:62 - WebSocket disconnected. Total: 4
2026-01-12 19:06:20,985 - cmt.websocket - INFO - connect:49 - WebSocket connected (user_id=None). Total: 5
2026-01-12 19:06:24,973 - cmt.websocket - INFO - websocket_devices:188 - WebSocket client disconnected normally
2026-01-12 19:06:24,974 - cmt.websocket - INFO - disconnect:62 - WebSocket disconnected. Total: 4
2026-01-12 19:06:24,976 - cmt.websocket - INFO - connect:49 - WebSocket connected (user_id=None). Total: 5
2026-01-12 19:06:28,989 - cmt.websocket - INFO - connect:49 - WebSocket connected (user_id=None). Total: 6
2026-01-12 19:06:28,990 - cmt.websocket - INFO - websocket_devices:188 - WebSocket client disconnected normally
2026-01-12 19:06:28,991 - cmt.websocket - INFO - disconnect:62 - WebSocket disconnected. Total: 5
2026-01-12 19:06:32,970 - cmt.websocket - INFO - connect:49 - WebSocket connected (user_id=None). Total: 6
2026-01-12 19:06:32,971 - cmt.websocket - INFO - websocket_devices:188 - WebSocket client disconnected normally
2026-01-12 19:06:32,972 - cmt.websocket - INFO - disconnect:62 - WebSocket disconnected. Total: 5
2026-01-12 19:06:36,963 - cmt.websocket - INFO - websocket_devices:188 - WebSocket client disconnected normally
2026-01-12 19:06:36,964 - cmt.websocket - INFO - disconnect:62 - WebSocket disconnected. Total: 4
2026-01-12 19:06:36,964 - cmt.websocket - INFO - connect:49 - WebSocket connected (user_id=None). Total: 5
2026-01-12 19:06:40,969 - cmt.websocket - INFO - connect:49 - WebSocket connected (user_id=None). Total: 6
2026-01-12 19:06:40,971 - cmt.websocket - INFO - websocket_devices:188 - WebSocket client disconnected normally
2026-01-12 19:06:40,972 - cmt.websocket - INFO - disconnect:62 - WebSocket disconnected. Total: 5
2026-01-12 19:06:44,967 - cmt.websocket - INFO - connect:49 - WebSocket connected (user_id=None). Total: 6
2026-01-12 19:06:44,969 - cmt.websocket - INFO - websocket_devices:188 - WebSocket client disconnected normally
2026-01-12 19:06:44,971 - cmt.websocket - INFO - disconnect:62 - WebSocket disconnected. Total: 5
2026-01-12 19:06:48,978 - cmt.websocket - INFO - connect:49 - WebSocket connected (user_id=None). Total: 6
2026-01-12 19:06:48,985 - cmt.websocket - INFO - websocket_devices:188 - WebSocket client disconnected normally
2026-01-12 19:06:48,993 - cmt.websocket - INFO - disconnect:62 - WebSocket disconnected. Total: 5
2026-01-12 19:06:52,967 - cmt.websocket - INFO - websocket_devices:188 - WebSocket client disconnected normally
2026-01-12 19:06:52,968 - cmt.websocket - INFO - disconnect:62 - WebSocket disconnected. Total: 4
2026-01-12 19:06:52,971 - cmt.websocket - INFO - connect:49 - WebSocket connected (user_id=None). Total: 5
2026-01-12 19:06:56,188 - cmt.websocket - INFO - websocket_notifications:276 - Notification WebSocket disconnected (user_id=1)
2026-01-12 19:06:56,212 - cmt.websocket - INFO - disconnect:62 - WebSocket disconnected. Total: 4
2026-01-12 19:06:56,217 - cmt.websocket - INFO - websocket_devices:188 - WebSocket client disconnected normally
2026-01-12 19:06:56,217 - cmt.websocket - INFO - disconnect:62 - WebSocket disconnected. Total: 3
2026-01-12 19:06:56,252 - cmt.websocket - INFO - connect:49 - WebSocket connected (user_id=None). Total: 4
2026-01-12 19:06:56,284 - cmt.websocket - INFO - websocket_notifications:276 - Notification WebSocket disconnected (user_id=1)
2026-01-12 19:06:56,286 - cmt.websocket - INFO - disconnect:62 - WebSocket disconnected. Total: 3
2026-01-12 19:06:56,553 - cmt.websocket - INFO - websocket_notifications:276 - Notification WebSocket disconnected (user_id=1)
2026-01-12 19:06:56,771 - cmt.websocket - INFO - disconnect:62 - WebSocket disconnected. Total: 2
2026-01-12 19:06:56,879 - cmt.websocket - INFO - websocket_notifications:276 - Notification WebSocket disconnected (user_id=1)
2026-01-12 19:06:57,095 - cmt.websocket - INFO - disconnect:62 - WebSocket disconnected. Total: 1
2026-01-12 19:06:57,096 - cmt.websocket - INFO - websocket_devices:188 - WebSocket client disconnected normally
2026-01-12 19:06:57,097 - cmt.websocket - INFO - disconnect:62 - WebSocket disconnected. Total: 0
2026-01-12 19:06:59,553 - cmt.websocket - INFO - connect:49 - WebSocket connected (user_id=1). Total: 1
2026-01-12 19:06:59,556 - cmt.websocket - INFO - websocket_notifications:276 - Notification WebSocket disconnected (user_id=1)
2026-01-12 19:06:59,556 - cmt.websocket - INFO - disconnect:62 - WebSocket disconnected. Total: 0
2026-01-12 19:06:59,601 - cmt.websocket - INFO - connect:49 - WebSocket connected (user_id=1). Total: 1
2026-01-12 19:07:00,073 - cmt.websocket - INFO - connect:49 - WebSocket connected (user_id=1). Total: 2
2026-01-12 19:07:00,118 - cmt.websocket - INFO - websocket_notifications:276 - Notification WebSocket disconnected (user_id=1)
2026-01-12 19:07:00,136 - cmt.websocket - INFO - disconnect:62 - WebSocket disconnected. Total: 1
2026-01-12 19:07:00,163 - cmt.websocket - INFO - connect:49 - WebSocket connected (user_id=1). Total: 2
2026-01-12 19:07:00,182 - cmt.websocket - INFO - connect:49 - WebSocket connected (user_id=None). Total: 3
2026-01-12 19:07:02,569 - cmt.websocket - INFO - connect:49 - WebSocket connected (user_id=1). Total: 4
2026-01-12 19:07:03,977 - cmt.websocket - INFO - connect:49 - WebSocket connected (user_id=1). Total: 5
2026-01-12 19:07:03,979 - cmt.websocket - INFO - websocket_devices:188 - WebSocket client disconnected normally
2026-01-12 19:07:03,980 - cmt.websocket - INFO - disconnect:62 - WebSocket disconnected. Total: 4
2026-01-12 19:07:03,994 - cmt.websocket - INFO - connect:49 - WebSocket connected (user_id=None). Total: 5
2026-01-12 19:07:07,974 - cmt.websocket - INFO - connect:49 - WebSocket connected (user_id=None). Total: 6
2026-01-12 19:07:07,976 - cmt.websocket - INFO - websocket_devices:188 - WebSocket client disconnected normally
2026-01-12 19:07:07,977 - cmt.websocket - INFO - disconnect:62 - WebSocket disconnected. Total: 5
2026-01-12 19:07:11,971 - cmt.websocket - INFO - connect:49 - WebSocket connected (user_id=None). Total: 6
2026-01-12 19:07:11,973 - cmt.websocket - INFO - websocket_devices:188 - WebSocket client disconnected normally
2026-01-12 19:07:11,974 - cmt.websocket - INFO - disconnect:62 - WebSocket disconnected. Total: 5
2026-01-12 19:07:15,967 - cmt.websocket - INFO - websocket_devices:188 - WebSocket client disconnected normally
2026-01-12 19:07:15,967 - cmt.websocket - INFO - disconnect:62 - WebSocket disconnected. Total: 4
2026-01-12 19:07:15,968 - cmt.websocket - INFO - connect:49 - WebSocket connected (user_id=None). Total: 5
2026-01-12 19:07:19,986 - cmt.websocket - INFO - connect:49 - WebSocket connected (user_id=None). Total: 6
2026-01-12 19:07:19,988 - cmt.websocket - INFO - websocket_devices:188 - WebSocket client disconnected normally
2026-01-12 19:07:19,988 - cmt.websocket - INFO - disconnect:62 - WebSocket disconnected. Total: 5
2026-01-12 19:07:23,967 - cmt.websocket - INFO - websocket_devices:188 - WebSocket client disconnected normally
2026-01-12 19:07:23,967 - cmt.websocket - INFO - disconnect:62 - WebSocket disconnected. Total: 4
2026-01-12 19:07:23,969 - cmt.websocket - INFO - connect:49 - WebSocket connected (user_id=None). Total: 5
2026-01-12 19:07:27,974 - cmt.websocket - INFO - connect:49 - WebSocket connected (user_id=None). Total: 6
2026-01-12 19:07:27,978 - cmt.websocket - INFO - websocket_devices:188 - WebSocket client disconnected normally
2026-01-12 19:07:27,979 - cmt.websocket - INFO - disconnect:62 - WebSocket disconnected. Total: 5
2026-01-12 19:07:31,968 - cmt.websocket - INFO - websocket_devices:188 - WebSocket client disconnected normally
2026-01-12 19:07:31,968 - cmt.websocket - INFO - disconnect:62 - WebSocket disconnected. Total: 4
2026-01-12 19:07:31,970 - cmt.websocket - INFO - connect:49 - WebSocket connected (user_id=None). Total: 5
2026-01-12 19:07:35,968 - cmt.websocket - INFO - connect:49 - WebSocket connected (user_id=None). Total: 6
2026-01-12 19:07:35,969 - cmt.websocket - INFO - websocket_devices:188 - WebSocket client disconnected normally
2026-01-12 19:07:35,971 - cmt.websocket - INFO - disconnect:62 - WebSocket disconnected. Total: 5
2026-01-12 19:07:39,972 - cmt.websocket - INFO - connect:49 - WebSocket connected (user_id=None). Total: 6
2026-01-12 19:07:39,975 - cmt.websocket - INFO - websocket_devices:188 - WebSocket client disconnected normally
2026-01-12 19:07:39,975 - cmt.websocket - INFO - disconnect:62 - WebSocket disconnected. Total: 5
2026-01-12 19:07:43,969 - cmt.websocket - INFO - connect:49 - WebSocket connected (user_id=None). Total: 6
2026-01-12 19:07:43,970 - cmt.websocket - INFO - websocket_devices:188 - WebSocket client disconnected normally
2026-01-12 19:07:43,970 - cmt.websocket - INFO - disconnect:62 - WebSocket disconnected. Total: 5
2026-01-12 19:07:47,966 - cmt.websocket - INFO - connect:49 - WebSocket connected (user_id=None). Total: 6
2026-01-12 19:07:47,967 - cmt.websocket - INFO - websocket_devices:188 - WebSocket client disconnected normally
2026-01-12 19:07:47,967 - cmt.websocket - INFO - disconnect:62 - WebSocket disconnected. Total: 5
2026-01-12 19:07:51,017 - cmt.websocket - INFO - websocket_devices:188 - WebSocket client disconnected normally
2026-01-12 19:07:51,018 - cmt.websocket - INFO - disconnect:62 - WebSocket disconnected. Total: 4
2026-01-12 19:07:51,021 - cmt.websocket - INFO - connect:49 - WebSocket connected (user_id=None). Total: 5
2026-01-12 19:07:54,975 - cmt.websocket - INFO - websocket_devices:188 - WebSocket client disconnected normally
2026-01-12 19:07:54,977 - cmt.websocket - INFO - disconnect:62 - WebSocket disconnected. Total: 4
2026-01-12 19:07:54,983 - cmt.websocket - INFO - connect:49 - WebSocket connected (user_id=None). Total: 5
2026-01-12 19:07:58,968 - cmt.websocket - INFO - connect:49 - WebSocket connected (user_id=None). Total: 6
2026-01-12 19:07:58,969 - cmt.websocket - INFO - websocket_devices:188 - WebSocket client disconnected normally
2026-01-12 19:07:58,969 - cmt.websocket - INFO - disconnect:62 - WebSocket disconnected. Total: 5
2026-01-12 19:08:02,968 - cmt.websocket - INFO - connect:49 - WebSocket connected (user_id=None). Total: 6
2026-01-12 19:08:02,975 - cmt.websocket - INFO - websocket_devices:188 - WebSocket client disconnected normally
2026-01-12 19:08:02,978 - cmt.websocket - INFO - disconnect:62 - WebSocket disconnected. Total: 5
2026-01-12 19:08:06,966 - cmt.websocket - INFO - websocket_devices:188 - WebSocket client disconnected normally
2026-01-12 19:08:06,967 - cmt.websocket - INFO - disconnect:62 - WebSocket disconnected. Total: 4
2026-01-12 19:08:06,968 - cmt.websocket - INFO - connect:49 - WebSocket connected (user_id=None). Total: 5
2026-01-12 19:08:10,965 - cmt.websocket - INFO - websocket_devices:188 - WebSocket client disconnected normally
2026-01-12 19:08:10,966 - cmt.websocket - INFO - disconnect:62 - WebSocket disconnected. Total: 4
2026-01-12 19:08:10,968 - cmt.websocket - INFO - connect:49 - WebSocket connected (user_id=None). Total: 5
2026-01-12 19:08:14,970 - cmt.websocket - INFO - connect:49 - WebSocket connected (user_id=None). Total: 6
2026-01-12 19:08:14,970 - cmt.websocket - INFO - websocket_devices:188 - WebSocket client disconnected normally
2026-01-12 19:08:14,971 - cmt.websocket - INFO - disconnect:62 - WebSocket disconnected. Total: 5
2026-01-12 19:08:18,974 - cmt.websocket - INFO - connect:49 - WebSocket connected (user_id=None). Total: 6
2026-01-12 19:08:18,978 - cmt.websocket - INFO - websocket_devices:188 - WebSocket client disconnected normally
2026-01-12 19:08:18,979 - cmt.websocket - INFO - disconnect:62 - WebSocket disconnected. Total: 5
2026-01-12 19:08:22,971 - cmt.websocket - INFO - websocket_devices:188 - WebSocket client disconnected normally
2026-01-12 19:08:22,972 - cmt.websocket - INFO - disconnect:62 - WebSocket disconnected. Total: 4
2026-01-12 19:08:22,974 - cmt.websocket - INFO - connect:49 - WebSocket connected (user_id=None). Total: 5
2026-01-12 19:08:26,967 - cmt.websocket - INFO - websocket_devices:188 - WebSocket client disconnected normally
2026-01-12 19:08:26,967 - cmt.websocket - INFO - disconnect:62 - WebSocket disconnected. Total: 4
2026-01-12 19:08:26,970 - cmt.websocket - INFO - connect:49 - WebSocket connected (user_id=None). Total: 5
2026-01-12 19:08:29,970 - cmt.websocket - INFO - websocket_devices:188 - WebSocket client disconnected normally
2026-01-12 19:08:29,971 - cmt.websocket - INFO - disconnect:62 - WebSocket disconnected. Total: 4
2026-01-12 19:08:29,972 - cmt.websocket - INFO - connect:49 - WebSocket connected (user_id=None). Total: 5
2026-01-12 19:08:33,967 - cmt.websocket - INFO - websocket_devices:188 - WebSocket client disconnected normally
2026-01-12 19:08:33,967 - cmt.websocket - INFO - disconnect:62 - WebSocket disconnected. Total: 4
2026-01-12 19:08:33,968 - cmt.websocket - INFO - connect:49 - WebSocket connected (user_id=None). Total: 5
2026-01-12 19:08:37,967 - cmt.websocket - INFO - connect:49 - WebSocket connected (user_id=None). Total: 6
2026-01-12 19:08:37,968 - cmt.websocket - INFO - websocket_devices:188 - WebSocket client disconnected normally
2026-01-12 19:08:37,968 - cmt.websocket - INFO - disconnect:62 - WebSocket disconnected. Total: 5
2026-01-12 19:08:41,968 - cmt.websocket - INFO - websocket_devices:188 - WebSocket client disconnected normally
2026-01-12 19:08:41,969 - cmt.websocket - INFO - disconnect:62 - WebSocket disconnected. Total: 4
2026-01-12 19:08:41,970 - cmt.websocket - INFO - connect:49 - WebSocket connected (user_id=None). Total: 5
2026-01-12 19:08:45,975 - cmt.websocket - INFO - connect:49 - WebSocket connected (user_id=None). Total: 6
2026-01-12 19:08:45,979 - cmt.websocket - INFO - websocket_devices:188 - WebSocket client disconnected normally
2026-01-12 19:08:45,980 - cmt.websocket - INFO - disconnect:62 - WebSocket disconnected. Total: 5
2026-01-12 19:08:49,968 - cmt.websocket - INFO - websocket_devices:188 - WebSocket client disconnected normally
2026-01-12 19:08:49,969 - cmt.websocket - INFO - disconnect:62 - WebSocket disconnected. Total: 4
2026-01-12 19:08:49,971 - cmt.websocket - INFO - connect:49 - WebSocket connected (user_id=None). Total: 5
2026-01-12 19:08:53,968 - cmt.websocket - INFO - websocket_devices:188 - WebSocket client disconnected normally
2026-01-12 19:08:53,968 - cmt.websocket - INFO - disconnect:62 - WebSocket disconnected. Total: 4
2026-01-12 19:08:53,969 - cmt.websocket - INFO - connect:49 - WebSocket connected (user_id=None). Total: 5
2026-01-12 19:08:57,968 - cmt.websocket - INFO - connect:49 - WebSocket connected (user_id=None). Total: 6
2026-01-12 19:08:57,970 - cmt.websocket - INFO - websocket_devices:188 - WebSocket client disconnected normally
2026-01-12 19:08:57,970 - cmt.websocket - INFO - disconnect:62 - WebSocket disconnected. Total: 5
2026-01-12 19:09:01,966 - cmt.websocket - INFO - connect:49 - WebSocket connected (user_id=None). Total: 6
2026-01-12 19:09:01,968 - cmt.websocket - INFO - websocket_devices:188 - WebSocket client disconnected normally
2026-01-12 19:09:01,968 - cmt.websocket - INFO - disconnect:62 - WebSocket disconnected. Total: 5
2026-01-12 19:09:05,969 - cmt.websocket - INFO - connect:49 - WebSocket connected (user_id=None). Total: 6
2026-01-12 19:09:05,970 - cmt.websocket - INFO - websocket_devices:188 - WebSocket client disconnected normally
2026-01-12 19:09:05,971 - cmt.websocket - INFO - disconnect:62 - WebSocket disconnected. Total: 5
2026-01-12 19:09:09,969 - cmt.websocket - INFO - websocket_devices:188 - WebSocket client disconnected normally
2026-01-12 19:09:09,970 - cmt.websocket - INFO - disconnect:62 - WebSocket disconnected. Total: 4
2026-01-12 19:09:09,972 - cmt.websocket - INFO - connect:49 - WebSocket connected (user_id=None). Total: 5
2026-01-12 19:09:13,966 - cmt.websocket - INFO - websocket_devices:188 - WebSocket client disconnected normally
2026-01-12 19:09:13,967 - cmt.websocket - INFO - disconnect:62 - WebSocket disconnected. Total: 4
2026-01-12 19:09:13,968 - cmt.websocket - INFO - connect:49 - WebSocket connected (user_id=None). Total: 5
2026-01-12 19:09:17,973 - cmt.websocket - INFO - connect:49 - WebSocket connected (user_id=None). Total: 6
2026-01-12 19:09:17,976 - cmt.websocket - INFO - websocket_devices:188 - WebSocket client disconnected normally
2026-01-12 19:09:17,977 - cmt.websocket - INFO - disconnect:62 - WebSocket disconnected. Total: 5
2026-01-12 19:09:21,975 - cmt.websocket - INFO - connect:49 - WebSocket connected (user_id=None). Total: 6
2026-01-12 19:09:21,976 - cmt.websocket - INFO - websocket_devices:188 - WebSocket client disconnected normally
2026-01-12 19:09:21,976 - cmt.websocket - INFO - disconnect:62 - WebSocket disconnected. Total: 5
2026-01-12 19:09:25,968 - cmt.websocket - INFO - websocket_devices:188 - WebSocket client disconnected normally
2026-01-12 19:09:25,968 - cmt.websocket - INFO - disconnect:62 - WebSocket disconnected. Total: 4
2026-01-12 19:09:25,974 - cmt.websocket - INFO - connect:49 - WebSocket connected (user_id=None). Total: 5
2026-01-12 19:09:29,971 - cmt.websocket - INFO - websocket_devices:188 - WebSocket client disconnected normally
2026-01-12 19:09:29,972 - cmt.websocket - INFO - disconnect:62 - WebSocket disconnected. Total: 4
2026-01-12 19:09:29,975 - cmt.websocket - INFO - connect:49 - WebSocket connected (user_id=None). Total: 5
2026-01-12 19:09:30,534 - cmt.websocket - INFO - websocket_notifications:276 - Notification WebSocket disconnected (user_id=1)
2026-01-12 19:09:30,534 - cmt.websocket - INFO - disconnect:62 - WebSocket disconnected. Total: 4
2026-01-12 19:09:30,535 - cmt.websocket - INFO - websocket_notifications:276 - Notification WebSocket disconnected (user_id=1)
2026-01-12 19:09:30,535 - cmt.websocket - INFO - disconnect:62 - WebSocket disconnected. Total: 3
2026-01-12 19:09:30,536 - cmt.websocket - INFO - websocket_notifications:276 - Notification WebSocket disconnected (user_id=1)
2026-01-12 19:09:30,536 - cmt.websocket - INFO - disconnect:62 - WebSocket disconnected. Total: 2
2026-01-12 19:09:30,536 - cmt.websocket - INFO - websocket_devices:188 - WebSocket client disconnected normally
2026-01-12 19:09:30,536 - cmt.websocket - INFO - disconnect:62 - WebSocket disconnected. Total: 1
2026-01-12 19:09:30,536 - cmt.websocket - INFO - websocket_notifications:276 - Notification WebSocket disconnected (user_id=1)
2026-01-12 19:09:30,537 - cmt.websocket - INFO - disconnect:62 - WebSocket disconnected. Total: 0
2026-01-12 19:09:32,591 - cmt.main - INFO - <module>:102 - Password hashing self-test passed
2026-01-12 19:09:33,634 - cmt.websocket - INFO - connect:49 - WebSocket connected (user_id=1). Total: 1
2026-01-12 19:09:33,640 - cmt.websocket - INFO - websocket_notifications:276 - Notification WebSocket disconnected (user_id=1)
2026-01-12 19:09:33,640 - cmt.websocket - INFO - disconnect:62 - WebSocket disconnected. Total: 0
2026-01-12 19:09:33,650 - cmt.websocket - INFO - connect:49 - WebSocket connected (user_id=1). Total: 1
2026-01-12 19:09:33,980 - cmt.websocket - INFO - connect:49 - WebSocket connected (user_id=None). Total: 2
2026-01-12 19:09:34,000 - cmt.websocket - INFO - connect:49 - WebSocket connected (user_id=1). Total: 3
2026-01-12 19:09:36,649 - cmt.websocket - INFO - connect:49 - WebSocket connected (user_id=1). Total: 4
2026-01-12 19:09:37,970 - cmt.websocket - INFO - connect:49 - WebSocket connected (user_id=None). Total: 5
2026-01-12 19:09:37,973 - cmt.websocket - INFO - websocket_devices:188 - WebSocket client disconnected normally
2026-01-12 19:09:37,974 - cmt.websocket - INFO - disconnect:62 - WebSocket disconnected. Total: 4
2026-01-12 19:09:37,995 - cmt.websocket - INFO - connect:49 - WebSocket connected (user_id=1). Total: 5
2026-01-12 19:09:41,968 - cmt.websocket - INFO - connect:49 - WebSocket connected (user_id=None). Total: 6
2026-01-12 19:09:41,972 - cmt.websocket - INFO - websocket_devices:188 - WebSocket client disconnected normally
2026-01-12 19:09:41,972 - cmt.websocket - INFO - disconnect:62 - WebSocket disconnected. Total: 5
2026-01-12 19:09:45,965 - cmt.websocket - INFO - websocket_devices:188 - WebSocket client disconnected normally
2026-01-12 19:09:45,965 - cmt.websocket - INFO - disconnect:62 - WebSocket disconnected. Total: 4
2026-01-12 19:09:45,966 - cmt.websocket - INFO - connect:49 - WebSocket connected (user_id=None). Total: 5
2026-01-12 19:09:49,967 - cmt.websocket - INFO - connect:49 - WebSocket connected (user_id=None). Total: 6
2026-01-12 19:09:49,969 - cmt.websocket - INFO - websocket_devices:188 - WebSocket client disconnected normally
2026-01-12 19:09:49,970 - cmt.websocket - INFO - disconnect:62 - WebSocket disconnected. Total: 5
2026-01-12 19:09:53,969 - cmt.websocket - INFO - connect:49 - WebSocket connected (user_id=None). Total: 6
2026-01-12 19:09:53,970 - cmt.websocket - INFO - websocket_devices:188 - WebSocket client disconnected normally
2026-01-12 19:09:53,971 - cmt.websocket - INFO - disconnect:62 - WebSocket disconnected. Total: 5
2026-01-12 19:09:57,967 - cmt.websocket - INFO - websocket_devices:188 - WebSocket client disconnected normally
2026-01-12 19:09:57,967 - cmt.websocket - INFO - disconnect:62 - WebSocket disconnected. Total: 4
2026-01-12 19:09:57,968 - cmt.websocket - INFO - connect:49 - WebSocket connected (user_id=None). Total: 5
2026-01-12 19:10:01,967 - cmt.websocket - INFO - connect:49 - WebSocket connected (user_id=None). Total: 6
2026-01-12 19:10:01,969 - cmt.websocket - INFO - websocket_devices:188 - WebSocket client disconnected normally
2026-01-12 19:10:01,970 - cmt.websocket - INFO - disconnect:62 - WebSocket disconnected. Total: 5
2026-01-12 19:10:05,968 - cmt.websocket - INFO - connect:49 - WebSocket connected (user_id=None). Total: 6
2026-01-12 19:10:05,970 - cmt.websocket - INFO - websocket_devices:188 - WebSocket client disconnected normally
2026-01-12 19:10:05,971 - cmt.websocket - INFO - disconnect:62 - WebSocket disconnected. Total: 5
2026-01-12 19:10:09,981 - cmt.websocket - INFO - connect:49 - WebSocket connected (user_id=None). Total: 6
2026-01-12 19:10:09,984 - cmt.websocket - INFO - websocket_devices:188 - WebSocket client disconnected normally
2026-01-12 19:10:09,984 - cmt.websocket - INFO - disconnect:62 - WebSocket disconnected. Total: 5
2026-01-12 19:10:13,969 - cmt.websocket - INFO - websocket_devices:188 - WebSocket client disconnected normally
2026-01-12 19:10:13,970 - cmt.websocket - INFO - disconnect:62 - WebSocket disconnected. Total: 4
2026-01-12 19:10:13,971 - cmt.websocket - INFO - connect:49 - WebSocket connected (user_id=None). Total: 5
2026-01-12 19:10:18,021 - cmt.websocket - INFO - connect:49 - WebSocket connected (user_id=None). Total: 6
2026-01-12 19:10:18,043 - cmt.websocket - INFO - websocket_devices:188 - WebSocket client disconnected normally
2026-01-12 19:10:18,044 - cmt.websocket - INFO - disconnect:62 - WebSocket disconnected. Total: 5
2026-01-12 19:10:21,979 - cmt.websocket - INFO - connect:49 - WebSocket connected (user_id=None). Total: 6
2026-01-12 19:10:21,981 - cmt.websocket - INFO - websocket_devices:188 - WebSocket client disconnected normally
2026-01-12 19:10:21,981 - cmt.websocket - INFO - disconnect:62 - WebSocket disconnected. Total: 5
2026-01-12 19:10:25,970 - cmt.websocket - INFO - connect:49 - WebSocket connected (user_id=None). Total: 6
2026-01-12 19:10:25,971 - cmt.websocket - INFO - websocket_devices:188 - WebSocket client disconnected normally
2026-01-12 19:10:25,972 - cmt.websocket - INFO - disconnect:62 - WebSocket disconnected. Total: 5
2026-01-12 19:10:29,967 - cmt.websocket - INFO - connect:49 - WebSocket connected (user_id=None). Total: 6
2026-01-12 19:10:29,969 - cmt.websocket - INFO - websocket_devices:188 - WebSocket client disconnected normally
2026-01-12 19:10:29,969 - cmt.websocket - INFO - disconnect:62 - WebSocket disconnected. Total: 5
2026-01-12 19:10:33,968 - cmt.websocket - INFO - websocket_devices:188 - WebSocket client disconnected normally
2026-01-12 19:10:33,968 - cmt.websocket - INFO - disconnect:62 - WebSocket disconnected. Total: 4
2026-01-12 19:10:33,969 - cmt.websocket - INFO - connect:49 - WebSocket connected (user_id=None). Total: 5
2026-01-12 19:10:37,969 - cmt.websocket - INFO - connect:49 - WebSocket connected (user_id=None). Total: 6
2026-01-12 19:10:37,972 - cmt.websocket - INFO - websocket_devices:188 - WebSocket client disconnected normally
2026-01-12 19:10:37,972 - cmt.websocket - INFO - disconnect:62 - WebSocket disconnected. Total: 5
2026-01-12 19:10:41,974 - cmt.websocket - INFO - connect:49 - WebSocket connected (user_id=None). Total: 6
2026-01-12 19:10:41,978 - cmt.websocket - INFO - websocket_devices:188 - WebSocket client disconnected normally
2026-01-12 19:10:41,979 - cmt.websocket - INFO - disconnect:62 - WebSocket disconnected. Total: 5
2026-01-12 19:10:45,965 - cmt.websocket - INFO - websocket_devices:188 - WebSocket client disconnected normally
2026-01-12 19:10:45,966 - cmt.websocket - INFO - disconnect:62 - WebSocket disconnected. Total: 4
2026-01-12 19:10:45,966 - cmt.websocket - INFO - connect:49 - WebSocket connected (user_id=None). Total: 5
2026-01-12 19:10:49,981 - cmt.websocket - INFO - connect:49 - WebSocket connected (user_id=None). Total: 6
2026-01-12 19:10:49,983 - cmt.websocket - INFO - websocket_devices:188 - WebSocket client disconnected normally
2026-01-12 19:10:49,983 - cmt.websocket - INFO - disconnect:62 - WebSocket disconnected. Total: 5
2026-01-12 19:10:53,970 - cmt.websocket - INFO - websocket_devices:188 - WebSocket client disconnected normally
2026-01-12 19:10:53,970 - cmt.websocket - INFO - disconnect:62 - WebSocket disconnected. Total: 4
2026-01-12 19:10:53,972 - cmt.websocket - INFO - connect:49 - WebSocket connected (user_id=None). Total: 5
2026-01-12 19:10:57,972 - cmt.websocket - INFO - connect:49 - WebSocket connected (user_id=None). Total: 6
2026-01-12 19:10:57,975 - cmt.websocket - INFO - websocket_devices:188 - WebSocket client disconnected normally
2026-01-12 19:10:57,976 - cmt.websocket - INFO - disconnect:62 - WebSocket disconnected. Total: 5
2026-01-12 19:11:01,968 - cmt.websocket - INFO - connect:49 - WebSocket connected (user_id=None). Total: 6
2026-01-12 19:11:01,969 - cmt.websocket - INFO - websocket_devices:188 - WebSocket client disconnected normally
2026-01-12 19:11:01,969 - cmt.websocket - INFO - disconnect:62 - WebSocket disconnected. Total: 5
2026-01-12 19:11:05,970 - cmt.websocket - INFO - connect:49 - WebSocket connected (user_id=None). Total: 6
2026-01-12 19:11:05,972 - cmt.websocket - INFO - websocket_devices:188 - WebSocket client disconnected normally
2026-01-12 19:11:05,973 - cmt.websocket - INFO - disconnect:62 - WebSocket disconnected. Total: 5
2026-01-12 19:11:09,968 - cmt.websocket - INFO - websocket_devices:188 - WebSocket client disconnected normally
2026-01-12 19:11:09,969 - cmt.websocket - INFO - disconnect:62 - WebSocket disconnected. Total: 4
2026-01-12 19:11:09,970 - cmt.websocket - INFO - connect:49 - WebSocket connected (user_id=None). Total: 5
2026-01-12 19:11:13,966 - cmt.websocket - INFO - websocket_devices:188 - WebSocket client disconnected normally
2026-01-12 19:11:13,966 - cmt.websocket - INFO - disconnect:62 - WebSocket disconnected. Total: 4
2026-01-12 19:11:13,967 - cmt.websocket - INFO - connect:49 - WebSocket connected (user_id=None). Total: 5
2026-01-12 19:11:17,975 - cmt.websocket - INFO - connect:49 - WebSocket connected (user_id=None). Total: 6
2026-01-12 19:11:17,979 - cmt.websocket - INFO - websocket_devices:188 - WebSocket client disconnected normally
2026-01-12 19:11:17,980 - cmt.websocket - INFO - disconnect:62 - WebSocket disconnected. Total: 5
2026-01-12 19:11:21,980 - cmt.websocket - INFO - connect:49 - WebSocket connected (user_id=None). Total: 6
2026-01-12 19:11:21,995 - cmt.websocket - INFO - websocket_devices:188 - WebSocket client disconnected normally
2026-01-12 19:11:21,996 - cmt.websocket - INFO - disconnect:62 - WebSocket disconnected. Total: 5
2026-01-12 19:11:25,967 - cmt.websocket - INFO - connect:49 - WebSocket connected (user_id=None). Total: 6
2026-01-12 19:11:25,968 - cmt.websocket - INFO - websocket_devices:188 - WebSocket client disconnected normally
2026-01-12 19:11:25,968 - cmt.websocket - INFO - disconnect:62 - WebSocket disconnected. Total: 5
2026-01-12 19:11:28,418 - cmt.websocket - INFO - websocket_notifications:276 - Notification WebSocket disconnected (user_id=1)
2026-01-12 19:11:28,419 - cmt.websocket - INFO - disconnect:62 - WebSocket disconnected. Total: 4
2026-01-12 19:11:28,420 - cmt.websocket - INFO - websocket_notifications:276 - Notification WebSocket disconnected (user_id=1)
2026-01-12 19:11:28,421 - cmt.websocket - INFO - disconnect:62 - WebSocket disconnected. Total: 3
2026-01-12 19:11:28,421 - cmt.websocket - INFO - websocket_notifications:276 - Notification WebSocket disconnected (user_id=1)
2026-01-12 19:11:28,421 - cmt.websocket - INFO - disconnect:62 - WebSocket disconnected. Total: 2
2026-01-12 19:11:28,422 - cmt.websocket - INFO - websocket_devices:188 - WebSocket client disconnected normally
2026-01-12 19:11:28,422 - cmt.websocket - INFO - disconnect:62 - WebSocket disconnected. Total: 1
2026-01-12 19:11:28,422 - cmt.websocket - INFO - websocket_notifications:276 - Notification WebSocket disconnected (user_id=1)
2026-01-12 19:11:28,423 - cmt.websocket - INFO - disconnect:62 - WebSocket disconnected. Total: 0
2026-01-12 19:11:30,338 - cmt.main - INFO - <module>:102 - Password hashing self-test passed
2026-01-12 19:11:30,341 - cmt.websocket - INFO - connect:49 - WebSocket connected (user_id=None). Total: 1
2026-01-12 19:11:31,479 - cmt.websocket - INFO - connect:49 - WebSocket connected (user_id=1). Total: 2
2026-01-12 19:11:31,517 - cmt.websocket - INFO - websocket_notifications:276 - Notification WebSocket disconnected (user_id=1)
2026-01-12 19:11:31,518 - cmt.websocket - INFO - disconnect:62 - WebSocket disconnected. Total: 1
2026-01-12 19:11:31,532 - cmt.websocket - INFO - connect:49 - WebSocket connected (user_id=1). Total: 2
2026-01-12 19:11:31,970 - cmt.websocket - INFO - connect:49 - WebSocket connected (user_id=None). Total: 3
2026-01-12 19:11:31,972 - cmt.websocket - INFO - websocket_devices:188 - WebSocket client disconnected normally
2026-01-12 19:11:31,974 - cmt.websocket - INFO - disconnect:62 - WebSocket disconnected. Total: 2
2026-01-12 19:11:31,989 - cmt.websocket - INFO - connect:49 - WebSocket connected (user_id=1). Total: 3
2026-01-12 19:11:34,531 - cmt.websocket - INFO - connect:49 - WebSocket connected (user_id=1). Total: 4
2026-01-12 19:11:35,978 - cmt.websocket - INFO - connect:49 - WebSocket connected (user_id=1). Total: 5
2026-01-12 19:11:35,981 - cmt.websocket - INFO - websocket_devices:188 - WebSocket client disconnected normally
2026-01-12 19:11:35,981 - cmt.websocket - INFO - disconnect:62 - WebSocket disconnected. Total: 4
2026-01-12 19:11:35,997 - cmt.websocket - INFO - connect:49 - WebSocket connected (user_id=None). Total: 5
2026-01-12 19:11:39,969 - cmt.websocket - INFO - connect:49 - WebSocket connected (user_id=None). Total: 6
2026-01-12 19:11:39,970 - cmt.websocket - INFO - websocket_devices:188 - WebSocket client disconnected normally
2026-01-12 19:11:39,971 - cmt.websocket - INFO - disconnect:62 - WebSocket disconnected. Total: 5
2026-01-12 19:11:43,967 - cmt.websocket - INFO - connect:49 - WebSocket connected (user_id=None). Total: 6
2026-01-12 19:11:43,968 - cmt.websocket - INFO - websocket_devices:188 - WebSocket client disconnected normally
2026-01-12 19:11:43,969 - cmt.websocket - INFO - disconnect:62 - WebSocket disconnected. Total: 5
2026-01-12 19:11:47,967 - cmt.websocket - INFO - websocket_devices:188 - WebSocket client disconnected normally
2026-01-12 19:11:47,967 - cmt.websocket - INFO - disconnect:62 - WebSocket disconnected. Total: 4
2026-01-12 19:11:47,968 - cmt.websocket - INFO - connect:49 - WebSocket connected (user_id=None). Total: 5
2026-01-12 19:11:51,967 - cmt.websocket - INFO - websocket_devices:188 - WebSocket client disconnected normally
2026-01-12 19:11:51,967 - cmt.websocket - INFO - disconnect:62 - WebSocket disconnected. Total: 4
2026-01-12 19:11:51,970 - cmt.websocket - INFO - connect:49 - WebSocket connected (user_id=None). Total: 5
2026-01-12 19:11:55,970 - cmt.websocket - INFO - connect:49 - WebSocket connected (user_id=None). Total: 6
2026-01-12 19:11:55,972 - cmt.websocket - INFO - websocket_devices:188 - WebSocket client disconnected normally
2026-01-12 19:11:55,973 - cmt.websocket - INFO - disconnect:62 - WebSocket disconnected. Total: 5
2026-01-12 19:11:59,968 - cmt.websocket - INFO - connect:49 - WebSocket connected (user_id=None). Total: 6
2026-01-12 19:11:59,970 - cmt.websocket - INFO - websocket_devices:188 - WebSocket client disconnected normally
2026-01-12 19:11:59,971 - cmt.websocket - INFO - disconnect:62 - WebSocket disconnected. Total: 5
2026-01-12 19:12:03,974 - cmt.websocket - INFO - connect:49 - WebSocket connected (user_id=None). Total: 6
2026-01-12 19:12:03,977 - cmt.websocket - INFO - websocket_devices:188 - WebSocket client disconnected normally
2026-01-12 19:12:03,978 - cmt.websocket - INFO - disconnect:62 - WebSocket disconnected. Total: 5
2026-01-12 19:12:07,968 - cmt.websocket - INFO - connect:49 - WebSocket connected (user_id=None). Total: 6
2026-01-12 19:12:07,970 - cmt.websocket - INFO - websocket_devices:188 - WebSocket client disconnected normally
2026-01-12 19:12:07,970 - cmt.websocket - INFO - disconnect:62 - WebSocket disconnected. Total: 5
2026-01-12 19:12:11,969 - cmt.websocket - INFO - websocket_devices:188 - WebSocket client disconnected normally
2026-01-12 19:12:11,970 - cmt.websocket - INFO - disconnect:62 - WebSocket disconnected. Total: 4
2026-01-12 19:12:11,973 - cmt.websocket - INFO - connect:49 - WebSocket connected (user_id=None). Total: 5
2026-01-12 19:12:14,474 - cmt.websocket - INFO - websocket_notifications:276 - Notification WebSocket disconnected (user_id=1)
2026-01-12 19:12:14,476 - cmt.websocket - INFO - disconnect:62 - WebSocket disconnected. Total: 4
2026-01-12 19:12:14,476 - cmt.websocket - INFO - websocket_notifications:276 - Notification WebSocket disconnected (user_id=1)
2026-01-12 19:12:14,477 - cmt.websocket - INFO - disconnect:62 - WebSocket disconnected. Total: 3
2026-01-12 19:12:14,477 - cmt.websocket - INFO - websocket_notifications:276 - Notification WebSocket disconnected (user_id=1)
2026-01-12 19:12:14,477 - cmt.websocket - INFO - disconnect:62 - WebSocket disconnected. Total: 2
2026-01-12 19:12:14,477 - cmt.websocket - INFO - websocket_devices:188 - WebSocket client disconnected normally
2026-01-12 19:12:14,477 - cmt.websocket - INFO - disconnect:62 - WebSocket disconnected. Total: 1
2026-01-12 19:12:14,478 - cmt.websocket - INFO - websocket_notifications:276 - Notification WebSocket disconnected (user_id=1)
2026-01-12 19:12:14,478 - cmt.websocket - INFO - disconnect:62 - WebSocket disconnected. Total: 0
2026-01-12 19:12:17,557 - cmt.main - INFO - <module>:102 - Password hashing self-test passed
2026-01-12 19:12:18,148 - cmt.websocket - INFO - connect:49 - WebSocket connected (user_id=1). Total: 1
2026-01-12 19:12:18,167 - cmt.websocket - INFO - connect:49 - WebSocket connected (user_id=None). Total: 2
2026-01-12 19:12:19,968 - cmt.websocket - INFO - websocket_devices:188 - WebSocket client disconnected normally
2026-01-12 19:12:19,969 - cmt.websocket - INFO - disconnect:62 - WebSocket disconnected. Total: 1
2026-01-12 19:12:19,970 - cmt.websocket - INFO - connect:49 - WebSocket connected (user_id=None). Total: 2
2026-01-12 19:12:20,499 - cmt.websocket - INFO - connect:49 - WebSocket connected (user_id=1). Total: 3
2026-01-12 19:12:20,555 - cmt.websocket - INFO - connect:49 - WebSocket connected (user_id=1). Total: 4
2026-01-12 19:12:20,555 - cmt.websocket - INFO - websocket_notifications:276 - Notification WebSocket disconnected (user_id=1)
2026-01-12 19:12:20,556 - cmt.websocket - INFO - disconnect:62 - WebSocket disconnected. Total: 3
2026-01-12 19:12:21,979 - cmt.websocket - INFO - connect:49 - WebSocket connected (user_id=1). Total: 4
2026-01-12 19:12:23,556 - cmt.websocket - INFO - connect:49 - WebSocket connected (user_id=1). Total: 5
2026-01-12 19:12:23,965 - cmt.websocket - INFO - connect:49 - WebSocket connected (user_id=None). Total: 6
2026-01-12 19:12:23,967 - cmt.websocket - INFO - websocket_devices:188 - WebSocket client disconnected normally
2026-01-12 19:12:23,967 - cmt.websocket - INFO - disconnect:62 - WebSocket disconnected. Total: 5
2026-01-12 19:12:27,981 - cmt.websocket - INFO - connect:49 - WebSocket connected (user_id=None). Total: 6
2026-01-12 19:12:27,985 - cmt.websocket - INFO - websocket_devices:188 - WebSocket client disconnected normally
2026-01-12 19:12:27,986 - cmt.websocket - INFO - disconnect:62 - WebSocket disconnected. Total: 5
2026-01-12 19:12:31,968 - cmt.websocket - INFO - connect:49 - WebSocket connected (user_id=None). Total: 6
2026-01-12 19:12:31,970 - cmt.websocket - INFO - websocket_devices:188 - WebSocket client disconnected normally
2026-01-12 19:12:31,972 - cmt.websocket - INFO - disconnect:62 - WebSocket disconnected. Total: 5
2026-01-12 19:12:35,971 - cmt.websocket - INFO - connect:49 - WebSocket connected (user_id=None). Total: 6
2026-01-12 19:12:35,973 - cmt.websocket - INFO - websocket_devices:188 - WebSocket client disconnected normally
2026-01-12 19:12:35,973 - cmt.websocket - INFO - disconnect:62 - WebSocket disconnected. Total: 5
2026-01-12 19:12:39,970 - cmt.websocket - INFO - connect:49 - WebSocket connected (user_id=None). Total: 6
2026-01-12 19:12:39,973 - cmt.websocket - INFO - websocket_devices:188 - WebSocket client disconnected normally
2026-01-12 19:12:39,973 - cmt.websocket - INFO - disconnect:62 - WebSocket disconnected. Total: 5
2026-01-12 19:12:43,970 - cmt.websocket - INFO - connect:49 - WebSocket connected (user_id=None). Total: 6
2026-01-12 19:12:43,973 - cmt.websocket - INFO - websocket_devices:188 - WebSocket client disconnected normally
2026-01-12 19:12:43,973 - cmt.websocket - INFO - disconnect:62 - WebSocket disconnected. Total: 5
2026-01-12 19:12:47,978 - cmt.websocket - INFO - connect:49 - WebSocket connected (user_id=None). Total: 6
2026-01-12 19:12:47,982 - cmt.websocket - INFO - websocket_devices:188 - WebSocket client disconnected normally
2026-01-12 19:12:47,983 - cmt.websocket - INFO - disconnect:62 - WebSocket disconnected. Total: 5
2026-01-12 19:12:51,970 - cmt.websocket - INFO - connect:49 - WebSocket connected (user_id=None). Total: 6
2026-01-12 19:12:51,972 - cmt.websocket - INFO - websocket_devices:188 - WebSocket client disconnected normally
2026-01-12 19:12:51,972 - cmt.websocket - INFO - disconnect:62 - WebSocket disconnected. Total: 5
2026-01-12 19:12:55,967 - cmt.websocket - INFO - websocket_devices:188 - WebSocket client disconnected normally
2026-01-12 19:12:55,968 - cmt.websocket - INFO - disconnect:62 - WebSocket disconnected. Total: 4
2026-01-12 19:12:55,969 - cmt.websocket - INFO - connect:49 - WebSocket connected (user_id=None). Total: 5
2026-01-12 19:12:59,969 - cmt.websocket - INFO - connect:49 - WebSocket connected (user_id=None). Total: 6
2026-01-12 19:12:59,972 - cmt.websocket - INFO - websocket_devices:188 - WebSocket client disconnected normally
2026-01-12 19:12:59,973 - cmt.websocket - INFO - disconnect:62 - WebSocket disconnected. Total: 5
2026-01-12 19:13:03,969 - cmt.websocket - INFO - connect:49 - WebSocket connected (user_id=None). Total: 6
2026-01-12 19:13:03,972 - cmt.websocket - INFO - websocket_devices:188 - WebSocket client disconnected normally
2026-01-12 19:13:03,973 - cmt.websocket - INFO - disconnect:62 - WebSocket disconnected. Total: 5
2026-01-12 19:13:07,974 - cmt.websocket - INFO - connect:49 - WebSocket connected (user_id=None). Total: 6
2026-01-12 19:13:07,977 - cmt.websocket - INFO - websocket_devices:188 - WebSocket client disconnected normally
2026-01-12 19:13:07,978 - cmt.websocket - INFO - disconnect:62 - WebSocket disconnected. Total: 5
2026-01-12 19:13:11,967 - cmt.websocket - INFO - connect:49 - WebSocket connected (user_id=None). Total: 6
2026-01-12 19:13:11,969 - cmt.websocket - INFO - websocket_devices:188 - WebSocket client disconnected normally
2026-01-12 19:13:11,969 - cmt.websocket - INFO - disconnect:62 - WebSocket disconnected. Total: 5
2026-01-12 19:13:15,968 - cmt.websocket - INFO - connect:49 - WebSocket connected (user_id=None). Total: 6
2026-01-12 19:13:15,969 - cmt.websocket - INFO - websocket_devices:188 - WebSocket client disconnected normally
2026-01-12 19:13:15,969 - cmt.websocket - INFO - disconnect:62 - WebSocket disconnected. Total: 5
2026-01-12 19:13:19,973 - cmt.websocket - INFO - connect:49 - WebSocket connected (user_id=None). Total: 6
2026-01-12 19:13:19,976 - cmt.websocket - INFO - websocket_devices:188 - WebSocket client disconnected normally
2026-01-12 19:13:19,978 - cmt.websocket - INFO - disconnect:62 - WebSocket disconnected. Total: 5
2026-01-12 19:13:23,968 - cmt.websocket - INFO - connect:49 - WebSocket connected (user_id=None). Total: 6
2026-01-12 19:13:23,968 - cmt.websocket - INFO - websocket_devices:188 - WebSocket client disconnected normally
2026-01-12 19:13:23,969 - cmt.websocket - INFO - disconnect:62 - WebSocket disconnected. Total: 5
2026-01-12 19:13:27,968 - cmt.websocket - INFO - websocket_devices:188 - WebSocket client disconnected normally
2026-01-12 19:13:27,968 - cmt.websocket - INFO - disconnect:62 - WebSocket disconnected. Total: 4
2026-01-12 19:13:27,969 - cmt.websocket - INFO - connect:49 - WebSocket connected (user_id=None). Total: 5
2026-01-12 19:13:31,971 - cmt.websocket - INFO - connect:49 - WebSocket connected (user_id=None). Total: 6
2026-01-12 19:13:31,972 - cmt.websocket - INFO - websocket_devices:188 - WebSocket client disconnected normally
2026-01-12 19:13:31,972 - cmt.websocket - INFO - disconnect:62 - WebSocket disconnected. Total: 5
2026-01-12 19:13:35,967 - cmt.websocket - INFO - connect:49 - WebSocket connected (user_id=None). Total: 6
2026-01-12 19:13:35,970 - cmt.websocket - INFO - websocket_devices:188 - WebSocket client disconnected normally
2026-01-12 19:13:35,971 - cmt.websocket - INFO - disconnect:62 - WebSocket disconnected. Total: 5
2026-01-12 19:13:39,977 - cmt.websocket - INFO - connect:49 - WebSocket connected (user_id=None). Total: 6
2026-01-12 19:13:39,978 - cmt.websocket - INFO - websocket_devices:188 - WebSocket client disconnected normally
2026-01-12 19:13:39,978 - cmt.websocket - INFO - disconnect:62 - WebSocket disconnected. Total: 5
2026-01-12 19:13:43,968 - cmt.websocket - INFO - connect:49 - WebSocket connected (user_id=None). Total: 6
2026-01-12 19:13:43,968 - cmt.websocket - INFO - websocket_devices:188 - WebSocket client disconnected normally
2026-01-12 19:13:43,968 - cmt.websocket - INFO - disconnect:62 - WebSocket disconnected. Total: 5
2026-01-12 19:13:47,980 - cmt.websocket - INFO - connect:49 - WebSocket connected (user_id=None). Total: 6
2026-01-12 19:13:47,985 - cmt.websocket - INFO - websocket_devices:188 - WebSocket client disconnected normally
2026-01-12 19:13:47,985 - cmt.websocket - INFO - disconnect:62 - WebSocket disconnected. Total: 5
2026-01-12 19:13:51,968 - cmt.websocket - INFO - websocket_devices:188 - WebSocket client disconnected normally
2026-01-12 19:13:51,969 - cmt.websocket - INFO - disconnect:62 - WebSocket disconnected. Total: 4
2026-01-12 19:13:51,972 - cmt.websocket - INFO - connect:49 - WebSocket connected (user_id=None). Total: 5
2026-01-12 19:13:55,970 - cmt.websocket - INFO - connect:49 - WebSocket connected (user_id=None). Total: 6
2026-01-12 19:13:55,971 - cmt.websocket - INFO - websocket_devices:188 - WebSocket client disconnected normally
2026-01-12 19:13:55,971 - cmt.websocket - INFO - disconnect:62 - WebSocket disconnected. Total: 5
2026-01-12 19:13:59,967 - cmt.websocket - INFO - connect:49 - WebSocket connected (user_id=None). Total: 6
2026-01-12 19:13:59,969 - cmt.websocket - INFO - websocket_devices:188 - WebSocket client disconnected normally
2026-01-12 19:13:59,970 - cmt.websocket - INFO - disconnect:62 - WebSocket disconnected. Total: 5
2026-01-12 19:14:03,998 - cmt.websocket - INFO - connect:49 - WebSocket connected (user_id=None). Total: 6
2026-01-12 19:14:04,007 - cmt.websocket - INFO - websocket_devices:188 - WebSocket client disconnected normally
2026-01-12 19:14:04,008 - cmt.websocket - INFO - disconnect:62 - WebSocket disconnected. Total: 5
2026-01-12 19:14:07,987 - cmt.websocket - INFO - connect:49 - WebSocket connected (user_id=None). Total: 6
2026-01-12 19:14:07,991 - cmt.websocket - INFO - websocket_devices:188 - WebSocket client disconnected normally
2026-01-12 19:14:07,991 - cmt.websocket - INFO - disconnect:62 - WebSocket disconnected. Total: 5
2026-01-12 19:14:11,983 - cmt.websocket - INFO - websocket_devices:188 - WebSocket client disconnected normally
2026-01-12 19:14:11,985 - cmt.websocket - INFO - disconnect:62 - WebSocket disconnected. Total: 4
2026-01-12 19:14:11,988 - cmt.websocket - INFO - connect:49 - WebSocket connected (user_id=None). Total: 5
2026-01-12 19:14:15,968 - cmt.websocket - INFO - connect:49 - WebSocket connected (user_id=None). Total: 6
2026-01-12 19:14:15,971 - cmt.websocket - INFO - websocket_devices:188 - WebSocket client disconnected normally
2026-01-12 19:14:15,971 - cmt.websocket - INFO - disconnect:62 - WebSocket disconnected. Total: 5
2026-01-12 19:14:19,969 - cmt.websocket - INFO - websocket_devices:188 - WebSocket client disconnected normally
2026-01-12 19:14:19,971 - cmt.websocket - INFO - disconnect:62 - WebSocket disconnected. Total: 4
2026-01-12 19:14:19,988 - cmt.websocket - INFO - connect:49 - WebSocket connected (user_id=None). Total: 5
2026-01-12 19:14:23,968 - cmt.websocket - INFO - connect:49 - WebSocket connected (user_id=None). Total: 6
2026-01-12 19:14:23,970 - cmt.websocket - INFO - websocket_devices:188 - WebSocket client disconnected normally
2026-01-12 19:14:23,970 - cmt.websocket - INFO - disconnect:62 - WebSocket disconnected. Total: 5
2026-01-12 19:14:27,970 - cmt.websocket - INFO - connect:49 - WebSocket connected (user_id=None). Total: 6
2026-01-12 19:14:27,971 - cmt.websocket - INFO - websocket_devices:188 - WebSocket client disconnected normally
2026-01-12 19:14:27,971 - cmt.websocket - INFO - disconnect:62 - WebSocket disconnected. Total: 5
2026-01-12 19:14:31,969 - cmt.websocket - INFO - connect:49 - WebSocket connected (user_id=None). Total: 6
2026-01-12 19:14:31,972 - cmt.websocket - INFO - websocket_devices:188 - WebSocket client disconnected normally
2026-01-12 19:14:31,973 - cmt.websocket - INFO - disconnect:62 - WebSocket disconnected. Total: 5
2026-01-12 19:14:35,971 - cmt.websocket - INFO - connect:49 - WebSocket connected (user_id=None). Total: 6
2026-01-12 19:14:35,973 - cmt.websocket - INFO - websocket_devices:188 - WebSocket client disconnected normally
2026-01-12 19:14:35,974 - cmt.websocket - INFO - disconnect:62 - WebSocket disconnected. Total: 5
2026-01-12 19:14:39,966 - cmt.websocket - INFO - connect:49 - WebSocket connected (user_id=None). Total: 6
2026-01-12 19:14:39,967 - cmt.websocket - INFO - websocket_devices:188 - WebSocket client disconnected normally
2026-01-12 19:14:39,967 - cmt.websocket - INFO - disconnect:62 - WebSocket disconnected. Total: 5
2026-01-12 19:14:43,979 - cmt.websocket - INFO - websocket_devices:188 - WebSocket client disconnected normally
2026-01-12 19:14:43,980 - cmt.websocket - INFO - disconnect:62 - WebSocket disconnected. Total: 4
2026-01-12 19:14:43,981 - cmt.websocket - INFO - connect:49 - WebSocket connected (user_id=None). Total: 5
2026-01-12 19:14:47,992 - cmt.websocket - INFO - connect:49 - WebSocket connected (user_id=None). Total: 6
2026-01-12 19:14:47,995 - cmt.websocket - INFO - websocket_devices:188 - WebSocket client disconnected normally
2026-01-12 19:14:47,997 - cmt.websocket - INFO - disconnect:62 - WebSocket disconnected. Total: 5
2026-01-12 19:14:51,970 - cmt.websocket - INFO - connect:49 - WebSocket connected (user_id=None). Total: 6
2026-01-12 19:14:51,971 - cmt.websocket - INFO - websocket_devices:188 - WebSocket client disconnected normally
2026-01-12 19:14:51,972 - cmt.websocket - INFO - disconnect:62 - WebSocket disconnected. Total: 5
2026-01-12 19:14:55,976 - cmt.websocket - INFO - websocket_devices:188 - WebSocket client disconnected normally
2026-01-12 19:14:55,978 - cmt.websocket - INFO - disconnect:62 - WebSocket disconnected. Total: 4
2026-01-12 19:14:55,982 - cmt.websocket - INFO - connect:49 - WebSocket connected (user_id=None). Total: 5
2026-01-12 19:14:59,970 - cmt.websocket - INFO - connect:49 - WebSocket connected (user_id=None). Total: 6
2026-01-12 19:14:59,973 - cmt.websocket - INFO - websocket_devices:188 - WebSocket client disconnected normally
2026-01-12 19:14:59,974 - cmt.websocket - INFO - disconnect:62 - WebSocket disconnected. Total: 5
2026-01-12 19:15:03,970 - cmt.websocket - INFO - websocket_devices:188 - WebSocket client disconnected normally
2026-01-12 19:15:03,971 - cmt.websocket - INFO - disconnect:62 - WebSocket disconnected. Total: 4
2026-01-12 19:15:03,972 - cmt.websocket - INFO - connect:49 - WebSocket connected (user_id=None). Total: 5
2026-01-12 19:15:07,967 - cmt.websocket - INFO - connect:49 - WebSocket connected (user_id=None). Total: 6
2026-01-12 19:15:07,969 - cmt.websocket - INFO - websocket_devices:188 - WebSocket client disconnected normally
2026-01-12 19:15:07,969 - cmt.websocket - INFO - disconnect:62 - WebSocket disconnected. Total: 5
2026-01-12 19:15:11,971 - cmt.websocket - INFO - connect:49 - WebSocket connected (user_id=None). Total: 6
2026-01-12 19:15:11,973 - cmt.websocket - INFO - websocket_devices:188 - WebSocket client disconnected normally
2026-01-12 19:15:11,973 - cmt.websocket - INFO - disconnect:62 - WebSocket disconnected. Total: 5
2026-01-12 19:15:15,967 - cmt.websocket - INFO - websocket_devices:188 - WebSocket client disconnected normally
2026-01-12 19:15:15,967 - cmt.websocket - INFO - disconnect:62 - WebSocket disconnected. Total: 4
2026-01-12 19:15:15,968 - cmt.websocket - INFO - connect:49 - WebSocket connected (user_id=None). Total: 5
2026-01-12 19:15:19,970 - cmt.websocket - INFO - connect:49 - WebSocket connected (user_id=None). Total: 6
2026-01-12 19:15:19,973 - cmt.websocket - INFO - websocket_devices:188 - WebSocket client disconnected normally
2026-01-12 19:15:19,973 - cmt.websocket - INFO - disconnect:62 - WebSocket disconnected. Total: 5
2026-01-12 19:15:23,955 - cmt.websocket - INFO - connect:49 - WebSocket connected (user_id=None). Total: 6
2026-01-12 19:15:23,956 - cmt.websocket - INFO - websocket_devices:188 - WebSocket client disconnected normally
2026-01-12 19:15:23,957 - cmt.websocket - INFO - disconnect:62 - WebSocket disconnected. Total: 5
2026-01-12 19:15:27,955 - cmt.websocket - INFO - connect:49 - WebSocket connected (user_id=None). Total: 6
2026-01-12 19:15:27,955 - cmt.websocket - INFO - websocket_devices:188 - WebSocket client disconnected normally
2026-01-12 19:15:27,956 - cmt.websocket - INFO - disconnect:62 - WebSocket disconnected. Total: 5
2026-01-12 19:15:31,957 - cmt.websocket - INFO - connect:49 - WebSocket connected (user_id=None). Total: 6
2026-01-12 19:15:31,959 - cmt.websocket - INFO - websocket_devices:188 - WebSocket client disconnected normally
2026-01-12 19:15:31,959 - cmt.websocket - INFO - disconnect:62 - WebSocket disconnected. Total: 5
2026-01-12 19:15:35,964 - cmt.websocket - INFO - connect:49 - WebSocket connected (user_id=None). Total: 6
2026-01-12 19:15:35,967 - cmt.websocket - INFO - websocket_devices:188 - WebSocket client disconnected normally
2026-01-12 19:15:35,967 - cmt.websocket - INFO - disconnect:62 - WebSocket disconnected. Total: 5
2026-01-12 19:15:39,954 - cmt.websocket - INFO - websocket_devices:188 - WebSocket client disconnected normally
2026-01-12 19:15:39,955 - cmt.websocket - INFO - disconnect:62 - WebSocket disconnected. Total: 4
2026-01-12 19:15:39,956 - cmt.websocket - INFO - connect:49 - WebSocket connected (user_id=None). Total: 5
2026-01-12 19:15:43,955 - cmt.websocket - INFO - connect:49 - WebSocket connected (user_id=None). Total: 6
2026-01-12 19:15:43,956 - cmt.websocket - INFO - websocket_devices:188 - WebSocket client disconnected normally
2026-01-12 19:15:43,956 - cmt.websocket - INFO - disconnect:62 - WebSocket disconnected. Total: 5
2026-01-12 19:15:47,956 - cmt.websocket - INFO - connect:49 - WebSocket connected (user_id=None). Total: 6
2026-01-12 19:15:47,956 - cmt.websocket - INFO - websocket_devices:188 - WebSocket client disconnected normally
2026-01-12 19:15:47,957 - cmt.websocket - INFO - disconnect:62 - WebSocket disconnected. Total: 5
2026-01-12 19:15:51,968 - cmt.websocket - INFO - connect:49 - WebSocket connected (user_id=None). Total: 6
2026-01-12 19:15:51,973 - cmt.websocket - INFO - websocket_devices:188 - WebSocket client disconnected normally
2026-01-12 19:15:51,974 - cmt.websocket - INFO - disconnect:62 - WebSocket disconnected. Total: 5
2026-01-12 19:15:55,950 - cmt.websocket - INFO - connect:49 - WebSocket connected (user_id=None). Total: 6
2026-01-12 19:15:55,951 - cmt.websocket - INFO - websocket_devices:188 - WebSocket client disconnected normally
2026-01-12 19:15:55,951 - cmt.websocket - INFO - disconnect:62 - WebSocket disconnected. Total: 5
2026-01-12 19:15:59,949 - cmt.websocket - INFO - connect:49 - WebSocket connected (user_id=None). Total: 6
2026-01-12 19:15:59,950 - cmt.websocket - INFO - websocket_devices:188 - WebSocket client disconnected normally
2026-01-12 19:15:59,950 - cmt.websocket - INFO - disconnect:62 - WebSocket disconnected. Total: 5
2026-01-12 19:16:03,957 - cmt.websocket - INFO - connect:49 - WebSocket connected (user_id=None). Total: 6
2026-01-12 19:16:03,962 - cmt.websocket - INFO - websocket_devices:188 - WebSocket client disconnected normally
2026-01-12 19:16:03,963 - cmt.websocket - INFO - disconnect:62 - WebSocket disconnected. Total: 5
2026-01-12 19:16:07,948 - cmt.websocket - INFO - websocket_devices:188 - WebSocket client disconnected normally
2026-01-12 19:16:07,949 - cmt.websocket - INFO - disconnect:62 - WebSocket disconnected. Total: 4
2026-01-12 19:16:07,950 - cmt.websocket - INFO - connect:49 - WebSocket connected (user_id=None). Total: 5
2026-01-12 19:16:11,952 - cmt.websocket - INFO - connect:49 - WebSocket connected (user_id=None). Total: 6
2026-01-12 19:16:11,954 - cmt.websocket - INFO - websocket_devices:188 - WebSocket client disconnected normally
2026-01-12 19:16:11,955 - cmt.websocket - INFO - disconnect:62 - WebSocket disconnected. Total: 5
2026-01-12 19:16:15,951 - cmt.websocket - INFO - connect:49 - WebSocket connected (user_id=None). Total: 6
2026-01-12 19:16:15,953 - cmt.websocket - INFO - websocket_devices:188 - WebSocket client disconnected normally
2026-01-12 19:16:15,953 - cmt.websocket - INFO - disconnect:62 - WebSocket disconnected. Total: 5
2026-01-12 19:16:19,955 - cmt.websocket - INFO - connect:49 - WebSocket connected (user_id=None). Total: 6
2026-01-12 19:16:19,958 - cmt.websocket - INFO - websocket_devices:188 - WebSocket client disconnected normally
2026-01-12 19:16:19,959 - cmt.websocket - INFO - disconnect:62 - WebSocket disconnected. Total: 5
2026-01-12 19:16:23,947 - cmt.websocket - INFO - websocket_devices:188 - WebSocket client disconnected normally
2026-01-12 19:16:23,948 - cmt.websocket - INFO - disconnect:62 - WebSocket disconnected. Total: 4
2026-01-12 19:16:23,951 - cmt.websocket - INFO - connect:49 - WebSocket connected (user_id=None). Total: 5
2026-01-12 19:16:27,951 - cmt.websocket - INFO - connect:49 - WebSocket connected (user_id=None). Total: 6
2026-01-12 19:16:27,956 - cmt.websocket - INFO - websocket_devices:188 - WebSocket client disconnected normally
2026-01-12 19:16:27,957 - cmt.websocket - INFO - disconnect:62 - WebSocket disconnected. Total: 5
2026-01-12 19:16:31,950 - cmt.websocket - INFO - websocket_devices:188 - WebSocket client disconnected normally
2026-01-12 19:16:31,951 - cmt.websocket - INFO - disconnect:62 - WebSocket disconnected. Total: 4
2026-01-12 19:16:31,952 - cmt.websocket - INFO - connect:49 - WebSocket connected (user_id=None). Total: 5
2026-01-12 19:16:35,984 - cmt.websocket - INFO - connect:49 - WebSocket connected (user_id=None). Total: 6
2026-01-12 19:16:36,005 - cmt.websocket - INFO - websocket_devices:188 - WebSocket client disconnected normally
2026-01-12 19:16:36,006 - cmt.websocket - INFO - disconnect:62 - WebSocket disconnected. Total: 5
2026-01-12 19:16:39,951 - cmt.websocket - INFO - websocket_devices:188 - WebSocket client disconnected normally
2026-01-12 19:16:39,952 - cmt.websocket - INFO - disconnect:62 - WebSocket disconnected. Total: 4
2026-01-12 19:16:39,954 - cmt.websocket - INFO - connect:49 - WebSocket connected (user_id=None). Total: 5
2026-01-12 19:16:43,950 - cmt.websocket - INFO - websocket_devices:188 - WebSocket client disconnected normally
2026-01-12 19:16:43,950 - cmt.websocket - INFO - disconnect:62 - WebSocket disconnected. Total: 4
2026-01-12 19:16:43,952 - cmt.websocket - INFO - connect:49 - WebSocket connected (user_id=None). Total: 5
2026-01-12 19:16:47,947 - cmt.websocket - INFO - connect:49 - WebSocket connected (user_id=None). Total: 6
2026-01-12 19:16:47,948 - cmt.websocket - INFO - websocket_devices:188 - WebSocket client disconnected normally
2026-01-12 19:16:47,948 - cmt.websocket - INFO - disconnect:62 - WebSocket disconnected. Total: 5
2026-01-12 19:16:51,948 - cmt.websocket - INFO - websocket_devices:188 - WebSocket client disconnected normally
2026-01-12 19:16:51,949 - cmt.websocket - INFO - disconnect:62 - WebSocket disconnected. Total: 4
2026-01-12 19:16:51,951 - cmt.websocket - INFO - connect:49 - WebSocket connected (user_id=None). Total: 5
2026-01-12 19:16:55,947 - cmt.websocket - INFO - connect:49 - WebSocket connected (user_id=None). Total: 6
2026-01-12 19:16:55,951 - cmt.websocket - INFO - websocket_devices:188 - WebSocket client disconnected normally
2026-01-12 19:16:55,951 - cmt.websocket - INFO - disconnect:62 - WebSocket disconnected. Total: 5
2026-01-12 19:16:59,947 - cmt.websocket - INFO - connect:49 - WebSocket connected (user_id=None). Total: 6
2026-01-12 19:16:59,950 - cmt.websocket - INFO - websocket_devices:188 - WebSocket client disconnected normally
2026-01-12 19:16:59,950 - cmt.websocket - INFO - disconnect:62 - WebSocket disconnected. Total: 5
2026-01-12 19:17:03,948 - cmt.websocket - INFO - websocket_devices:188 - WebSocket client disconnected normally
2026-01-12 19:17:03,949 - cmt.websocket - INFO - disconnect:62 - WebSocket disconnected. Total: 4
2026-01-12 19:17:03,951 - cmt.websocket - INFO - connect:49 - WebSocket connected (user_id=None). Total: 5
2026-01-12 19:17:07,947 - cmt.websocket - INFO - websocket_devices:188 - WebSocket client disconnected normally
2026-01-12 19:17:07,947 - cmt.websocket - INFO - disconnect:62 - WebSocket disconnected. Total: 4
2026-01-12 19:17:07,949 - cmt.websocket - INFO - connect:49 - WebSocket connected (user_id=None). Total: 5
2026-01-12 19:17:11,946 - cmt.websocket - INFO - connect:49 - WebSocket connected (user_id=None). Total: 6
2026-01-12 19:17:11,947 - cmt.websocket - INFO - websocket_devices:188 - WebSocket client disconnected normally
2026-01-12 19:17:11,947 - cmt.websocket - INFO - disconnect:62 - WebSocket disconnected. Total: 5
2026-01-12 19:17:15,949 - cmt.websocket - INFO - connect:49 - WebSocket connected (user_id=None). Total: 6
2026-01-12 19:17:15,951 - cmt.websocket - INFO - websocket_devices:188 - WebSocket client disconnected normally
2026-01-12 19:17:15,951 - cmt.websocket - INFO - disconnect:62 - WebSocket disconnected. Total: 5
2026-01-12 19:17:19,958 - cmt.websocket - INFO - connect:49 - WebSocket connected (user_id=None). Total: 6
2026-01-12 19:17:19,963 - cmt.websocket - INFO - websocket_devices:188 - WebSocket client disconnected normally
2026-01-12 19:17:19,963 - cmt.websocket - INFO - disconnect:62 - WebSocket disconnected. Total: 5
2026-01-12 19:17:23,950 - cmt.websocket - INFO - connect:49 - WebSocket connected (user_id=None). Total: 6
2026-01-12 19:17:23,950 - cmt.websocket - INFO - websocket_devices:188 - WebSocket client disconnected normally
2026-01-12 19:17:23,951 - cmt.websocket - INFO - disconnect:62 - WebSocket disconnected. Total: 5
2026-01-12 19:17:27,947 - cmt.websocket - INFO - connect:49 - WebSocket connected (user_id=None). Total: 6
2026-01-12 19:17:27,948 - cmt.websocket - INFO - websocket_devices:188 - WebSocket client disconnected normally
2026-01-12 19:17:27,948 - cmt.websocket - INFO - disconnect:62 - WebSocket disconnected. Total: 5
2026-01-12 19:17:31,950 - cmt.websocket - INFO - connect:49 - WebSocket connected (user_id=None). Total: 6
2026-01-12 19:17:31,950 - cmt.websocket - INFO - websocket_devices:188 - WebSocket client disconnected normally
2026-01-12 19:17:31,951 - cmt.websocket - INFO - disconnect:62 - WebSocket disconnected. Total: 5
2026-01-12 19:17:35,952 - cmt.websocket - INFO - connect:49 - WebSocket connected (user_id=None). Total: 6
2026-01-12 19:17:35,955 - cmt.websocket - INFO - websocket_devices:188 - WebSocket client disconnected normally
2026-01-12 19:17:35,955 - cmt.websocket - INFO - disconnect:62 - WebSocket disconnected. Total: 5
2026-01-12 19:17:39,948 - cmt.websocket - INFO - connect:49 - WebSocket connected (user_id=None). Total: 6
2026-01-12 19:17:39,950 - cmt.websocket - INFO - websocket_devices:188 - WebSocket client disconnected normally
2026-01-12 19:17:39,951 - cmt.websocket - INFO - disconnect:62 - WebSocket disconnected. Total: 5
2026-01-12 19:17:43,951 - cmt.websocket - INFO - connect:49 - WebSocket connected (user_id=None). Total: 6
2026-01-12 19:17:43,952 - cmt.websocket - INFO - websocket_devices:188 - WebSocket client disconnected normally
2026-01-12 19:17:43,953 - cmt.websocket - INFO - disconnect:62 - WebSocket disconnected. Total: 5
2026-01-12 19:17:47,948 - cmt.websocket - INFO - connect:49 - WebSocket connected (user_id=None). Total: 6
2026-01-12 19:17:47,948 - cmt.websocket - INFO - websocket_devices:188 - WebSocket client disconnected normally
2026-01-12 19:17:47,949 - cmt.websocket - INFO - disconnect:62 - WebSocket disconnected. Total: 5
2026-01-12 19:17:51,949 - cmt.websocket - INFO - connect:49 - WebSocket connected (user_id=None). Total: 6
2026-01-12 19:17:51,951 - cmt.websocket - INFO - websocket_devices:188 - WebSocket client disconnected normally
2026-01-12 19:17:51,952 - cmt.websocket - INFO - disconnect:62 - WebSocket disconnected. Total: 5
2026-01-12 19:17:55,947 - cmt.websocket - INFO - connect:49 - WebSocket connected (user_id=None). Total: 6
2026-01-12 19:17:55,947 - cmt.websocket - INFO - websocket_devices:188 - WebSocket client disconnected normally
2026-01-12 19:17:55,948 - cmt.websocket - INFO - disconnect:62 - WebSocket disconnected. Total: 5
2026-01-12 19:17:59,948 - cmt.websocket - INFO - connect:49 - WebSocket connected (user_id=None). Total: 6
2026-01-12 19:17:59,950 - cmt.websocket - INFO - websocket_devices:188 - WebSocket client disconnected normally
2026-01-12 19:17:59,951 - cmt.websocket - INFO - disconnect:62 - WebSocket disconnected. Total: 5
2026-01-12 19:18:03,949 - cmt.websocket - INFO - websocket_devices:188 - WebSocket client disconnected normally
2026-01-12 19:18:03,950 - cmt.websocket - INFO - disconnect:62 - WebSocket disconnected. Total: 4
2026-01-12 19:18:03,951 - cmt.websocket - INFO - connect:49 - WebSocket connected (user_id=None). Total: 5
2026-01-12 19:18:07,946 - cmt.websocket - INFO - websocket_devices:188 - WebSocket client disconnected normally
2026-01-12 19:18:07,946 - cmt.websocket - INFO - disconnect:62 - WebSocket disconnected. Total: 4
2026-01-12 19:18:07,947 - cmt.websocket - INFO - connect:49 - WebSocket connected (user_id=None). Total: 5
2026-01-12 19:18:11,946 - cmt.websocket - INFO - connect:49 - WebSocket connected (user_id=None). Total: 6
2026-01-12 19:18:11,946 - cmt.websocket - INFO - websocket_devices:188 - WebSocket client disconnected normally
2026-01-12 19:18:11,947 - cmt.websocket - INFO - disconnect:62 - WebSocket disconnected. Total: 5
2026-01-12 19:18:15,946 - cmt.websocket - INFO - connect:49 - WebSocket connected (user_id=None). Total: 6
2026-01-12 19:18:15,948 - cmt.websocket - INFO - websocket_devices:188 - WebSocket client disconnected normally
2026-01-12 19:18:15,948 - cmt.websocket - INFO - disconnect:62 - WebSocket disconnected. Total: 5
2026-01-12 19:18:19,952 - cmt.websocket - INFO - connect:49 - WebSocket connected (user_id=None). Total: 6
2026-01-12 19:18:19,953 - cmt.websocket - INFO - websocket_devices:188 - WebSocket client disconnected normally
2026-01-12 19:18:19,954 - cmt.websocket - INFO - disconnect:62 - WebSocket disconnected. Total: 5
2026-01-12 19:18:23,954 - cmt.websocket - INFO - connect:49 - WebSocket connected (user_id=None). Total: 6
2026-01-12 19:18:23,957 - cmt.websocket - INFO - websocket_devices:188 - WebSocket client disconnected normally
2026-01-12 19:18:23,957 - cmt.websocket - INFO - disconnect:62 - WebSocket disconnected. Total: 5
2026-01-12 19:18:27,953 - cmt.websocket - INFO - connect:49 - WebSocket connected (user_id=None). Total: 6
2026-01-12 19:18:27,957 - cmt.websocket - INFO - websocket_devices:188 - WebSocket client disconnected normally
2026-01-12 19:18:27,958 - cmt.websocket - INFO - disconnect:62 - WebSocket disconnected. Total: 5
2026-01-12 19:18:31,945 - cmt.websocket - INFO - websocket_devices:188 - WebSocket client disconnected normally
2026-01-12 19:18:31,946 - cmt.websocket - INFO - disconnect:62 - WebSocket disconnected. Total: 4
2026-01-12 19:18:31,947 - cmt.websocket - INFO - connect:49 - WebSocket connected (user_id=None). Total: 5
2026-01-12 19:18:35,947 - cmt.websocket - INFO - websocket_devices:188 - WebSocket client disconnected normally
2026-01-12 19:18:35,947 - cmt.websocket - INFO - disconnect:62 - WebSocket disconnected. Total: 4
2026-01-12 19:18:35,948 - cmt.websocket - INFO - connect:49 - WebSocket connected (user_id=None). Total: 5
2026-01-12 19:18:39,948 - cmt.websocket - INFO - connect:49 - WebSocket connected (user_id=None). Total: 6
2026-01-12 19:18:39,949 - cmt.websocket - INFO - websocket_devices:188 - WebSocket client disconnected normally
2026-01-12 19:18:39,949 - cmt.websocket - INFO - disconnect:62 - WebSocket disconnected. Total: 5
2026-01-12 19:18:43,953 - cmt.websocket - INFO - connect:49 - WebSocket connected (user_id=None). Total: 6
2026-01-12 19:18:43,960 - cmt.websocket - INFO - websocket_devices:188 - WebSocket client disconnected normally
2026-01-12 19:18:43,960 - cmt.websocket - INFO - disconnect:62 - WebSocket disconnected. Total: 5
2026-01-12 19:18:47,978 - cmt.websocket - INFO - connect:49 - WebSocket connected (user_id=None). Total: 6
2026-01-12 19:18:47,982 - cmt.websocket - INFO - websocket_devices:188 - WebSocket client disconnected normally
2026-01-12 19:18:47,982 - cmt.websocket - INFO - disconnect:62 - WebSocket disconnected. Total: 5
2026-01-12 19:18:51,958 - cmt.websocket - INFO - websocket_devices:188 - WebSocket client disconnected normally
2026-01-12 19:18:51,973 - cmt.websocket - INFO - disconnect:62 - WebSocket disconnected. Total: 4
2026-01-12 19:18:51,982 - cmt.websocket - INFO - connect:49 - WebSocket connected (user_id=None). Total: 5
2026-01-12 19:18:55,950 - cmt.websocket - INFO - websocket_devices:188 - WebSocket client disconnected normally
2026-01-12 19:18:55,953 - cmt.websocket - INFO - disconnect:62 - WebSocket disconnected. Total: 4
2026-01-12 19:18:55,961 - cmt.websocket - INFO - connect:49 - WebSocket connected (user_id=None). Total: 5
2026-01-12 19:18:59,948 - cmt.websocket - INFO - connect:49 - WebSocket connected (user_id=None). Total: 6
2026-01-12 19:18:59,951 - cmt.websocket - INFO - websocket_devices:188 - WebSocket client disconnected normally
2026-01-12 19:18:59,951 - cmt.websocket - INFO - disconnect:62 - WebSocket disconnected. Total: 5
2026-01-12 19:19:03,953 - cmt.websocket - INFO - connect:49 - WebSocket connected (user_id=None). Total: 6
2026-01-12 19:19:03,956 - cmt.websocket - INFO - websocket_devices:188 - WebSocket client disconnected normally
2026-01-12 19:19:03,957 - cmt.websocket - INFO - disconnect:62 - WebSocket disconnected. Total: 5
2026-01-12 19:19:07,947 - cmt.websocket - INFO - connect:49 - WebSocket connected (user_id=None). Total: 6
2026-01-12 19:19:07,949 - cmt.websocket - INFO - websocket_devices:188 - WebSocket client disconnected normally
2026-01-12 19:19:07,950 - cmt.websocket - INFO - disconnect:62 - WebSocket disconnected. Total: 5
2026-01-12 19:19:11,968 - cmt.websocket - INFO - connect:49 - WebSocket connected (user_id=None). Total: 6
2026-01-12 19:19:11,974 - cmt.websocket - INFO - websocket_devices:188 - WebSocket client disconnected normally
2026-01-12 19:19:11,975 - cmt.websocket - INFO - disconnect:62 - WebSocket disconnected. Total: 5
2026-01-12 19:19:15,947 - cmt.websocket - INFO - connect:49 - WebSocket connected (user_id=None). Total: 6
2026-01-12 19:19:15,949 - cmt.websocket - INFO - websocket_devices:188 - WebSocket client disconnected normally
2026-01-12 19:19:15,949 - cmt.websocket - INFO - disconnect:62 - WebSocket disconnected. Total: 5
2026-01-12 19:19:19,952 - cmt.websocket - INFO - connect:49 - WebSocket connected (user_id=None). Total: 6
2026-01-12 19:19:19,956 - cmt.websocket - INFO - websocket_devices:188 - WebSocket client disconnected normally
2026-01-12 19:19:19,956 - cmt.websocket - INFO - disconnect:62 - WebSocket disconnected. Total: 5
2026-01-12 19:19:23,953 - cmt.websocket - INFO - connect:49 - WebSocket connected (user_id=None). Total: 6
2026-01-12 19:19:23,954 - cmt.websocket - INFO - websocket_devices:188 - WebSocket client disconnected normally
2026-01-12 19:19:23,954 - cmt.websocket - INFO - disconnect:62 - WebSocket disconnected. Total: 5
2026-01-12 19:19:27,948 - cmt.websocket - INFO - connect:49 - WebSocket connected (user_id=None). Total: 6
2026-01-12 19:19:27,949 - cmt.websocket - INFO - websocket_devices:188 - WebSocket client disconnected normally
2026-01-12 19:19:27,949 - cmt.websocket - INFO - disconnect:62 - WebSocket disconnected. Total: 5
2026-01-12 19:19:31,948 - cmt.websocket - INFO - connect:49 - WebSocket connected (user_id=None). Total: 6
2026-01-12 19:19:31,951 - cmt.websocket - INFO - websocket_devices:188 - WebSocket client disconnected normally
2026-01-12 19:19:31,951 - cmt.websocket - INFO - disconnect:62 - WebSocket disconnected. Total: 5
2026-01-12 19:19:35,953 - cmt.websocket - INFO - connect:49 - WebSocket connected (user_id=None). Total: 6
2026-01-12 19:19:35,955 - cmt.websocket - INFO - websocket_devices:188 - WebSocket client disconnected normally
2026-01-12 19:19:35,956 - cmt.websocket - INFO - disconnect:62 - WebSocket disconnected. Total: 5
2026-01-12 19:19:39,947 - cmt.websocket - INFO - connect:49 - WebSocket connected (user_id=None). Total: 6
2026-01-12 19:19:39,947 - cmt.websocket - INFO - websocket_devices:188 - WebSocket client disconnected normally
2026-01-12 19:19:39,947 - cmt.websocket - INFO - disconnect:62 - WebSocket disconnected. Total: 5
2026-01-12 19:19:43,946 - cmt.websocket - INFO - websocket_devices:188 - WebSocket client disconnected normally
2026-01-12 19:19:43,947 - cmt.websocket - INFO - disconnect:62 - WebSocket disconnected. Total: 4
2026-01-12 19:19:43,947 - cmt.websocket - INFO - connect:49 - WebSocket connected (user_id=None). Total: 5
2026-01-12 19:19:47,948 - cmt.websocket - INFO - websocket_devices:188 - WebSocket client disconnected normally
2026-01-12 19:19:47,950 - cmt.websocket - INFO - disconnect:62 - WebSocket disconnected. Total: 4
2026-01-12 19:19:47,954 - cmt.websocket - INFO - connect:49 - WebSocket connected (user_id=None). Total: 5
2026-01-12 19:19:51,950 - cmt.websocket - INFO - connect:49 - WebSocket connected (user_id=None). Total: 6
2026-01-12 19:19:51,953 - cmt.websocket - INFO - websocket_devices:188 - WebSocket client disconnected normally
2026-01-12 19:19:51,954 - cmt.websocket - INFO - disconnect:62 - WebSocket disconnected. Total: 5
2026-01-12 19:19:55,953 - cmt.websocket - INFO - connect:49 - WebSocket connected (user_id=None). Total: 6
2026-01-12 19:19:55,954 - cmt.websocket - INFO - websocket_devices:188 - WebSocket client disconnected normally
2026-01-12 19:19:55,955 - cmt.websocket - INFO - disconnect:62 - WebSocket disconnected. Total: 5
2026-01-12 19:19:59,951 - cmt.websocket - INFO - connect:49 - WebSocket connected (user_id=None). Total: 6
2026-01-12 19:19:59,953 - cmt.websocket - INFO - websocket_devices:188 - WebSocket client disconnected normally
2026-01-12 19:19:59,954 - cmt.websocket - INFO - disconnect:62 - WebSocket disconnected. Total: 5
2026-01-12 19:20:03,950 - cmt.websocket - INFO - websocket_devices:188 - WebSocket client disconnected normally
2026-01-12 19:20:03,951 - cmt.websocket - INFO - disconnect:62 - WebSocket disconnected. Total: 4
2026-01-12 19:20:03,952 - cmt.websocket - INFO - connect:49 - WebSocket connected (user_id=None). Total: 5
2026-01-12 19:20:07,950 - cmt.websocket - INFO - connect:49 - WebSocket connected (user_id=None). Total: 6
2026-01-12 19:20:07,954 - cmt.websocket - INFO - websocket_devices:188 - WebSocket client disconnected normally
2026-01-12 19:20:07,955 - cmt.websocket - INFO - disconnect:62 - WebSocket disconnected. Total: 5
2026-01-12 19:20:11,953 - cmt.websocket - INFO - websocket_devices:188 - WebSocket client disconnected normally
2026-01-12 19:20:11,954 - cmt.websocket - INFO - disconnect:62 - WebSocket disconnected. Total: 4
2026-01-12 19:20:11,957 - cmt.websocket - INFO - connect:49 - WebSocket connected (user_id=None). Total: 5
2026-01-12 19:20:15,950 - cmt.websocket - INFO - websocket_devices:188 - WebSocket client disconnected normally
2026-01-12 19:20:15,950 - cmt.websocket - INFO - disconnect:62 - WebSocket disconnected. Total: 4
2026-01-12 19:20:15,951 - cmt.websocket - INFO - connect:49 - WebSocket connected (user_id=None). Total: 5
2026-01-12 19:20:19,954 - cmt.websocket - INFO - connect:49 - WebSocket connected (user_id=None). Total: 6
2026-01-12 19:20:19,959 - cmt.websocket - INFO - websocket_devices:188 - WebSocket client disconnected normally
2026-01-12 19:20:19,960 - cmt.websocket - INFO - disconnect:62 - WebSocket disconnected. Total: 5
2026-01-12 19:20:23,958 - cmt.websocket - INFO - connect:49 - WebSocket connected (user_id=None). Total: 6
2026-01-12 19:20:23,962 - cmt.websocket - INFO - websocket_devices:188 - WebSocket client disconnected normally
2026-01-12 19:20:23,963 - cmt.websocket - INFO - disconnect:62 - WebSocket disconnected. Total: 5
2026-01-12 19:20:27,957 - cmt.websocket - INFO - connect:49 - WebSocket connected (user_id=None). Total: 6
2026-01-12 19:20:27,959 - cmt.websocket - INFO - websocket_devices:188 - WebSocket client disconnected normally
2026-01-12 19:20:27,960 - cmt.websocket - INFO - disconnect:62 - WebSocket disconnected. Total: 5
2026-01-12 19:20:31,964 - cmt.websocket - INFO - connect:49 - WebSocket connected (user_id=None). Total: 6
2026-01-12 19:20:31,968 - cmt.websocket - INFO - websocket_devices:188 - WebSocket client disconnected normally
2026-01-12 19:20:31,969 - cmt.websocket - INFO - disconnect:62 - WebSocket disconnected. Total: 5
2026-01-12 19:20:35,945 - cmt.websocket - INFO - connect:49 - WebSocket connected (user_id=None). Total: 6
2026-01-12 19:20:35,946 - cmt.websocket - INFO - websocket_devices:188 - WebSocket client disconnected normally
2026-01-12 19:20:35,947 - cmt.websocket - INFO - disconnect:62 - WebSocket disconnected. Total: 5
2026-01-12 19:20:39,965 - cmt.websocket - INFO - connect:49 - WebSocket connected (user_id=None). Total: 6
2026-01-12 19:20:39,969 - cmt.websocket - INFO - websocket_devices:188 - WebSocket client disconnected normally
2026-01-12 19:20:39,969 - cmt.websocket - INFO - disconnect:62 - WebSocket disconnected. Total: 5
2026-01-12 19:20:43,947 - cmt.websocket - INFO - connect:49 - WebSocket connected (user_id=None). Total: 6
2026-01-12 19:20:43,993 - cmt.websocket - INFO - websocket_devices:188 - WebSocket client disconnected normally
2026-01-12 19:20:43,994 - cmt.websocket - INFO - disconnect:62 - WebSocket disconnected. Total: 5
2026-01-12 19:20:47,946 - cmt.websocket - INFO - websocket_devices:188 - WebSocket client disconnected normally
2026-01-12 19:20:47,947 - cmt.websocket - INFO - disconnect:62 - WebSocket disconnected. Total: 4
2026-01-12 19:20:47,948 - cmt.websocket - INFO - connect:49 - WebSocket connected (user_id=None). Total: 5
2026-01-12 19:20:49,828 - cmt.websocket - INFO - websocket_notifications:276 - Notification WebSocket disconnected (user_id=1)
2026-01-12 19:20:49,831 - cmt.websocket - INFO - disconnect:62 - WebSocket disconnected. Total: 4
2026-01-12 19:20:49,833 - cmt.websocket - INFO - websocket_notifications:276 - Notification WebSocket disconnected (user_id=1)
2026-01-12 19:20:49,834 - cmt.websocket - INFO - disconnect:62 - WebSocket disconnected. Total: 3
2026-01-12 19:20:50,332 - cmt.websocket - INFO - connect:49 - WebSocket connected (user_id=1). Total: 4
2026-01-12 19:20:50,332 - cmt.websocket - INFO - websocket_notifications:276 - Notification WebSocket disconnected (user_id=1)
2026-01-12 19:20:50,333 - cmt.websocket - INFO - disconnect:62 - WebSocket disconnected. Total: 3
2026-01-12 19:20:50,336 - cmt.websocket - INFO - connect:49 - WebSocket connected (user_id=1). Total: 4
2026-01-12 19:20:51,947 - cmt.websocket - INFO - websocket_devices:188 - WebSocket client disconnected normally
2026-01-12 19:20:51,948 - cmt.websocket - INFO - disconnect:62 - WebSocket disconnected. Total: 3
2026-01-12 19:20:51,949 - cmt.websocket - INFO - connect:49 - WebSocket connected (user_id=None). Total: 4
2026-01-12 19:20:53,309 - cmt.websocket - INFO - connect:49 - WebSocket connected (user_id=1). Total: 5
2026-01-12 19:20:55,949 - cmt.websocket - INFO - connect:49 - WebSocket connected (user_id=None). Total: 6
2026-01-12 19:20:55,951 - cmt.websocket - INFO - websocket_devices:188 - WebSocket client disconnected normally
2026-01-12 19:20:55,952 - cmt.websocket - INFO - disconnect:62 - WebSocket disconnected. Total: 5
2026-01-12 19:20:59,947 - cmt.websocket - INFO - connect:49 - WebSocket connected (user_id=None). Total: 6
2026-01-12 19:20:59,949 - cmt.websocket - INFO - websocket_devices:188 - WebSocket client disconnected normally
2026-01-12 19:20:59,950 - cmt.websocket - INFO - disconnect:62 - WebSocket disconnected. Total: 5
2026-01-12 19:21:03,959 - cmt.websocket - INFO - connect:49 - WebSocket connected (user_id=None). Total: 6
2026-01-12 19:21:03,964 - cmt.websocket - INFO - websocket_devices:188 - WebSocket client disconnected normally
2026-01-12 19:21:03,965 - cmt.websocket - INFO - disconnect:62 - WebSocket disconnected. Total: 5
2026-01-12 19:21:07,946 - cmt.websocket - INFO - websocket_devices:188 - WebSocket client disconnected normally
2026-01-12 19:21:07,947 - cmt.websocket - INFO - disconnect:62 - WebSocket disconnected. Total: 4
2026-01-12 19:21:07,948 - cmt.websocket - INFO - connect:49 - WebSocket connected (user_id=None). Total: 5
2026-01-12 19:21:11,945 - cmt.websocket - INFO - websocket_devices:188 - WebSocket client disconnected normally
2026-01-12 19:21:11,945 - cmt.websocket - INFO - disconnect:62 - WebSocket disconnected. Total: 4
2026-01-12 19:21:11,946 - cmt.websocket - INFO - connect:49 - WebSocket connected (user_id=None). Total: 5
2026-01-12 19:21:15,946 - cmt.websocket - INFO - websocket_devices:188 - WebSocket client disconnected normally
2026-01-12 19:21:15,946 - cmt.websocket - INFO - disconnect:62 - WebSocket disconnected. Total: 4
2026-01-12 19:21:15,947 - cmt.websocket - INFO - connect:49 - WebSocket connected (user_id=None). Total: 5
2026-01-12 19:21:19,953 - cmt.websocket - INFO - connect:49 - WebSocket connected (user_id=None). Total: 6
2026-01-12 19:21:19,954 - cmt.websocket - INFO - websocket_devices:188 - WebSocket client disconnected normally
2026-01-12 19:21:19,955 - cmt.websocket - INFO - disconnect:62 - WebSocket disconnected. Total: 5
2026-01-12 19:21:23,948 - cmt.websocket - INFO - connect:49 - WebSocket connected (user_id=None). Total: 6
2026-01-12 19:21:23,950 - cmt.websocket - INFO - websocket_devices:188 - WebSocket client disconnected normally
2026-01-12 19:21:23,951 - cmt.websocket - INFO - disconnect:62 - WebSocket disconnected. Total: 5
2026-01-12 19:21:27,947 - cmt.websocket - INFO - connect:49 - WebSocket connected (user_id=None). Total: 6
2026-01-12 19:21:27,949 - cmt.websocket - INFO - websocket_devices:188 - WebSocket client disconnected normally
2026-01-12 19:21:27,949 - cmt.websocket - INFO - disconnect:62 - WebSocket disconnected. Total: 5
2026-01-12 19:21:31,950 - cmt.websocket - INFO - connect:49 - WebSocket connected (user_id=None). Total: 6
2026-01-12 19:21:31,951 - cmt.websocket - INFO - websocket_devices:188 - WebSocket client disconnected normally
2026-01-12 19:21:31,951 - cmt.websocket - INFO - disconnect:62 - WebSocket disconnected. Total: 5
2026-01-12 19:21:35,947 - cmt.websocket - INFO - connect:49 - WebSocket connected (user_id=None). Total: 6
2026-01-12 19:21:35,949 - cmt.websocket - INFO - websocket_devices:188 - WebSocket client disconnected normally
2026-01-12 19:21:35,949 - cmt.websocket - INFO - disconnect:62 - WebSocket disconnected. Total: 5
2026-01-12 19:21:39,952 - cmt.websocket - INFO - connect:49 - WebSocket connected (user_id=None). Total: 6
2026-01-12 19:21:39,956 - cmt.websocket - INFO - websocket_devices:188 - WebSocket client disconnected normally
2026-01-12 19:21:39,957 - cmt.websocket - INFO - disconnect:62 - WebSocket disconnected. Total: 5
2026-01-12 19:21:43,950 - cmt.websocket - INFO - connect:49 - WebSocket connected (user_id=None). Total: 6
2026-01-12 19:21:43,951 - cmt.websocket - INFO - websocket_devices:188 - WebSocket client disconnected normally
2026-01-12 19:21:43,952 - cmt.websocket - INFO - disconnect:62 - WebSocket disconnected. Total: 5
2026-01-12 19:21:47,948 - cmt.websocket - INFO - connect:49 - WebSocket connected (user_id=None). Total: 6
2026-01-12 19:21:47,950 - cmt.websocket - INFO - websocket_devices:188 - WebSocket client disconnected normally
2026-01-12 19:21:47,950 - cmt.websocket - INFO - disconnect:62 - WebSocket disconnected. Total: 5
2026-01-12 19:21:51,948 - cmt.websocket - INFO - connect:49 - WebSocket connected (user_id=None). Total: 6
2026-01-12 19:21:51,950 - cmt.websocket - INFO - websocket_devices:188 - WebSocket client disconnected normally
2026-01-12 19:21:51,950 - cmt.websocket - INFO - disconnect:62 - WebSocket disconnected. Total: 5
2026-01-12 19:21:55,950 - cmt.websocket - INFO - websocket_devices:188 - WebSocket client disconnected normally
2026-01-12 19:21:55,952 - cmt.websocket - INFO - disconnect:62 - WebSocket disconnected. Total: 4
2026-01-12 19:21:55,954 - cmt.websocket - INFO - connect:49 - WebSocket connected (user_id=None). Total: 5
2026-01-12 19:21:59,948 - cmt.websocket - INFO - connect:49 - WebSocket connected (user_id=None). Total: 6
2026-01-12 19:21:59,948 - cmt.websocket - INFO - websocket_devices:188 - WebSocket client disconnected normally
2026-01-12 19:21:59,949 - cmt.websocket - INFO - disconnect:62 - WebSocket disconnected. Total: 5
2026-01-12 19:22:03,963 - cmt.websocket - INFO - connect:49 - WebSocket connected (user_id=None). Total: 6
2026-01-12 19:22:03,966 - cmt.websocket - INFO - websocket_devices:188 - WebSocket client disconnected normally
2026-01-12 19:22:03,967 - cmt.websocket - INFO - disconnect:62 - WebSocket disconnected. Total: 5
2026-01-12 19:22:07,945 - cmt.websocket - INFO - websocket_devices:188 - WebSocket client disconnected normally
2026-01-12 19:22:07,946 - cmt.websocket - INFO - disconnect:62 - WebSocket disconnected. Total: 4
2026-01-12 19:22:07,948 - cmt.websocket - INFO - connect:49 - WebSocket connected (user_id=None). Total: 5
2026-01-12 19:22:11,949 - cmt.websocket - INFO - websocket_devices:188 - WebSocket client disconnected normally
2026-01-12 19:22:11,950 - cmt.websocket - INFO - disconnect:62 - WebSocket disconnected. Total: 4
2026-01-12 19:22:11,952 - cmt.websocket - INFO - connect:49 - WebSocket connected (user_id=None). Total: 5
2026-01-12 19:22:15,949 - cmt.websocket - INFO - websocket_devices:188 - WebSocket client disconnected normally
2026-01-12 19:22:15,949 - cmt.websocket - INFO - disconnect:62 - WebSocket disconnected. Total: 4
2026-01-12 19:22:15,951 - cmt.websocket - INFO - connect:49 - WebSocket connected (user_id=None). Total: 5
2026-01-12 19:22:19,970 - cmt.websocket - INFO - connect:49 - WebSocket connected (user_id=None). Total: 6
2026-01-12 19:22:19,976 - cmt.websocket - INFO - websocket_devices:188 - WebSocket client disconnected normally
2026-01-12 19:22:19,976 - cmt.websocket - INFO - disconnect:62 - WebSocket disconnected. Total: 5
2026-01-12 19:22:23,969 - cmt.websocket - INFO - websocket_devices:188 - WebSocket client disconnected normally
2026-01-12 19:22:23,973 - cmt.websocket - INFO - disconnect:62 - WebSocket disconnected. Total: 4
2026-01-12 19:22:23,988 - cmt.websocket - INFO - connect:49 - WebSocket connected (user_id=None). Total: 5
2026-01-12 19:22:27,953 - cmt.websocket - INFO - websocket_devices:188 - WebSocket client disconnected normally
2026-01-12 19:22:27,955 - cmt.websocket - INFO - disconnect:62 - WebSocket disconnected. Total: 4
2026-01-12 19:22:27,965 - cmt.websocket - INFO - connect:49 - WebSocket connected (user_id=None). Total: 5
2026-01-12 19:22:31,961 - cmt.websocket - INFO - websocket_devices:188 - WebSocket client disconnected normally
2026-01-12 19:22:31,963 - cmt.websocket - INFO - disconnect:62 - WebSocket disconnected. Total: 4
2026-01-12 19:22:31,975 - cmt.websocket - INFO - connect:49 - WebSocket connected (user_id=None). Total: 5
2026-01-12 19:22:35,947 - cmt.websocket - INFO - connect:49 - WebSocket connected (user_id=None). Total: 6
2026-01-12 19:22:35,950 - cmt.websocket - INFO - websocket_devices:188 - WebSocket client disconnected normally
2026-01-12 19:22:35,950 - cmt.websocket - INFO - disconnect:62 - WebSocket disconnected. Total: 5
2026-01-12 19:22:39,950 - cmt.websocket - INFO - connect:49 - WebSocket connected (user_id=None). Total: 6
2026-01-12 19:22:39,952 - cmt.websocket - INFO - websocket_devices:188 - WebSocket client disconnected normally
2026-01-12 19:22:39,953 - cmt.websocket - INFO - disconnect:62 - WebSocket disconnected. Total: 5
2026-01-12 19:22:43,950 - cmt.websocket - INFO - connect:49 - WebSocket connected (user_id=None). Total: 6
2026-01-12 19:22:43,951 - cmt.websocket - INFO - websocket_devices:188 - WebSocket client disconnected normally
2026-01-12 19:22:43,951 - cmt.websocket - INFO - disconnect:62 - WebSocket disconnected. Total: 5
2026-01-12 19:22:47,947 - cmt.websocket - INFO - connect:49 - WebSocket connected (user_id=None). Total: 6
2026-01-12 19:22:47,947 - cmt.websocket - INFO - websocket_devices:188 - WebSocket client disconnected normally
2026-01-12 19:22:47,947 - cmt.websocket - INFO - disconnect:62 - WebSocket disconnected. Total: 5
2026-01-12 19:22:51,952 - cmt.websocket - INFO - websocket_devices:188 - WebSocket client disconnected normally
2026-01-12 19:22:51,954 - cmt.websocket - INFO - disconnect:62 - WebSocket disconnected. Total: 4
2026-01-12 19:22:51,957 - cmt.websocket - INFO - connect:49 - WebSocket connected (user_id=None). Total: 5
2026-01-12 19:22:55,946 - cmt.websocket - INFO - connect:49 - WebSocket connected (user_id=None). Total: 6
2026-01-12 19:22:55,946 - cmt.websocket - INFO - websocket_devices:188 - WebSocket client disconnected normally
2026-01-12 19:22:55,947 - cmt.websocket - INFO - disconnect:62 - WebSocket disconnected. Total: 5
2026-01-12 19:22:59,946 - cmt.websocket - INFO - connect:49 - WebSocket connected (user_id=None). Total: 6
2026-01-12 19:22:59,948 - cmt.websocket - INFO - websocket_devices:188 - WebSocket client disconnected normally
2026-01-12 19:22:59,948 - cmt.websocket - INFO - disconnect:62 - WebSocket disconnected. Total: 5
2026-01-12 19:23:03,962 - cmt.websocket - INFO - connect:49 - WebSocket connected (user_id=None). Total: 6
2026-01-12 19:23:03,975 - cmt.websocket - INFO - websocket_devices:188 - WebSocket client disconnected normally
2026-01-12 19:23:03,975 - cmt.websocket - INFO - disconnect:62 - WebSocket disconnected. Total: 5
2026-01-12 19:23:07,956 - cmt.websocket - INFO - connect:49 - WebSocket connected (user_id=None). Total: 6
2026-01-12 19:23:07,961 - cmt.websocket - INFO - websocket_devices:188 - WebSocket client disconnected normally
2026-01-12 19:23:07,961 - cmt.websocket - INFO - disconnect:62 - WebSocket disconnected. Total: 5
2026-01-12 19:23:11,947 - cmt.websocket - INFO - connect:49 - WebSocket connected (user_id=None). Total: 6
2026-01-12 19:23:11,949 - cmt.websocket - INFO - websocket_devices:188 - WebSocket client disconnected normally
2026-01-12 19:23:11,949 - cmt.websocket - INFO - disconnect:62 - WebSocket disconnected. Total: 5
2026-01-12 19:23:15,950 - cmt.websocket - INFO - connect:49 - WebSocket connected (user_id=None). Total: 6
2026-01-12 19:23:15,952 - cmt.websocket - INFO - websocket_devices:188 - WebSocket client disconnected normally
2026-01-12 19:23:15,953 - cmt.websocket - INFO - disconnect:62 - WebSocket disconnected. Total: 5
2026-01-12 19:23:19,954 - cmt.websocket - INFO - websocket_devices:188 - WebSocket client disconnected normally
2026-01-12 19:23:19,963 - cmt.websocket - INFO - disconnect:62 - WebSocket disconnected. Total: 4
2026-01-12 19:23:19,970 - cmt.websocket - INFO - connect:49 - WebSocket connected (user_id=None). Total: 5
2026-01-12 19:23:23,947 - cmt.websocket - INFO - websocket_devices:188 - WebSocket client disconnected normally
2026-01-12 19:23:23,948 - cmt.websocket - INFO - disconnect:62 - WebSocket disconnected. Total: 4
2026-01-12 19:23:23,950 - cmt.websocket - INFO - connect:49 - WebSocket connected (user_id=None). Total: 5
2026-01-12 19:23:27,949 - cmt.websocket - INFO - connect:49 - WebSocket connected (user_id=None). Total: 6
2026-01-12 19:23:27,952 - cmt.websocket - INFO - websocket_devices:188 - WebSocket client disconnected normally
2026-01-12 19:23:27,952 - cmt.websocket - INFO - disconnect:62 - WebSocket disconnected. Total: 5
2026-01-12 19:23:31,954 - cmt.websocket - INFO - connect:49 - WebSocket connected (user_id=None). Total: 6
2026-01-12 19:23:31,955 - cmt.websocket - INFO - websocket_devices:188 - WebSocket client disconnected normally
2026-01-12 19:23:31,955 - cmt.websocket - INFO - disconnect:62 - WebSocket disconnected. Total: 5
2026-01-12 19:23:35,951 - cmt.websocket - INFO - connect:49 - WebSocket connected (user_id=None). Total: 6
2026-01-12 19:23:35,955 - cmt.websocket - INFO - websocket_devices:188 - WebSocket client disconnected normally
2026-01-12 19:23:35,957 - cmt.websocket - INFO - disconnect:62 - WebSocket disconnected. Total: 5
2026-01-12 19:23:39,947 - cmt.websocket - INFO - connect:49 - WebSocket connected (user_id=None). Total: 6
2026-01-12 19:23:39,949 - cmt.websocket - INFO - websocket_devices:188 - WebSocket client disconnected normally
2026-01-12 19:23:39,949 - cmt.websocket - INFO - disconnect:62 - WebSocket disconnected. Total: 5
2026-01-12 19:23:43,946 - cmt.websocket - INFO - websocket_devices:188 - WebSocket client disconnected normally
2026-01-12 19:23:43,947 - cmt.websocket - INFO - disconnect:62 - WebSocket disconnected. Total: 4
2026-01-12 19:23:43,948 - cmt.websocket - INFO - connect:49 - WebSocket connected (user_id=None). Total: 5
2026-01-12 19:23:47,948 - cmt.websocket - INFO - connect:49 - WebSocket connected (user_id=None). Total: 6
2026-01-12 19:23:47,951 - cmt.websocket - INFO - websocket_devices:188 - WebSocket client disconnected normally
2026-01-12 19:23:47,952 - cmt.websocket - INFO - disconnect:62 - WebSocket disconnected. Total: 5
2026-01-12 19:23:51,946 - cmt.websocket - INFO - websocket_devices:188 - WebSocket client disconnected normally
2026-01-12 19:23:51,947 - cmt.websocket - INFO - disconnect:62 - WebSocket disconnected. Total: 4
2026-01-12 19:23:51,948 - cmt.websocket - INFO - connect:49 - WebSocket connected (user_id=None). Total: 5
2026-01-12 19:23:55,951 - cmt.websocket - INFO - connect:49 - WebSocket connected (user_id=None). Total: 6
2026-01-12 19:23:55,953 - cmt.websocket - INFO - websocket_devices:188 - WebSocket client disconnected normally
2026-01-12 19:23:55,954 - cmt.websocket - INFO - disconnect:62 - WebSocket disconnected. Total: 5
2026-01-12 19:23:59,953 - cmt.websocket - INFO - connect:49 - WebSocket connected (user_id=None). Total: 6
2026-01-12 19:23:59,958 - cmt.websocket - INFO - websocket_devices:188 - WebSocket client disconnected normally
2026-01-12 19:23:59,959 - cmt.websocket - INFO - disconnect:62 - WebSocket disconnected. Total: 5
2026-01-12 19:24:03,954 - cmt.websocket - INFO - connect:49 - WebSocket connected (user_id=None). Total: 6
2026-01-12 19:24:03,957 - cmt.websocket - INFO - websocket_devices:188 - WebSocket client disconnected normally
2026-01-12 19:24:03,957 - cmt.websocket - INFO - disconnect:62 - WebSocket disconnected. Total: 5
2026-01-12 19:24:07,951 - cmt.websocket - INFO - connect:49 - WebSocket connected (user_id=None). Total: 6
2026-01-12 19:24:07,954 - cmt.websocket - INFO - websocket_devices:188 - WebSocket client disconnected normally
2026-01-12 19:24:07,955 - cmt.websocket - INFO - disconnect:62 - WebSocket disconnected. Total: 5
2026-01-12 19:24:11,947 - cmt.websocket - INFO - connect:49 - WebSocket connected (user_id=None). Total: 6
2026-01-12 19:24:11,948 - cmt.websocket - INFO - websocket_devices:188 - WebSocket client disconnected normally
2026-01-12 19:24:11,949 - cmt.websocket - INFO - disconnect:62 - WebSocket disconnected. Total: 5
2026-01-12 19:24:15,952 - cmt.websocket - INFO - connect:49 - WebSocket connected (user_id=None). Total: 6
2026-01-12 19:24:15,955 - cmt.websocket - INFO - websocket_devices:188 - WebSocket client disconnected normally
2026-01-12 19:24:15,955 - cmt.websocket - INFO - disconnect:62 - WebSocket disconnected. Total: 5
2026-01-12 19:24:19,947 - cmt.websocket - INFO - connect:49 - WebSocket connected (user_id=None). Total: 6
2026-01-12 19:24:19,949 - cmt.websocket - INFO - websocket_devices:188 - WebSocket client disconnected normally
2026-01-12 19:24:19,949 - cmt.websocket - INFO - disconnect:62 - WebSocket disconnected. Total: 5
2026-01-12 19:24:23,949 - cmt.websocket - INFO - connect:49 - WebSocket connected (user_id=None). Total: 6
2026-01-12 19:24:23,952 - cmt.websocket - INFO - websocket_devices:188 - WebSocket client disconnected normally
2026-01-12 19:24:23,953 - cmt.websocket - INFO - disconnect:62 - WebSocket disconnected. Total: 5
2026-01-12 19:24:27,971 - cmt.websocket - INFO - connect:49 - WebSocket connected (user_id=None). Total: 6
2026-01-12 19:24:27,980 - cmt.websocket - INFO - websocket_devices:188 - WebSocket client disconnected normally
2026-01-12 19:24:27,980 - cmt.websocket - INFO - disconnect:62 - WebSocket disconnected. Total: 5
2026-01-12 19:24:28,967 - cmt.websocket - INFO - websocket_notifications:276 - Notification WebSocket disconnected (user_id=1)
2026-01-12 19:24:28,983 - cmt.websocket - INFO - disconnect:62 - WebSocket disconnected. Total: 4
2026-01-12 19:24:28,991 - cmt.websocket - INFO - websocket_notifications:276 - Notification WebSocket disconnected (user_id=1)
2026-01-12 19:24:28,992 - cmt.websocket - INFO - disconnect:62 - WebSocket disconnected. Total: 3
2026-01-12 19:24:29,300 - cmt.websocket - INFO - websocket_notifications:276 - Notification WebSocket disconnected (user_id=1)
2026-01-12 19:24:29,300 - cmt.websocket - INFO - disconnect:62 - WebSocket disconnected. Total: 2
2026-01-12 19:24:29,301 - cmt.websocket - INFO - websocket_notifications:276 - Notification WebSocket disconnected (user_id=1)
2026-01-12 19:24:29,301 - cmt.websocket - INFO - disconnect:62 - WebSocket disconnected. Total: 1
2026-01-12 19:24:29,301 - cmt.websocket - INFO - websocket_devices:188 - WebSocket client disconnected normally
2026-01-12 19:24:29,302 - cmt.websocket - INFO - disconnect:62 - WebSocket disconnected. Total: 0
2026-01-12 19:24:31,955 - cmt.websocket - INFO - connect:49 - WebSocket connected (user_id=1). Total: 1
2026-01-12 19:24:31,957 - cmt.websocket - INFO - websocket_notifications:276 - Notification WebSocket disconnected (user_id=1)
2026-01-12 19:24:31,958 - cmt.websocket - INFO - disconnect:62 - WebSocket disconnected. Total: 0
2026-01-12 19:24:31,985 - cmt.websocket - INFO - connect:49 - WebSocket connected (user_id=1). Total: 1
2026-01-12 19:24:32,353 - cmt.websocket - INFO - connect:49 - WebSocket connected (user_id=1). Total: 2
2026-01-12 19:24:32,364 - cmt.websocket - INFO - websocket_notifications:276 - Notification WebSocket disconnected (user_id=1)
2026-01-12 19:24:32,364 - cmt.websocket - INFO - disconnect:62 - WebSocket disconnected. Total: 1
2026-01-12 19:24:32,367 - cmt.websocket - INFO - connect:49 - WebSocket connected (user_id=1). Total: 2
2026-01-12 19:24:32,423 - cmt.websocket - INFO - connect:49 - WebSocket connected (user_id=None). Total: 3
2026-01-12 19:24:34,909 - cmt.websocket - INFO - connect:49 - WebSocket connected (user_id=1). Total: 4
2026-01-12 19:24:35,949 - cmt.websocket - INFO - connect:49 - WebSocket connected (user_id=1). Total: 5
2026-01-12 19:24:35,951 - cmt.websocket - INFO - websocket_devices:188 - WebSocket client disconnected normally
2026-01-12 19:24:35,951 - cmt.websocket - INFO - disconnect:62 - WebSocket disconnected. Total: 4
2026-01-12 19:24:35,965 - cmt.websocket - INFO - connect:49 - WebSocket connected (user_id=None). Total: 5
2026-01-12 19:24:39,958 - cmt.websocket - INFO - connect:49 - WebSocket connected (user_id=None). Total: 6
2026-01-12 19:24:39,963 - cmt.websocket - INFO - websocket_devices:188 - WebSocket client disconnected normally
2026-01-12 19:24:39,963 - cmt.websocket - INFO - disconnect:62 - WebSocket disconnected. Total: 5
2026-01-12 19:24:43,948 - cmt.websocket - INFO - connect:49 - WebSocket connected (user_id=None). Total: 6
2026-01-12 19:24:43,950 - cmt.websocket - INFO - websocket_devices:188 - WebSocket client disconnected normally
2026-01-12 19:24:43,950 - cmt.websocket - INFO - disconnect:62 - WebSocket disconnected. Total: 5
2026-01-12 19:24:47,951 - cmt.websocket - INFO - websocket_devices:188 - WebSocket client disconnected normally
2026-01-12 19:24:47,952 - cmt.websocket - INFO - disconnect:62 - WebSocket disconnected. Total: 4
2026-01-12 19:24:47,953 - cmt.websocket - INFO - connect:49 - WebSocket connected (user_id=None). Total: 5
2026-01-12 19:24:51,947 - cmt.websocket - INFO - connect:49 - WebSocket connected (user_id=None). Total: 6
2026-01-12 19:24:51,949 - cmt.websocket - INFO - websocket_devices:188 - WebSocket client disconnected normally
2026-01-12 19:24:51,949 - cmt.websocket - INFO - disconnect:62 - WebSocket disconnected. Total: 5
2026-01-12 19:24:55,955 - cmt.websocket - INFO - connect:49 - WebSocket connected (user_id=None). Total: 6
2026-01-12 19:24:55,958 - cmt.websocket - INFO - websocket_devices:188 - WebSocket client disconnected normally
2026-01-12 19:24:55,958 - cmt.websocket - INFO - disconnect:62 - WebSocket disconnected. Total: 5
2026-01-12 19:24:59,945 - cmt.websocket - INFO - websocket_devices:188 - WebSocket client disconnected normally
2026-01-12 19:24:59,945 - cmt.websocket - INFO - disconnect:62 - WebSocket disconnected. Total: 4
2026-01-12 19:24:59,947 - cmt.websocket - INFO - connect:49 - WebSocket connected (user_id=None). Total: 5
2026-01-12 19:25:03,004 - cmt.websocket - INFO - connect:49 - WebSocket connected (user_id=None). Total: 6
2026-01-12 19:25:03,007 - cmt.websocket - INFO - websocket_devices:188 - WebSocket client disconnected normally
2026-01-12 19:25:03,007 - cmt.websocket - INFO - disconnect:62 - WebSocket disconnected. Total: 5
2026-01-12 19:25:06,948 - cmt.websocket - INFO - connect:49 - WebSocket connected (user_id=None). Total: 6
2026-01-12 19:25:06,950 - cmt.websocket - INFO - websocket_devices:188 - WebSocket client disconnected normally
2026-01-12 19:25:06,950 - cmt.websocket - INFO - disconnect:62 - WebSocket disconnected. Total: 5
2026-01-12 19:25:10,945 - cmt.websocket - INFO - connect:49 - WebSocket connected (user_id=None). Total: 6
2026-01-12 19:25:10,946 - cmt.websocket - INFO - websocket_devices:188 - WebSocket client disconnected normally
2026-01-12 19:25:10,946 - cmt.websocket - INFO - disconnect:62 - WebSocket disconnected. Total: 5
2026-01-12 19:25:14,945 - cmt.websocket - INFO - websocket_devices:188 - WebSocket client disconnected normally
2026-01-12 19:25:14,945 - cmt.websocket - INFO - disconnect:62 - WebSocket disconnected. Total: 4
2026-01-12 19:25:14,946 - cmt.websocket - INFO - connect:49 - WebSocket connected (user_id=None). Total: 5
2026-01-12 19:25:19,072 - cmt.websocket - INFO - connect:49 - WebSocket connected (user_id=None). Total: 6
2026-01-12 19:25:19,077 - cmt.websocket - INFO - websocket_devices:188 - WebSocket client disconnected normally
2026-01-12 19:25:19,078 - cmt.websocket - INFO - disconnect:62 - WebSocket disconnected. Total: 5
2026-01-12 19:25:22,969 - cmt.websocket - INFO - connect:49 - WebSocket connected (user_id=None). Total: 6
2026-01-12 19:25:22,976 - cmt.websocket - INFO - websocket_devices:188 - WebSocket client disconnected normally
2026-01-12 19:25:22,977 - cmt.websocket - INFO - disconnect:62 - WebSocket disconnected. Total: 5
2026-01-12 19:25:26,949 - cmt.websocket - INFO - websocket_devices:188 - WebSocket client disconnected normally
2026-01-12 19:25:26,949 - cmt.websocket - INFO - disconnect:62 - WebSocket disconnected. Total: 4
2026-01-12 19:25:26,951 - cmt.websocket - INFO - connect:49 - WebSocket connected (user_id=None). Total: 5
2026-01-12 19:25:30,949 - cmt.websocket - INFO - connect:49 - WebSocket connected (user_id=None). Total: 6
2026-01-12 19:25:30,951 - cmt.websocket - INFO - websocket_devices:188 - WebSocket client disconnected normally
2026-01-12 19:25:30,951 - cmt.websocket - INFO - disconnect:62 - WebSocket disconnected. Total: 5
2026-01-12 19:25:34,959 - cmt.websocket - INFO - connect:49 - WebSocket connected (user_id=None). Total: 6
2026-01-12 19:25:34,965 - cmt.websocket - INFO - websocket_devices:188 - WebSocket client disconnected normally
2026-01-12 19:25:34,966 - cmt.websocket - INFO - disconnect:62 - WebSocket disconnected. Total: 5
2026-01-12 19:25:38,948 - cmt.websocket - INFO - connect:49 - WebSocket connected (user_id=None). Total: 6
2026-01-12 19:25:38,954 - cmt.websocket - INFO - websocket_devices:188 - WebSocket client disconnected normally
2026-01-12 19:25:38,954 - cmt.websocket - INFO - disconnect:62 - WebSocket disconnected. Total: 5
2026-01-12 19:25:42,958 - cmt.websocket - INFO - connect:49 - WebSocket connected (user_id=None). Total: 6
2026-01-12 19:25:42,962 - cmt.websocket - INFO - websocket_devices:188 - WebSocket client disconnected normally
2026-01-12 19:25:42,962 - cmt.websocket - INFO - disconnect:62 - WebSocket disconnected. Total: 5
2026-01-12 19:25:46,947 - cmt.websocket - INFO - connect:49 - WebSocket connected (user_id=None). Total: 6
2026-01-12 19:25:46,947 - cmt.websocket - INFO - websocket_devices:188 - WebSocket client disconnected normally
2026-01-12 19:25:46,947 - cmt.websocket - INFO - disconnect:62 - WebSocket disconnected. Total: 5
2026-01-12 19:25:50,945 - cmt.websocket - INFO - websocket_devices:188 - WebSocket client disconnected normally
2026-01-12 19:25:50,946 - cmt.websocket - INFO - disconnect:62 - WebSocket disconnected. Total: 4
2026-01-12 19:25:50,948 - cmt.websocket - INFO - connect:49 - WebSocket connected (user_id=None). Total: 5
2026-01-12 19:25:54,959 - cmt.websocket - INFO - connect:49 - WebSocket connected (user_id=None). Total: 6
2026-01-12 19:25:54,967 - cmt.websocket - INFO - websocket_devices:188 - WebSocket client disconnected normally
2026-01-12 19:25:54,968 - cmt.websocket - INFO - disconnect:62 - WebSocket disconnected. Total: 5
2026-01-12 19:25:58,947 - cmt.websocket - INFO - websocket_devices:188 - WebSocket client disconnected normally
2026-01-12 19:25:58,947 - cmt.websocket - INFO - disconnect:62 - WebSocket disconnected. Total: 4
2026-01-12 19:25:58,949 - cmt.websocket - INFO - connect:49 - WebSocket connected (user_id=None). Total: 5
2026-01-12 19:26:01,960 - cmt.websocket - INFO - connect:49 - WebSocket connected (user_id=None). Total: 6
2026-01-12 19:26:01,964 - cmt.websocket - INFO - websocket_devices:188 - WebSocket client disconnected normally
2026-01-12 19:26:01,965 - cmt.websocket - INFO - disconnect:62 - WebSocket disconnected. Total: 5
2026-01-12 19:26:05,969 - cmt.websocket - INFO - websocket_devices:188 - WebSocket client disconnected normally
2026-01-12 19:26:05,970 - cmt.websocket - INFO - disconnect:62 - WebSocket disconnected. Total: 4
2026-01-12 19:26:05,972 - cmt.websocket - INFO - connect:49 - WebSocket connected (user_id=None). Total: 5
2026-01-12 19:26:09,957 - cmt.websocket - INFO - connect:49 - WebSocket connected (user_id=None). Total: 6
2026-01-12 19:26:09,963 - cmt.websocket - INFO - websocket_devices:188 - WebSocket client disconnected normally
2026-01-12 19:26:09,964 - cmt.websocket - INFO - disconnect:62 - WebSocket disconnected. Total: 5
2026-01-12 19:26:13,948 - cmt.websocket - INFO - websocket_devices:188 - WebSocket client disconnected normally
2026-01-12 19:26:13,950 - cmt.websocket - INFO - disconnect:62 - WebSocket disconnected. Total: 4
2026-01-12 19:26:13,952 - cmt.websocket - INFO - connect:49 - WebSocket connected (user_id=None). Total: 5
2026-01-12 19:26:17,998 - cmt.websocket - INFO - connect:49 - WebSocket connected (user_id=None). Total: 6
2026-01-12 19:26:18,007 - cmt.websocket - INFO - websocket_devices:188 - WebSocket client disconnected normally
2026-01-12 19:26:18,008 - cmt.websocket - INFO - disconnect:62 - WebSocket disconnected. Total: 5
2026-01-12 19:26:21,961 - cmt.websocket - INFO - connect:49 - WebSocket connected (user_id=None). Total: 6
2026-01-12 19:26:21,969 - cmt.websocket - INFO - websocket_devices:188 - WebSocket client disconnected normally
2026-01-12 19:26:21,969 - cmt.websocket - INFO - disconnect:62 - WebSocket disconnected. Total: 5
2026-01-12 19:26:25,949 - cmt.websocket - INFO - websocket_devices:188 - WebSocket client disconnected normally
2026-01-12 19:26:25,950 - cmt.websocket - INFO - disconnect:62 - WebSocket disconnected. Total: 4
2026-01-12 19:26:25,955 - cmt.websocket - INFO - connect:49 - WebSocket connected (user_id=None). Total: 5
2026-01-12 19:26:29,946 - cmt.websocket - INFO - connect:49 - WebSocket connected (user_id=None). Total: 6
2026-01-12 19:26:29,948 - cmt.websocket - INFO - websocket_devices:188 - WebSocket client disconnected normally
2026-01-12 19:26:29,948 - cmt.websocket - INFO - disconnect:62 - WebSocket disconnected. Total: 5
2026-01-12 19:26:32,951 - cmt.websocket - INFO - connect:49 - WebSocket connected (user_id=None). Total: 6
2026-01-12 19:26:32,971 - cmt.websocket - INFO - websocket_devices:188 - WebSocket client disconnected normally
2026-01-12 19:26:32,972 - cmt.websocket - INFO - disconnect:62 - WebSocket disconnected. Total: 5
2026-01-12 19:26:36,944 - cmt.websocket - INFO - websocket_devices:188 - WebSocket client disconnected normally
2026-01-12 19:26:36,945 - cmt.websocket - INFO - disconnect:62 - WebSocket disconnected. Total: 4
2026-01-12 19:26:36,946 - cmt.websocket - INFO - connect:49 - WebSocket connected (user_id=None). Total: 5
2026-01-12 19:26:40,960 - cmt.websocket - INFO - connect:49 - WebSocket connected (user_id=None). Total: 6
2026-01-12 19:26:40,981 - cmt.websocket - INFO - websocket_devices:188 - WebSocket client disconnected normally
2026-01-12 19:26:40,982 - cmt.websocket - INFO - disconnect:62 - WebSocket disconnected. Total: 5
2026-01-12 19:26:44,946 - cmt.websocket - INFO - websocket_devices:188 - WebSocket client disconnected normally
2026-01-12 19:26:44,947 - cmt.websocket - INFO - disconnect:62 - WebSocket disconnected. Total: 4
2026-01-12 19:26:44,950 - cmt.websocket - INFO - connect:49 - WebSocket connected (user_id=None). Total: 5
2026-01-12 19:26:48,956 - cmt.websocket - INFO - connect:49 - WebSocket connected (user_id=None). Total: 6
2026-01-12 19:26:48,961 - cmt.websocket - INFO - websocket_devices:188 - WebSocket client disconnected normally
2026-01-12 19:26:48,961 - cmt.websocket - INFO - disconnect:62 - WebSocket disconnected. Total: 5
2026-01-12 19:26:52,946 - cmt.websocket - INFO - connect:49 - WebSocket connected (user_id=None). Total: 6
2026-01-12 19:26:52,948 - cmt.websocket - INFO - websocket_devices:188 - WebSocket client disconnected normally
2026-01-12 19:26:52,948 - cmt.websocket - INFO - disconnect:62 - WebSocket disconnected. Total: 5
2026-01-12 19:26:56,951 - cmt.websocket - INFO - connect:49 - WebSocket connected (user_id=None). Total: 6
2026-01-12 19:26:56,951 - cmt.websocket - INFO - websocket_devices:188 - WebSocket client disconnected normally
2026-01-12 19:26:56,951 - cmt.websocket - INFO - disconnect:62 - WebSocket disconnected. Total: 5
2026-01-12 19:27:00,947 - cmt.websocket - INFO - connect:49 - WebSocket connected (user_id=None). Total: 6
2026-01-12 19:27:00,950 - cmt.websocket - INFO - websocket_devices:188 - WebSocket client disconnected normally
2026-01-12 19:27:00,950 - cmt.websocket - INFO - disconnect:62 - WebSocket disconnected. Total: 5
2026-01-12 19:27:04,952 - cmt.websocket - INFO - websocket_devices:188 - WebSocket client disconnected normally
2026-01-12 19:27:04,953 - cmt.websocket - INFO - disconnect:62 - WebSocket disconnected. Total: 4
2026-01-12 19:27:04,956 - cmt.websocket - INFO - connect:49 - WebSocket connected (user_id=None). Total: 5
2026-01-12 19:27:08,964 - cmt.websocket - INFO - connect:49 - WebSocket connected (user_id=None). Total: 6
2026-01-12 19:27:08,969 - cmt.websocket - INFO - websocket_devices:188 - WebSocket client disconnected normally
2026-01-12 19:27:08,970 - cmt.websocket - INFO - disconnect:62 - WebSocket disconnected. Total: 5
2026-01-12 19:27:12,946 - cmt.websocket - INFO - websocket_devices:188 - WebSocket client disconnected normally
2026-01-12 19:27:12,946 - cmt.websocket - INFO - disconnect:62 - WebSocket disconnected. Total: 4
2026-01-12 19:27:12,948 - cmt.websocket - INFO - connect:49 - WebSocket connected (user_id=None). Total: 5
2026-01-12 19:27:16,944 - cmt.websocket - INFO - websocket_devices:188 - WebSocket client disconnected normally
2026-01-12 19:27:16,944 - cmt.websocket - INFO - disconnect:62 - WebSocket disconnected. Total: 4
2026-01-12 19:27:16,946 - cmt.websocket - INFO - connect:49 - WebSocket connected (user_id=None). Total: 5
2026-01-12 19:27:20,958 - cmt.websocket - INFO - connect:49 - WebSocket connected (user_id=None). Total: 6
2026-01-12 19:27:20,959 - cmt.websocket - INFO - websocket_devices:188 - WebSocket client disconnected normally
2026-01-12 19:27:20,959 - cmt.websocket - INFO - disconnect:62 - WebSocket disconnected. Total: 5
2026-01-12 19:27:24,943 - cmt.websocket - INFO - websocket_devices:188 - WebSocket client disconnected normally
2026-01-12 19:27:24,944 - cmt.websocket - INFO - disconnect:62 - WebSocket disconnected. Total: 4
2026-01-12 19:27:24,946 - cmt.websocket - INFO - connect:49 - WebSocket connected (user_id=None). Total: 5
2026-01-12 19:27:28,950 - cmt.websocket - INFO - connect:49 - WebSocket connected (user_id=None). Total: 6
2026-01-12 19:27:28,953 - cmt.websocket - INFO - websocket_devices:188 - WebSocket client disconnected normally
2026-01-12 19:27:28,953 - cmt.websocket - INFO - disconnect:62 - WebSocket disconnected. Total: 5
2026-01-12 19:27:31,948 - cmt.websocket - INFO - websocket_devices:188 - WebSocket client disconnected normally
2026-01-12 19:27:31,948 - cmt.websocket - INFO - disconnect:62 - WebSocket disconnected. Total: 4
2026-01-12 19:27:31,949 - cmt.websocket - INFO - connect:49 - WebSocket connected (user_id=None). Total: 5
2026-01-12 19:27:35,947 - cmt.websocket - INFO - connect:49 - WebSocket connected (user_id=None). Total: 6
2026-01-12 19:27:35,948 - cmt.websocket - INFO - websocket_devices:188 - WebSocket client disconnected normally
2026-01-12 19:27:35,948 - cmt.websocket - INFO - disconnect:62 - WebSocket disconnected. Total: 5
2026-01-12 19:27:39,949 - cmt.websocket - INFO - connect:49 - WebSocket connected (user_id=None). Total: 6
2026-01-12 19:27:39,952 - cmt.websocket - INFO - websocket_devices:188 - WebSocket client disconnected normally
2026-01-12 19:27:39,952 - cmt.websocket - INFO - disconnect:62 - WebSocket disconnected. Total: 5
2026-01-12 19:27:43,947 - cmt.websocket - INFO - connect:49 - WebSocket connected (user_id=None). Total: 6
2026-01-12 19:27:43,948 - cmt.websocket - INFO - websocket_devices:188 - WebSocket client disconnected normally
2026-01-12 19:27:43,949 - cmt.websocket - INFO - disconnect:62 - WebSocket disconnected. Total: 5
2026-01-12 19:27:47,959 - cmt.websocket - INFO - connect:49 - WebSocket connected (user_id=None). Total: 6
2026-01-12 19:27:47,963 - cmt.websocket - INFO - websocket_devices:188 - WebSocket client disconnected normally
2026-01-12 19:27:47,963 - cmt.websocket - INFO - disconnect:62 - WebSocket disconnected. Total: 5
2026-01-12 19:27:51,950 - cmt.websocket - INFO - connect:49 - WebSocket connected (user_id=None). Total: 6
2026-01-12 19:27:51,953 - cmt.websocket - INFO - websocket_devices:188 - WebSocket client disconnected normally
2026-01-12 19:27:51,953 - cmt.websocket - INFO - disconnect:62 - WebSocket disconnected. Total: 5
2026-01-12 19:27:55,945 - cmt.websocket - INFO - websocket_devices:188 - WebSocket client disconnected normally
2026-01-12 19:27:55,946 - cmt.websocket - INFO - disconnect:62 - WebSocket disconnected. Total: 4
2026-01-12 19:27:55,946 - cmt.websocket - INFO - connect:49 - WebSocket connected (user_id=None). Total: 5
2026-01-12 19:27:59,958 - cmt.websocket - INFO - connect:49 - WebSocket connected (user_id=None). Total: 6
2026-01-12 19:27:59,963 - cmt.websocket - INFO - websocket_devices:188 - WebSocket client disconnected normally
2026-01-12 19:27:59,963 - cmt.websocket - INFO - disconnect:62 - WebSocket disconnected. Total: 5
2026-01-12 19:28:03,952 - cmt.websocket - INFO - connect:49 - WebSocket connected (user_id=None). Total: 6
2026-01-12 19:28:03,954 - cmt.websocket - INFO - websocket_devices:188 - WebSocket client disconnected normally
2026-01-12 19:28:03,955 - cmt.websocket - INFO - disconnect:62 - WebSocket disconnected. Total: 5
2026-01-12 19:28:07,946 - cmt.websocket - INFO - websocket_devices:188 - WebSocket client disconnected normally
2026-01-12 19:28:07,946 - cmt.websocket - INFO - disconnect:62 - WebSocket disconnected. Total: 4
2026-01-12 19:28:07,947 - cmt.websocket - INFO - connect:49 - WebSocket connected (user_id=None). Total: 5
2026-01-12 19:28:11,948 - cmt.websocket - INFO - connect:49 - WebSocket connected (user_id=None). Total: 6
2026-01-12 19:28:11,949 - cmt.websocket - INFO - websocket_devices:188 - WebSocket client disconnected normally
2026-01-12 19:28:11,950 - cmt.websocket - INFO - disconnect:62 - WebSocket disconnected. Total: 5
2026-01-12 19:28:15,948 - cmt.websocket - INFO - connect:49 - WebSocket connected (user_id=None). Total: 6
2026-01-12 19:28:15,950 - cmt.websocket - INFO - websocket_devices:188 - WebSocket client disconnected normally
2026-01-12 19:28:15,951 - cmt.websocket - INFO - disconnect:62 - WebSocket disconnected. Total: 5
2026-01-12 19:28:19,952 - cmt.websocket - INFO - connect:49 - WebSocket connected (user_id=None). Total: 6
2026-01-12 19:28:19,957 - cmt.websocket - INFO - websocket_devices:188 - WebSocket client disconnected normally
2026-01-12 19:28:19,957 - cmt.websocket - INFO - disconnect:62 - WebSocket disconnected. Total: 5
2026-01-12 19:28:23,949 - cmt.websocket - INFO - connect:49 - WebSocket connected (user_id=None). Total: 6
2026-01-12 19:28:23,951 - cmt.websocket - INFO - websocket_devices:188 - WebSocket client disconnected normally
2026-01-12 19:28:23,952 - cmt.websocket - INFO - disconnect:62 - WebSocket disconnected. Total: 5
2026-01-12 19:28:27,951 - cmt.websocket - INFO - connect:49 - WebSocket connected (user_id=None). Total: 6
2026-01-12 19:28:27,951 - cmt.websocket - INFO - websocket_devices:188 - WebSocket client disconnected normally
2026-01-12 19:28:27,952 - cmt.websocket - INFO - disconnect:62 - WebSocket disconnected. Total: 5
2026-01-12 19:28:31,944 - cmt.websocket - INFO - websocket_devices:188 - WebSocket client disconnected normally
2026-01-12 19:28:31,944 - cmt.websocket - INFO - disconnect:62 - WebSocket disconnected. Total: 4
2026-01-12 19:28:31,945 - cmt.websocket - INFO - connect:49 - WebSocket connected (user_id=None). Total: 5
2026-01-12 19:28:35,946 - cmt.websocket - INFO - connect:49 - WebSocket connected (user_id=None). Total: 6
2026-01-12 19:28:35,948 - cmt.websocket - INFO - websocket_devices:188 - WebSocket client disconnected normally
2026-01-12 19:28:35,948 - cmt.websocket - INFO - disconnect:62 - WebSocket disconnected. Total: 5
2026-01-12 19:28:39,945 - cmt.websocket - INFO - connect:49 - WebSocket connected (user_id=None). Total: 6
2026-01-12 19:28:39,946 - cmt.websocket - INFO - websocket_devices:188 - WebSocket client disconnected normally
2026-01-12 19:28:39,946 - cmt.websocket - INFO - disconnect:62 - WebSocket disconnected. Total: 5
2026-01-12 19:28:43,944 - cmt.websocket - INFO - websocket_devices:188 - WebSocket client disconnected normally
2026-01-12 19:28:43,945 - cmt.websocket - INFO - disconnect:62 - WebSocket disconnected. Total: 4
2026-01-12 19:28:43,946 - cmt.websocket - INFO - connect:49 - WebSocket connected (user_id=None). Total: 5
2026-01-12 19:28:47,945 - cmt.websocket - INFO - websocket_devices:188 - WebSocket client disconnected normally
2026-01-12 19:28:47,946 - cmt.websocket - INFO - disconnect:62 - WebSocket disconnected. Total: 4
2026-01-12 19:28:47,947 - cmt.websocket - INFO - connect:49 - WebSocket connected (user_id=None). Total: 5
